:020000040801F1
:10000000F04D0120A10101083572010811650108B8
:1000100031720108FD0E01087BB8010800000000E4
:10002000000000000000000000000000A7AF010871
:10003000D93F010800000000217B01087DB40108C0
:10004000BB010108BB010108BB010108BB0101089C
:10005000BB010108BB010108BB010108BB0101088C
:10006000BB01010899460108BB010108BB01010859
:10007000BB010108BB010108BB010108BB0101086C
:10008000BB010108BB010108BB010108BB0101085C
:1000900041200108BB010108BB010108BB010108A7
:1000A000BB010108BB010108BB010108BB0101083C
:1000B000BB010108BB010108BB010108BB0101082C
:1000C000BB010108BB010108BB010108BB0101081C
:1000D000BB010108E9B50108BB01010899B6010897
:1000E000BB010108BB010108BB010108BB010108FC
:1000F000BB010108BB010108BB010108BB010108EC
:10010000BB01010865940108BB010108BB0101089E
:10011000BB010108BB010108BB010108BB010108CB
:10012000BB010108BB010108BB010108853D0108B5
:10013000BB010108D5450108BB010108BB0101084D
:10014000BB010108BB010108BB010108BB0101089B
:10015000BB010108BB010108BB010108BB0101088B
:10016000BB010108BB010108BB010108BB0101087B
:10017000BB010108BB010108BB010108BB0101086B
:10018000BB010108BB010108DFF810D000F092FEAE
:1001900000480047C16D0208AFF30080F04D012018
:1001A0000648804706480047FEE7FEE7FEE7FEE711
:1001B000FEE7FEE7FEE7FEE7FEE7FEE781B50108A2
:1001C000890101082DE9F05F0546002092469B4613
:1001D00088460646814640241BE02846414647465D
:1001E000224600F01CFB53465A46C01A914110D3D8
:1001F00011461846224600F003FB2D1A67EB010852
:100200004F4622460120002100F0FAFA17EB0009C0
:100210004E41201EA4F10104DFDC484631462A4647
:100220004346BDE8F09F40EA01039B0703D009E085
:1002300008C9121F08C0042AFAD203E011F8013BD2
:1002400000F8013B521EF9D27047D2B201E000F82B
:10025000012B491EFBD270470022F6E710B513466A
:100260000A4604461946FFF7F0FF204610BD421E1D
:1002700012F8013F002BFBD111F8013B02F8013BC2
:10028000002BF9D1704730B505462A460B4612F8C7
:10029000010B13F8014B08B1A042F8D01CB10028A3
:1002A00002D06D1CF1E7284630BDCAB2401E10F8DE
:1002B000011F8A4202D00029F9D100207047421C58
:1002C00010F8011B0029FBD1801A7047034611F872
:1002D000012B00F8012B002AF9D1184670470000C5
:1002E00070B50F4D00B92868002412E00A4602E0FC
:1002F0009E4203D0521C1378002BF9D1DAB222436C
:1003000005D02BB124B1002100F8011B04E0044604
:10031000401C0678002EE9D12860204670BD000000
:100320002C0F002070B506460BF056FB04680546FE
:100330000A220021304600F0C1FC2C6070BD2DE97E
:10034000FE4F804681EA0300C00F0C46009021F06A
:10035000004123F00045B8EB0200A94105D2404618
:10036000214690461C460B46024623F000401043AF
:1003700047D0270DC7F30A00C3F30A510290401A71
:10038000019040286BDAC3F3130040F4801B0098FF
:10039000924620B10023D2EB030A63EB0B0B0198CA
:1003A0005946C0F14002504600F02AFA06460D4672
:1003B00050465946019A00F042FA10EB080061419C
:1003C000002487EA115284EAE7731A4340D0009A66
:1003D00062B3019A012A4FEA075215DC001B61EB58
:1003E00002014FF0004202EA0752CDE90042001C30
:1003F00041F5801132462B4600F0DEFC03B0BDE82B
:10040000F08F40462146F9E7001B61EB0201001C1A
:1004100041F5801300185B412018A2F5001747EB47
:10042000030140EAD570B6196D4111E06D084FEA3D
:10043000360645EAC0754FEA0752001B61EB020120
:10044000001C41F5801149084FEA30000019514164
:1004500032462B4603B0BDE8F04F00F09EBC00983A
:10046000012240000023D0EB020263EBE07300980E
:1004700021464FEAE074B8EB000061EB0401E9E7C4
:1004800083F000435BE781F0004158E72DE9FE4F20
:1004900081EA030404F0004421F0004100944FF08D
:1004A000000B23F0004350EA01045ED052EA03043B
:1004B0005BD0C3F30A54C1F30A552C44A4F2F334BD
:1004C0000194A0FB0254C1F3130141F48011C3F362
:1004D000130343F4801301FB024400FB034E840A20
:1004E000970A44EA815447EA8357A4FB07680295B8
:1004F0008D0A05FB07854FEA932C04FB0C54270556
:10050000029D4FEA065847EA1637B5EB08056EEB31
:10051000070C870E920E47EA811742EA8312A7FB67
:100520000201B6EB0B0164EB00042B0D43EA0C3324
:100530005E1844EB1C50DA465146E7FB0201C5F356
:1005400013044FEA0B3343EA14534FEA0432019C7D
:1005500043EA0603A4F10C040294009CCDE900B424
:1005600000F02AFC03B0BDE8F08F00200146F9E757
:100570002DE9F04D81EA030404F0004B21F0004521
:1005800014464FF0000A23F0004150EA050220D043
:1005900054EA01021DD0C5F30A570246C5F31303FE
:1005A000C1F31300C1F30A5640F4801543F48013DD
:1005B000A7EB0608101BD64608F2FD3873EB0500C2
:1005C00002D308F1010801E092185B41B8F1000F75
:1005D00003DA00200146BDE8F08D00204FF48011C1
:1005E000064684460EE0171B73EB050705D3121B66
:1005F00063EB050306434CEA010C49084FEA30005F
:1006000092185B4150EA0107EDD152EA030012D083
:1006100082EA040083EA0501084305D0101BAB41C0
:1006200006D20122002306E000224FF0004302E040
:100630006FF0010253101AEB06004CEB085110EB5F
:100640000A0041EB0B01BDE8F04D00F0A6BB30B451
:10065000044696230800214604D0B62330BC00226D
:1006600000F06DBB20460021F8E70EB5C10F80EA0F
:10067000E0700844CA07002140F233438DE80E00C1
:100680000A460B4600F098FB03B000BD0EB540F2E1
:10069000334102910021CDE900110A460B4600F0DA
:1006A0008BFB03B000BD70B5C1F30A5201F00045E9
:1006B0000024C1F3130140F2FF3341F480119A4248
:1006C00001DA002070BD40F233439A42A2F2334275
:1006D00003DC524200F0A3F800E090402C43F1D03C
:1006E000404270BDC1F30A5210B5C1F3130140F28C
:1006F000FF3341F480119A4201DA002010BD40F22C
:1007000033439A42A2F2334203DC524200F087F8AC
:1007100010BD904010BD00F0004230F000400AD003
:10072000C10D01F56071C0F3160042EA0151C20823
:1007300040071143704700200146704730B5041E42
:1007400071F1000404DB4FF00044404264EB01010E
:10075000141E73F1000405DB1C464FF000435242A7
:1007600063EB04038B4208BF824230BD30B5041EE8
:1007700071F1000404DB4FF00044404264EB0101DE
:10078000141E73F1000405DB1C464FF00043524277
:1007900063EB0403994208BF904230BD01F000436F
:1007A00030B421F0004150EA010206D00A0DA2F552
:1007B0006072C1F31301002A02DC30BC00207047D4
:1007C000440F44EAC104C100E01830BC00EBC25041
:1007D00000F0ACBA30B50B460146002020220124BF
:1007E00009E021FA02F59D4205D303FA02F5491BFF
:1007F00004FA02F52844151EA2F10102F1DC30BD15
:10080000202A04DB203A00FA02F1002070479140D0
:10081000C2F1200320FA03F3194390407047202AC5
:1008200004DB203A21FA02F00021704721FA02F39A
:10083000D040C2F120029140084319467047202A57
:1008400006DBCB17203A41FA02F043EAE07306E0F8
:1008500041FA02F3D040C2F1200291400843194608
:1008600070473A2800D2303820F02002412A01D3C4
:10087000A2F13700884201D34FF0FF3070470000EB
:100880002DE9FF4F087883B09946FF2805D0491C11
:100890002D2804D00024002008E000200BE00124D3
:1008A000F9E700EB800003EB4000491C0B78FF2BBD
:1008B000F7D104B1404200230293147819461D4633
:1008C0002D2C01D02B2C04D1521C2D2C13D0002404
:1008D0000294AA461478FF2C0FD00A25A3FB0578B2
:1008E00001FB05814FF0000C03FB0C11521CE319B6
:1008F0004AEB0101EEE70124EAE7814453EA0100F3
:1009000002D019F5C87F06DA03980021C0E900116A
:1009100007B0BDE8F08F0025AE4E2F46DFF8B88255
:10092000184600F03CFCCDE90001B9F1000002DA04
:10093000C9F1000400E004460023A74A1AEB030BA8
:1009400042EB045A12E0E00707D02A463346384605
:100950004146FFF79BFD074688462A463346104628
:100960001946FFF793FD05460E466410002CEAD1A8
:10097000DDE90001B9F1000F5A46534606DAFFF7E8
:10098000F7FD3A464346FFF7F3FD05E0FFF77EFD2E
:100990003A464346FFF77AFD029A0AB181F00041D8
:1009A000039AC2E90001B3E72DE9FF4F1F468DB05E
:1009B000D7E901464FF0FF382E2045464FF0000999
:1009C0000B90B9696D1C0E988847396A8246884732
:1009D0000028F6D1BAF1FF3F0AD024F4D064002EEB
:1009E00011DDBAF12B0F08D0BAF12D0F0BD102E0B7
:1009F000404611B08DE744F48064B9696D1C0E98CF
:100A000088478246761E6946600501D52D2000E0A4
:100A10002B208DF8000001F1010B0DF1200809E0F9
:100A2000B9696D1C0E98884782460F9844F400748B
:100A3000761E0560002E02DDBAF1300FF0D00B9962
:100A40008A453ED144F0800406E00F99681CA9F164
:100A5000010944F400740860B9696D1C761E0E9893
:100A6000884782463028F0D02BE00B998A4505D183
:100A7000200603D444F08004761E18E050460CF0A3
:100A8000C9FA08B30DF11301761E44F400748B45C6
:100A900008D2AAF130000BF8010B200607D5A9F106
:100AA000010003E0200602D409F101008146A005FF
:100AB00002D50F99681C0860B9696D1C0E988847AB
:100AC0008246002ED1DC53E0002E51DDBAF1650FD5
:100AD00002D0BAF1450F4BD1A00549D5B9696D1CBB
:100AE00024F44074761E0E9888478246002E0CDD52
:100AF0002B2804D0BAF12D0F07D144F48074B969C2
:100B00006D1C0E9888478246761EE00501D52D2182
:100B100000E02B2108F8011BCDF82C8021E00DF11D
:100B20002901761E44F4007488450CD2AAF13000E5
:100B300010F0FF0088F8000002D10B99884509D910
:100B400008F1010806E0E00501D5244801E042F281
:100B50000F708146B9696D1C0E98884782460F98C0
:100B60000560002E04DD50460CF054FA0028D6D162
:100B7000F9690E988847FF208BF8000088F800007C
:100B80000020069007904B466A4608A906A8FFF782
:100B900077FEA00502D46FF001002AE714F0240FBD
:100BA0000AD0E00714D1DDE906123868031D3B6066
:100BB0000068C0E900120BE0DDE90601FFF7EEFD79
:100BC0000146E00704D13868021D3A600068016000
:100BD00028460EE7000014400000F03FF1D8FFFF68
:100BE000426842B1016811F8013B23B1521EC0E9CD
:100BF0000012184670470121C160881E7047426884
:100C00005AB1C368016843B983688B4205D0491E55
:100C1000521CC0E90012002070474FF0FF307047AF
:100C20000FB4002300B589B00CA900910B996FF0A7
:100C30000042CB601E4B06931E4B07930423CDE965
:100C400001321D4A089202466B460020FFF7ACFEB7
:100C500009B05DF814FB70B586B006464FF0FF3062
:100C60000091CDE90101002015460C460490324662
:100C7000694604A8FFF7D4FF02460498211825B15D
:100C800008B1084600E020462860049800280DD0EE
:100C9000002A02DD0098884208D0081B0094CDE9A4
:100CA00001043246694604A8FFF7BAFF06B070BDDA
:100CB000E10B0108FF0B0108E10E01082DE9F047E7
:100CC00091460F4680460446002614F8015B2DB17C
:100CD00000F002F90068405DC007F6D12B2D02D06C
:100CE0002D2D18D0641E4A463946204600F008FAD9
:100CF00027B13968A14201D1C7F8008071054FF0D2
:100D000002040BD54042002803DD0AF065FE0460B2
:100D1000A007BDE8F08746F48066E4E70028F8DA2B
:100D20000AF05AFE04606FF00040F2E70029A8BF05
:100D30007047401C490008BF20F00100704710B404
:100D4000B0FA80FC00FA0CF050EA010404BF10BCB9
:100D5000704749B1CCF1200421FA04F411FA0CF1E6
:100D600018BF012121430843A3EB0C01CB1D4FEA1F
:100D700000614FEA102042BF002010BC704700EB1A
:100D8000C35010440029A4BF10BC7047401C490048
:100D900008BF20F0010010BC704710B5141E73F19D
:100DA000000408DA401C41F1000192185B411A432B
:100DB00001D120F0010010BD2DE9F04D92469B4677
:100DC00011B1B1FA81F202E0B0FA80F2203290461D
:100DD000FFF716FD04460F4640EA0A0041EA0B0100
:100DE00053465A46084313D0114653EA010019D01E
:100DF000C8F140025046FFF712FD05460E46504628
:100E000059464246FFF7FCFC084305D0012004E0A8
:100E100020463946BDE8F08D0020054346EAE076DD
:100E20002C4337430A986305E40AA0EB080000222C
:100E3000FD0A44EA47540A3002D500200146E9E79A
:100E4000010510196941DDE9084500196941BDE84E
:100E5000F04DA2E770B521F0004303430CD0C1F37D
:100E60000A550024D5EB040564EB0403D617AD1A2C
:100E7000B34102DB0020014670BD201841EB025156
:100E800070BDC1F30A52C1F3130140F2FF3341F4C4
:100E900080119A4202DA00200146704740F2334343
:100EA0009A42A2F2334202DC5242FFF7B8BCFFF78B
:100EB000A7BC0000064C074D06E0E06840F00103C7
:100EC00094E8070098471034AC42F6D3FFF760F976
:100ED000F43E0308143F03080048704784340308B5
:100EE00010B50446FFF7F8FF0068005D00F0010050
:100EF00010BD0146C86C80B27047704700BFFEE766
:100F00004831305F384C414E455F6D61696E2B3121
:100F10002E342E302B53657020323520323032354E
:100F20002B31333A35393A30332B00002DE9F04D6F
:100F300000231A461B1A8A4103DB00200146BDE844
:100F4000F08DC1F30A52C1F3130141F480154FF043
:100F5000000BD10702D100186D41521E0027044634
:100F600040F2FF11384601EB620A3E4680460246D7
:100F700000204FF48011FFF752FCC2197141BB18D9
:100F800046EB0100B4EB030C75EB000C04D3E41A40
:100F900065EB000517460E46241908F101006D4166
:100FA00080463428E3DDF91946EB0600091BA84109
:100FB00003D24FF0FF32134601E0002213461BEB31
:100FC000070046EB0A51BDE8F04DFFF7E6BE000012
:100FD0002DE9F041054621F000400C46284309D098
:100FE000C4F30A5040F23341884205DD28462146C9
:100FF000BDE8F0812846FBE740F2FE31884210DC74
:101000000CDB4FEA043040EA155050EA053105D0B8
:10101000104804F0004101430020E9E700200146A8
:10102000E6E7A0F233404642C6F140022846214698
:10103000FFF7E6FB07468846284621463246FFF77B
:10104000EEFB43463A46FFF7A8FE3246BDE8F041C4
:10105000FFF7D6BB0000F03F2DE9F047C1F30A547B
:1010600001F0004805460027C1F3130140F2FF30AC
:1010700041F4801684421ADAB4F57F7F00DC841EC6
:10108000A4F213446242924628463146FFF7C7FB5A
:1010900004465246FFF7B4FB45404E40354301D06D
:1010A000012000E0002044EA000100201BE040F2A3
:1010B000334084421ADCA4F2F33228463146FFF76B
:1010C0009FFB0A4678405140084301D0012000E0D0
:1010D000002040EA020AA4F2334462422846314624
:1010E000FFF79DFB5146FFF721FE03E0A4F23344D6
:1010F00005FA04F057EA080700D04042BDE8F0873F
:101100002DE9F05F82460078002715468B460AF1EC
:101110000104B946302801D09DB113E014F8010B49
:101120000127782803D0582801D045B10AE00DB135
:10113000102D07D10027102514F8010B02E0082517
:1011400000E00A250026B0460EE005FB080005FB7E
:1011500006F1012701EB10461FFA80F8B6F5803F33
:1011600000D3B94614F8010B2946FFF77AFB002893
:10117000EBDABBF1000F05D00FB1641E00E054465E
:10118000CBF80040B9F1000F06D00AF025FC02218F
:101190000160C81EBDE8F09F48EA0640FAE70EB5B8
:1011A00040F2334202920022CDE900221346FFF7BB
:1011B00003FE03B000BD70B58C1810F8015B15F08C
:1011C000070301D110F8013B2A1106D110F8012BB9
:1011D00003E010F8016B01F8016B5B1EF9D12B07DE
:1011E00005D40023521E0DD401F8013BFAE710F894
:1011F000013BCB1A921C03E013F8015B01F8015B81
:10120000521EF9D5A142D8D3002070BD21B1826809
:1012100042F00102826003E0826822F001028260F3
:10122000704700000021084A1168084A1140D0E9BF
:1012300000231A4383681A43C3681A431143044ABC
:10124000C2F804137047000004230140E030FCFFA3
:1012500000200140F0B585B00646F1B20723012217
:10126000144800F05DF800240FE0124800F0B4F8D4
:1012700000BF02210F4800F01FF80028F9D00D48E8
:10128000FFF737FE2DF81400641C0A2CEDD30A2159
:1012900068460CF097FC0025032403E03DF8140099
:1012A0000544641C072CF9D3C5F38F07384605B0F5
:1012B000F0BD0000002001400246002013680B40F2
:1012C0000BB1012000E000207047000030B502465D
:1012D000002000235068104C20400D790C6844EA2F
:1012E00005242043506090680C4C2040D1E9035401
:1012F0002C438D682C434D7944EA4504204390608B
:10130000D06A20F470000C7D641EE4B2234340EAEE
:101310000350D06230BD0000FFFEFFFCFDF7FFC0B0
:10132000F0B504460D4600200021092D11DDE068CE
:10133000A5F10A0606EB4607072606FA07F18843D9
:10134000A5F10A0606EB460603FA06F10843E0603B
:101350000CE0206905EB4507072606FA07F18843EC
:1013600005EB450603FA06F108432061072A0FDA68
:10137000606B561E06EB86071F2606FA07F18843A8
:10138000561E06EB860605FA06F10843606322E066
:101390000D2A0FDA206BD61F06EB86071F2606FAEA
:1013A00007F18843D61F06EB860605FA06F10843C7
:1013B000206310E0E06AA2F10D0606EB86071F2607
:1013C00006FA07F18843A2F10D0606EB860605FA38
:1013D00006F10843E062F0BD816841F08041816020
:1013E0007047000038B10849096841F40001074A14
:1013F000C2F8041306E00449096821F40001034A15
:10140000C2F804137047000004230140002001408B
:1014100038B50024631E5A221146F02007F004F963
:10142000631E5A221146F12007F0FEF8631E0022C7
:101430005A21FF2007F0F8F86A460121D52007F06D
:1014400031F99DF8000000F0030085490870084656
:10145000017884A005F08EFE8148007885490978DE
:10146000401A01282AD07E480078824A1278811AD0
:1014700081A005F07FFE7A4800787E4A1278811AB2
:101480007DA00AF05BFA631EA5221146F02007F04A
:10149000CBF8631EA5221146F12007F0C5F870486D
:1014A000007874490978421A73A176480AF056FA0E
:1014B00074497548FEF7DBFE601E38BD6848007849
:1014C0006C4A1278811A71A005F054FE64480078C5
:1014D000684A1278811A6DA00AF030FA60480078E4
:1014E00064490978421A69A166480AF037FA6549E1
:1014F0006548FEF7BCFE6A460221D42007F0D2F808
:101500009DF8000018B99DF8010000281ED062A0C7
:1015100005F030FE60A00AF011FA4FF0FF33A5226B
:101520001146F02007F080F84FF0FF33A522114656
:10153000F12007F079F85EA152480AF00FFA5149FC
:101540005148FEF794FE4FF0FF30B6E76A4601219E
:101550000F2007F0A7F8002000281ED04EA005F0AD
:1015600009FE4DA00AF0EAF94FF0FF33A52211461B
:10157000F02007F059F84FF0FF33A5221146F12073
:1015800007F052F84AA13F480AF0E8F93D493E48C1
:10159000FEF76DFE4FF0FF308FE76A4601210A200B
:1015A00007F080F89DF800009C281ED046A005F0AA
:1015B000E1FD45A00AF0C2F94FF0FF33A522114624
:1015C000F02007F031F84FF0FF33A5221146F1204B
:1015D00007F02AF83CA12B480AF0C0F929492A480B
:1015E000FEF745FE4FF0FF3067E73D4800780728DB
:1015F00007D13C480078322803D13B480078562870
:101600001ED03AA005F0B6FD38A00AF097F94FF0C9
:10161000FF33A5221146F02007F006F84FF0FF3304
:10162000A5221146F12006F0FFFF30A115480AF06F
:1016300095F914491448FEF71AFE4FF0FF303CE7C5
:101640004FF0FF33A5221146F02006F0EDFF4FF0DA
:10165000FF33A5221146F12006F0E6FF00BF2CE77C
:10166000210000204F54505F74696D65733D2564FF
:101670000D0A0000220000204F5450204E47202524
:10168000640D0A00F81C0020F81400204F5450206C
:101690004F4B2025640D0A004F5450204E472C20FC
:1016A00072654F545020706C656173650D0A0000BF
:1016B0004F5450204E472C2072654F545020706C70
:1016C0006561736500000000506C65617365207290
:1016D000652D6C696768742069740D0A000000004C
:1016E0002300002024000020250000204943204939
:1016F0004420636865636B204E4721210D0A00007A
:101700001CB50121102007F039F84FF4604000901B
:1017100001208DF8040000208DF8060001208DF8CE
:10172000070003208DF805006946064803F0ACFA6F
:101730000020054908600549C1F8B802024908318E
:1017400008601CBD00100240B40242420000424248
:1017500030B505460C46B4F5806F01DB40F2FF342E
:10176000294664F31F11084600F010F801200549CE
:1017700008600A20FFF7C1FB00200349C1F8BC0242
:1017800030BD0000BC0242420000424200B50146AA
:1017900000221AE001F0010018B101200C4B186082
:1017A00002E000200A4B18600A20FFF7A6FB012088
:1017B000074B1B1D18600A20FFF79FFB0020054BFD
:1017C000C3F8B8024908501CC2B20E2AE2DB00BDC1
:1017D000B4024242000042423EB50B208DF80300A5
:1017E00000208DF804008DF800008DF80100012024
:1017F0008DF8050000208DF8020007480290684629
:1018000000F028FB04461C2C02DB4FF0FF303EBDED
:1018100000F04EF80020FAE7E118010870B586B034
:1018200006460C46029820F07C7000F530000290CD
:10183000029820F460200290029820F4FC3000F519
:1018400000600290029820F4E0600290029820F07C
:10185000FF00029027E0082C0EDD08208DF80E0016
:10186000002505E031780DF10F004155761C6D1C07
:10187000082DF7D3083C0DE0E0B28DF80E000025EE
:1018800005E031780DF10F004155761C6D1CA54225
:10189000F7D3002401A800F0E9FA042803DB4FF095
:1018A000FF3006B070BD002CD5D10020F9E7000054
:1018B000084809490861BB204870EE2088704FF441
:1018C0008060486000200870888148618860034813
:1018D0008861704724E3002000E30020A986020805
:1018E00070B505462E46002406E006F10B00015DAA
:1018F000034882699047641CB07AA042F5D870BD55
:1019000000E300202DE9F041064634462779082FF0
:101910000AD1A07AA188C1F302211C4B53F82120DF
:1019200004F10B0190472EE0A088C0F30220C0EB29
:10193000C000174901EB4000478094F80A80A08856
:10194000C0F30220C0EBC00001EB400080F804802F
:1019500000250DE004F10B00415DA088C0F30220DA
:10196000C0EBC0000A4A02EB4000401D41556D1C0F
:101970004545EFD30120A188C1F30221C1EBC1018C
:10198000034A02F81100BDE8F081000090EB00204E
:10199000A4EB002070B586B0044601250026052C76
:1019A00002DB002006B070BD029820F07C7000F5CC
:1019B000C0000290029864F353400290029820F411
:1019C000FC3000F500600290029820F4E060029084
:1019D000029820F0FF00801D029000208DF80E007C
:1019E00001A800F043FA022801DD0120DAE705F042
:1019F00019FC06461EE0C4EBC400124911F81000A1
:101A0000012817D1C4EBC40001EB40004088062830
:101A100010D1C4EBC40001EB40004079012801D192
:101A2000022500E000250020C4EBC401054A02F8AD
:101A3000110004E0304604F061F93228DBD300BF26
:101A4000E8B2AFE7A4EB002070B586B004460025ED
:101A50000026052C02DB002006B070BD029820F0A5
:101A60007C7000F5C0000290029864F3534002902D
:101A7000029820F4FC3000F500600290029820F4F7
:101A8000E0600290029820F0FF00401C02900020CD
:101A90008DF80E008DF80F0001A800F0E7F902287C
:101AA00001DD0120D8E745F0020505F0BBFB064645
:101AB0005BE0C4EBC400314911F81000012854D197
:101AC000C4EBC40001EB4000408800284DD1002544
:101AD000C4EBC40001EB40000079062801D045F0BA
:101AE0000405C4EBC400254901EB400040790128FE
:101AF00001D045F00805C4EBC400204901EB4000CB
:101B00008079012801D045F04005C4EBC4001B4991
:101B100001EB4000C07908B145F08005C4EBC4007A
:101B2000164901EB4000007A1549095D884201D051
:101B300045F48075C4EBC400104901EB4000407AC5
:101B4000062801D045F01005C4EBC4000B4901EB99
:101B50004000807AA04201D045F020050020C4EB6F
:101B6000C401064A02F8110004E0304604F0C6F849
:101B700032289ED300BF28466EE70000A4EB002069
:101B8000800E00202DE9F04180460F4615462C4678
:101B90003E4619E0802C0CDD3146802000F03EF8F6
:101BA000012803DA4FF0FF30BDE8F081803C803639
:101BB0000AE0A0B2314600F031F8012802DA4FF015
:101BC000FF30F1E7241B2644002CE3DC2846EBE73A
:101BD0001CB50548022104230022CDE9001005218F
:101BE000012000F025F81CBDED1B010870B504466E
:101BF0000D460948806828B1074922468868294669
:101C000015F034FE0448C06828B10349086822462C
:101C1000CB682946984770BD0823002070B504465C
:101C20000D462A462146012000F0A8F870BD0000AC
:101C30002DE9FE4F04460D4617469846DDE90C9AFD
:101C4000052C02DB0120BDE8FE8F082D01DC022DF2
:101C500001DA0120F7E71B4840F824A01A4805558F
:101C60001A4807551A4800F804801A4800F80490EA
:101C70000020194941F8240006208DF803008DF852
:101C8000044001208DF8050000208DF80200134863
:101C90000290684600F0DEF806461C2E01DB0120AB
:101CA000D1E7204600F01CF808B10120CBE7322034
:101CB00002F098F92046FFF7C7FE08B10120C2E7FD
:101CC0000020C0E790EB0020800E0020850E002051
:101CD0008A0E00208F0E0020ECEB00200519010871
:101CE00010B586B00446029820F07C7000F5C00064
:101CF0000290029864F353400290029820F4FC3062
:101D000000F500600290029820F4E06002900298D2
:101D100020F0FF00029008208DF80E0001208DF8C1
:101D20000F0001218DF8101000218DF811100F48BF
:101D3000015D8DF812100E48015D8DF815100D48EB
:101D4000015D8DF816109DF816000B49095D40EAFB
:101D50000110C1B28DF8161001A800F087F8022812
:101D600002DD012006B010BD0020FBE7800E002040
:101D7000850E00208A0E00208F0E00202DE9F041F4
:101D800086B005460E461746029820F07C7000F596
:101D9000C0000290029865F353400290029820F42C
:101DA000FC3000F500600290029820F4E0600290A0
:101DB000029820F0FF000830029044E0082E10DD69
:101DC00008208DF80E00002405E039780DF10F0091
:101DD00001557F1C641C082CF7D3A6F1080086B2BD
:101DE0000DE0F0B28DF80E00002405E039780DF119
:101DF0000F0001557F1C641CB442F7D30026144821
:101E000050F82500FF280ED90020114941F825007F
:101E10004FF0020803E02846FFF7BCFD8046B8F10A
:101E2000020FF8D000BF01A800F020F8042803DB5F
:101E3000012006B0BDE8F081054850F82500204497
:101E4000034941F82500002EB8D10020F1E7000039
:101E5000ECEB002010B504462146012000F01AF9F1
:101E600010BD10B5012000F097FA10BD10B5044662
:101E70002146012000F010FB10BD000010B5044603
:101E80000020034908602146024801F025FA10BDF0
:101E9000940E00202431012010B514210448FEF7CF
:101EA000DBF9044802490861FFF792FE004810BDC3
:101EB00008230020851B010810B512480068A8B946
:101EC00011480078012803D1104800F0D1FE10BD60
:101ED0000D480078022803D10C4801F077F8F6E7A6
:101EE0000948007803280AD10020F0E70548006877
:101EF000806820B10349096888688047E7E74FF0A8
:101F0000FF30E4E7940E0020980E002024310120D9
:101F1000F8B505460E4617461C461C48006818BB17
:101F20001B480078012807D13B463246294619480C
:101F3000009400F0E1FEF8BD15480078022807D1B2
:101F40003B46324629461348009401F083F8F2E7F5
:101F50000F480078032815D13B46324629460D48E4
:101F6000009401F0D1F9E6E708480068C06848B17C
:101F70000648006823463A463146D0F80CC0284649
:101F8000E047D8E74FF0FF30D5E70000940E00207F
:101F9000980E00202431012070B504460D461348E8
:101FA0000068A8B912480078012801D1002070BD4E
:101FB0000F480078022801D10020F8E70C4800788B
:101FC000032810D12A4621460A4801F0FDF9EEE720
:101FD00006480068406A30B1044800682946426AF1
:101FE00020469047E3E74FF0FF30E0E7940E0020F3
:101FF000980E00202431012070B504460D460220C1
:102000000C4908700C48006828B92A4621460B483C
:1020100001F0DAF870BD08480068006830B1064881
:1020200000682946026820469047F3E74FF0FF30EA
:10203000F0E70000980E0020940E002024310120CB
:1020400000B585B06A460021104800F07CFB9DF881
:10205000130000EB40000E4901EB8000807801285E
:1020600008D09DF8130000EB400001EB80004079A0
:10207000012809D19DF8130000EB4000044A02EB4F
:10208000800081686846884705B000BD0064004054
:10209000B0E100207FB506460C46A07820B96079F3
:1020A00010B9FD2004B070BDA07801283CD1607942
:1020B000012839D1002534E005EB4500B44901EB96
:1020C0008000807801282AD105EB450001EB8000D3
:1020D0004079012823D105EB450011F82000217833
:1020E00088421CD105EB4500A94901EB80004078EE
:1020F0006178884213D105EB4500A54901EB8000CA
:10210000C078E17888420AD105EB4500A04901EB8F
:10211000800000792179884201D1FE20C2E7681C45
:10212000C5B21C2DC8DB57E0A078012828D1607902
:1021300030BB002521E005EB4500954901EB80000F
:102140008078012817D105EB450001EB800040792C
:1021500088B905EB450011F82000217888420AD1A2
:1021600005EB45008A4901EB8000407861788842A0
:1021700001D1FE2096E7681CC5B21C2DDBDB2BE0ED
:10218000A07848BB6079012826D1002522E005EB24
:1021900045007F4901EB80008078C8B905EB450018
:1021A00001EB80004079012812D105EB450001EBDD
:1021B0008000C078E17888420AD105EB4500744977
:1021C00001EB800000792179884201D1FE2069E786
:1021D000681CC5B21C2DDADB00250FE005EB4500BD
:1021E0006B4901EB8000807830B905EB450001EBCD
:1021F0008000407900B903E0681CC5B21C2DEDDBFE
:1022000000BF1C2D01DBFF204CE78DF80A50002099
:102210008DF80B0001208DF80C00E6BB207800F053
:102220000F004FF4204141EA4020617801F00F0196
:1022300040EA4110E17801F00F0140EA41002179C4
:10224000C1F3C0010843ADF800002079042101EB7F
:10225000403080B2ADF802004FF46040ADF80400A9
:102260000620ADF80600A078012806D1BDF80400CC
:102270004FF6E0710843ADF80400607901284CD1B5
:10228000BDF8040040F01F00ADF80400BDF80600E2
:1022900040F4604000E002E0ADF806003DE0012EB1
:1022A0003BD1207800F03F00710341EAC010617813
:1022B00001F0070140EA0110E178C1F3830108430E
:1022C000ADF80000E0788007000C217901F00701EB
:1022D00040EAC120001DADF802004FF46040ADF8A7
:1022E00004000620ADF80600A078012806D1BDF84C
:1022F00004004FF6F0710843ADF80400607901283E
:102300000BD1BDF8040040F00F00ADF80400BDF89B
:10231000060040F47840ADF806000020ADF8080053
:1023200001208DF80D00684600F0F6F805EB450138
:10233000174A02EB8101A0688860A07805EB45018F
:1023400002EB81018870607905EB450102EB8101A8
:102350004871207805EB450102F82100607805EB13
:10236000450102EB81014870E07805EB450102EB85
:102370008101C870207905EB450102EB81010871EC
:1023800001220221034800F04BF928468AE60000AA
:10239000B0E100200064004030B587B0054601215F
:1023A000084606F0EBF90121480606F007FA4FF45B
:1023B000C050059002208DF8180000208DF81A00FA
:1023C00003208DF8190001208DF81B0005A92F4866
:1023D00002F05AFC09220B212C4802F09DFC092234
:1023E0000C212A4802F098FC00208DF80E008DF890
:1023F0000F008DF810008DF811008DF812000120EB
:102400008DF8130000208DF80A005DB98DF80B00DF
:1024100004208DF80C0000208DF80D001520ADF87B
:1024200008000DE0012D0BD100208DF80B000420D9
:102430008DF80C0000208DF80D000C20ADF8080080
:1024400002A9134800F0F5F814208DF804000020CC
:102450008DF8050003208DF8060001208DF8070097
:1024600001A804F0EFFE00240CE0002004EB44017E
:10247000084A02EB8101887004EB440102EB810100
:102480004871641C1C2CF0D307B030BD0000024022
:1024900000640040B0E100202DE9F04107460D4600
:1024A0004FF00008686820F0E0506860686820F02D
:1024B000604068602C4627B9606840F0A0506060BA
:1024C00005E0012F03D1606840F080606060042067
:1024D00020720020607221460E4800F0ACF90646DA
:1024E000042E01D1BDE8F08101E008F10108314678
:1024F000084800F033FA012803D04FF6FF708045FA
:10250000F3D34FF6FF70804501D30520EAE730464C
:10251000E8E700000064004010B50021837A012242
:1025200002FA03F13D4A126842F001023B4B1A6085
:102530003A4A1C3212688A43384B1C331A60027BB9
:10254000CAB9364A0C3212688A43344B0C331A60CB
:102550004288C38842EA0343304A4032847A42F8D0
:1025600034300288838842EA03432C4A4032847A1A
:1025700002EBC4025360027B012A19D1274A0C32B4
:1025800012680A43254B0C331A604288038842EADA
:102590000343224A4032847A42F83430C288838826
:1025A00042EA03431D4A4032847A02EBC40253607C
:1025B000C27A3AB9194A121D12688A43174B1B1D79
:1025C0001A6006E0154A121D12680A43134B1B1DC0
:1025D0001A60028932B9114A143212688A430F4BC9
:1025E00014331A600289012A06D10C4A1432126887
:1025F0000A430A4B14331A60427B012A06D1074A68
:102600001C3212680A43054B1C331A60034A1268D5
:1026100022F00102014B1A6010BD0000006600406C
:102620001AB143690B43436102E043698B43436141
:10263000704730B5024600200023146824F00204DD
:102640001460146844F00104146000E05B1C5468DA
:1026500004F001041CB94FF6FF74A342F6D154688C
:1026600004F001040CB900206CE08C79012C04D139
:10267000146844F08004146003E0146824F08004BB
:102680001460CC79012C04D1146844F04004146027
:1026900003E0146824F0400414600C7A012C04D187
:1026A000146844F02004146003E0146824F020044B
:1026B00014604C7A012C04D1146844F010041460A6
:1026C00003E0146824F0100414608C7A012C04D107
:1026D000146844F00804146003E0146824F008044B
:1026E0001460CC7A012C04D1146844F00404146002
:1026F00003E0146824F0040414608C78A407CD78F7
:1027000044EA05640D7944EA05444D7944EA0554E8
:102710000D886D1E2C43D461146824F001041460EC
:10272000002300E05B1C546804F001041CB14FF668
:10273000FF74A342F6D1546804F001040CB10020E8
:1027400000E0012030BD10B500F5D87303EB011394
:102750001B6803F004031372137A53B900F5D8739E
:1027600003EB01131B6840F2FF7404EA5353136038
:1027700009E000F5D87303EB01131B686FF06044A8
:1027800004EAD303536000F5D87303EB01131B680D
:1027900003F00203537200F5D87303EB01135B6877
:1027A00003F00F03937200F5D87303EB01135B681A
:1027B0001B0AD37400F5D87303EB01139B68D37223
:1027C00000F5D87303EB01139B681C0A147300F522
:1027D000D87303EB01139B681C0C547300F5D8737A
:1027E00003EB01139B681B0E937300F5D87303EB87
:1027F0000113DB68D37300F5D87303EB0113DB68B7
:102800001C0A147400F5D87303EB0113DB681C0C6D
:10281000547400F5D87303EB0113DB681B0E93743B
:1028200021B9C36843F02003C36003E0036943F0A8
:102830002003036110BD10B502460020936803F029
:102840008063B3F1806F00D110E0936803F0006300
:10285000B3F1006F01D1012008E0936803F08053C9
:10286000B3F1805F01D1022000E00420042874D07D
:1028700002F5C07303EB00131B6803F0010402F5BB
:10288000C07303EB00131C600B7A7BB94B7A0C8886
:1028900043EA445302F5C07404EB00142468234354
:1028A00002F5C07404EB0014236010E00B7A4C684E
:1028B00043EAC4034C7A234302F5C07404EB0014CA
:1028C0002468234302F5C07404EB001423608B7A60
:1028D00003F00F038B7202F5C07303EB00135B6808
:1028E00023F00F0402F5C07303EB00135C6002F5E4
:1028F000C07303EB00135B688C7A234302F5C0744A
:1029000004EB001463608B7B1C064B7B44EA03449E
:102910000B7B44EA0323CC7A234302F5C07404EB17
:102920000014A3608B7C1C064B7C44EA03440B7CA4
:1029300044EA0323CC7B234302F5C07404EB001468
:10294000E36002F5C07303EB00131B6843F001045E
:1029500002F5C07303EB00131C6010BD10B50246F6
:10296000002321B1012907D002290FD109E0906885
:102970001D4C00EA04030BE090681C4C00EA0403C1
:1029800006E090681A4C00EA040301E0002300BF4F
:1029900000BF184C181BA34216D007DC83B16FF0A0
:1029A0008060184470B1022818D111E0B0F5007FA2
:1029B00010D0114C204448B1B0F5003F0ED10BE0CF
:1029C00002230DE000230BE0002309E0002307E0D1
:1029D000012305E0012303E0012301E0002300BF00
:1029E00000BFD8B210BD00000300000400030008BF
:1029F00000000310000100080001FFF738B5694628
:102A0000002000F031F80446002C02DA4FF0FF30CD
:102A100038BD9DF8000000F00F00012802D04FF0F3
:102A2000FF30F5E70121084600F049F814210220A3
:102A300000F045F80221042000F041F85021052063
:102A400000F03DF80A21142000F039F80221152089
:102A500000F035F80021162000F031F80021172091
:102A600000F02DF82046D3E770B505460E4600204D
:102A700001F02FFDCA21002001F054FD044614B9D5
:102A80004FF0FF3070BD45F08001002001F04AFD9D
:102A9000044614B94FF0FF30F4E7002001F019FDAF
:102AA000CB21002001F03EFD14B94FF0FF30E9E7E3
:102AB0000121002001F0D0FC30700120E2E770B568
:102AC00005460E46002001F004FDCA21002001F059
:102AD00029FD044614B94FF0FF3070BD45F0800168
:102AE000002001F01FFD044614B94FF0FF30F4E759
:102AF0003146002001F016FD044614B94FF0FF30B6
:102B0000EBE7002001F0FCFC2046E6E72DE9F14F61
:102B10002DED0C8B82B00E9D502D03D350244FF021
:102B2000010808E0082D03D308244FF00A0802E04A
:102B300001244FF050089FED4C0B08F079FFB0EEE8
:102B4000409AF0EE609A2046FDF7A0FD41EC1C0B88
:102B50002846FDF79BFD41EC1D0B53EC1C2BFDF7AC
:102B600007FD41EC1B0BB0EE4B0AF0EE6B0A08F0D0
:102B70005FFFB0EE40AAF0EE60AA53EC192B51ECC7
:102B80001A0BFDF7F5FC41EC180BFDF78CFD0090DE
:102B90000098042803DA0098C0F1040B01E04FF01C
:102BA000000B5846FDF772FD41EC1B0BB0EE4B1AC3
:102BB000F0EE6B1A9FED2C0B09F09EF9B0EE409AE7
:102BC000F0EE609A2846FDF761FD41EC1A0B53ECDC
:102BD000192BFDF75BFC41EC180BFDF783FD8246DA
:102BE000BAFBF4F704FB17A00190E800B0FBF4F97E
:102BF000B9F17D0F01D200260AE0B9F1960F01D29A
:102C0000012605E0B9F1AF0F01D2022600E003264C
:102C1000BC210220FFF753FF08F0FF010320FFF75C
:102C20004EFFC5F307111820FFF749FF2A0101984D
:102C300042EA5010C1B21920FFF741FF0198C000CD
:102C400040EAD700C1B21A20FFF739FF780140EA05
:102C50008B003043C1B21B20FFF731FF02B0BDEC47
:102C60000C8BBDE8F88F0000000000000000004061
:102C700070B504460025D4F8140808B9681E70BD64
:102C800017E040F6B83304F2144216A1204600F0D3
:102C9000D3FB16A104F21440FDF7F5FA04F2144137
:102CA000884205D06D1C032D03DD6FF00100E6E7BF
:102CB00000E0E6E700BF41F2883304F214420CA1C1
:102CC000204600F0B9FB09A104F21440FDF7DBFA3D
:102CD00004F21441884202D06FF00200CFE70120D5
:102CE000CDE70000434F4D2C310D00004F4B00004D
:102CF0005A52430D000000002DE9F04F2DED028BDC
:102D000085B004460F4690469946DDF840A000265F
:102D1000D4F8140828B9701E05B0BDEC028BBDE8CC
:102D2000F08F002517E00120A840384090B19FEDBA
:102D3000990A09EB860080ED000A9FED960A0AEBDE
:102D4000860080ED000A9FED930A08EB860080ED77
:102D5000000A761C6D1C052DE5DB2078B8424AD0B0
:102D600027704FF47A7304F214428BA1204600F0CE
:102D700063FB8BA104F21440FDF785FA04F21441C1
:102D8000884202D06FF00100C6E786A101A808F0D2
:102D9000E5FD00250FE00120A840384050B101A812
:102DA000FDF78DFA01A900EB010B6A1C7FA15846C3
:102DB00008F0D4FD6D1C052DEDDB01A8FDF77FFAB1
:102DC00001A900EB010B7AA1584608F0C7FD40F6B7
:102DD000B83304F2144201A9204600F02DFB70A183
:102DE00004F21440FDF74FFA04F21441884202D075
:102DF0006FF0020090E74FF47A7304F214426DA171
:102E0000204600F019FB66A104F21440FDF73BFADE
:102E100004F21441884202D06FF003007CE740F6D0
:102E2000B83304F2144265A1204600F005FB5CA112
:102E300004F21440FDF727FA04F21441884202D04C
:102E40006FF0040068E7761E5EA104F21B40FDF7F8
:102E500047FA0490049808F0C3FDB0EE408AF0EE03
:102E6000608A51EC180BFDF799FC00EE100ADFEDBB
:102E7000560A80EE201A89ED001A52A10020FDF7B3
:102E80002FFA0490049808F0ABFDB0EE408AF0EE03
:102E9000608A51EC180BFDF781FC00EE100ADFEDA3
:102EA0004A0A80EE201A8AED001A46A10020FDF79A
:102EB00017FA0490049808F093FDB0EE408AF0EE03
:102EC000608A51EC180BFDF769FCC8F800005CE063
:102ED00040F6B83204F21441204600F0F9FA30A16D
:102EE00004F21440FDF7CFF904F21441884202D0F5
:102EF0006FF0050010E709F104090AF1040A08F16E
:102F00000408761E2FA104F21B40FDF7E9F9049096
:102F1000049808F065FDB0EE408AF0EE608A51EC4E
:102F2000180BFDF73BFC00EE100ADFED270A80EEE0
:102F3000201A89ED001A23A10020FDF7D1F9049091
:102F4000049808F04DFDB0EE408AF0EE608A51EC36
:102F5000180BFDF723FC00EE100ADFED1B0A80EED4
:102F6000201A8AED001A17A10020FDF7B9F9049084
:102F7000049808F035FDB0EE408AF0EE608A51EC1E
:102F8000180BFDF70BFCC8F80000002EA0DC012098
:102F9000C2E6000000000000434F4D2C310D000040
:102FA0004F4B00004F50522C0000000025640000E1
:102FB0000D0000004D44532C300D00004D45530DC5
:102FC000000000003B00000000401C4670B50446B5
:102FD0000025D4F8140808B9681E70BD17E040F643
:102FE000B83304F2144216A1204600F025FA16A1C7
:102FF00004F21440FDF747F904F21441884205D069
:103000006D1C032D03DD6FF00100E6E700E0E6E74D
:1030100000BF46F2A81304F214420CA1204600F0AF
:103020000BFA09A104F21440FDF72DF904F2144142
:10303000884202D06FF00200CFE70120CDE7000008
:10304000434F4D2C310D00004F4B00005A52430DA1
:10305000000000002DE9F0472DED028B04460D46DF
:1030600016461F46DDF82880D4F8140828B94FF01A
:10307000FF30BDEC028BBDE8F087012D02DA6FF066
:103080000B00F6E7681E4749085C01283FD0012184
:10309000681E444A11544FF47A7304F2144242A158
:1030A000204600F0C9F942A104F21440FDF7EBF804
:1030B00004F21441884202D06FF00100D9E74FF4C6
:1030C0007A7304F214423BA1204600F0B5F938A10E
:1030D00004F21440FDF7D7F804F21441884202D0FC
:1030E0006FF00200C5E740F6B83304F2144233A192
:1030F000204600F0A1F92EA104F21440FDF7C3F818
:1031000004F21441884216D06FF00300B1E740F694
:10311000B83304F2144229A1204600F08DF924A10D
:1031200004F21440FDF7AFF804F21441884202D0D3
:103130006FF003009DE723A104F21D40FDF7D0F8D6
:103140008146484608F04CFCB0EE408AF0EE608ABA
:1031500051EC180BFDF722FB38601AA10020FDF797
:10316000BFF88146484608F03BFCB0EE408AF0EEDE
:10317000608A51EC180BFDF711FBC8F8000011A193
:103180000020FDF7ADF88146484608F029FCB0EE76
:10319000408AF0EE608A51EC180BFDF7FFFA3060C0
:1031A000012066E7F40E00204D4D532C310D000038
:1031B0004F4B00004D44532C300D00004D45532C17
:1031C000320D00002C000000FEB504460D461646E8
:1031D00000200090019002900027D4F8140808B94C
:1031E000781EFEBD17E040F6B83304F2144231A158
:1031F000204600F021F931A104F21440FDF743F814
:1032000004F21441884205D07F1C032F03DD6FF0C8
:103210000100E6E700E0E6E700BF40F6B83304F25D
:10322000144227A1204600F007F924A104F214401B
:10323000FDF729F804F21441884202D06FF0020031
:10324000CFE7002D18DB2A461FA1684608F086FB51
:1032500040F6B83304F214426946204600F0ECF818
:1032600016A104F21440FDF70EF804F2144188424E
:1032700002D06FF00300B4E7002E18DB324614A131
:10328000684608F06BFB40F6B83304F21442694616
:10329000204600F0D1F809A104F21440FCF7F3FF36
:1032A00004F21441884202D06FF0040099E7012033
:1032B00097E70000434F4D2C310D00004F4B0000AD
:1032C0004653432C320D00004D43482C25640D001D
:1032D0005343532C25640D0070B504460D4640F64B
:1032E00018012046FCF7B8FF4FF4806204F1140186
:1032F000201D14F072FAC4F81458201DD4F81418C4
:103300008860002070BD00002DE9F0472DED028B94
:103310000446894615461E460A9FD4F8140828B963
:103320004FF0FF30BDEC028BBDE8F08740F6B833BC
:1033300004F214421FA1204600F07EF8002802DCAF
:103340004FF0FF30EEE71FA104F21440FCF7C8FF76
:103350008046404608F044FBB0EE408AF0EE608ABA
:1033600051EC180BFDF71AFA286016A10020FCF7A3
:10337000B7FF8046404608F033FBB0EE408AF0EEDF
:10338000608A51EC180BFDF709FA30600DA100209E
:10339000FCF7A6FF8046404608F022FBB0EE408ACC
:1033A000F0EE608A51EC180BFDF7F8F93860012057
:1033B000B8E700003A4D4541537572653A5978793E
:1033C0000D0000002C000000F0B58DB004460F4643
:1033D0001546342216496846FCF725FF0020286070
:1033E0006860D4F8140818B94FF0FF300DB0F0BD84
:1033F00029466846FCF73BFF0EA16846FCF737FFFD
:1034000040F6B83304F214426946204600F014F83E
:1034100000280ADD04F21440FCF751FF461C324636
:1034200004F214412846FCF7FEFE0120DEE700000E
:10343000182E03080D0000002DE9F04705460E4642
:1034400014461F464FF00009B046D5F8140818B9C5
:103450004FF0FF30BDE8F0874FF4806205F2144171
:10346000281D14F0D2F94046FCF729FF8246524647
:103470004146D5F814080DF016FB03F0D3FE814643
:103480001FE0484602F03AFCB84207D30DA105F20E
:103490001440FCF71BFF4FF0FF30DBE70122214611
:1034A000281D14F0B2F960B1207800F07F00207080
:1034B00020780D2804D1641C002020700120C9E769
:1034C000641CDEE745523A74696D654F75740000FF
:1034D0002DE9F04105460C4616460027D5F814089C
:1034E00010B9781EBDE8F08103F09CFE07461FE08E
:1034F000384602F003FCB04207D30EA105F2144097
:10350000FCF7E4FE4FF0FF30ECE701222146281DD6
:1035100014F07BF960B1207800F07F0020702078F3
:103520000D2804D1641C002020700120DAE7641CFF
:10353000DEE7000045523A74696D654F757400000E
:1035400010B52DED068B88B00124002001F014FB8E
:1035500011F01EFE4FF4FA7000F044FD06AB07AA0E
:1035600005A90120FEF7D4FC00287CDB0598FDF7B7
:10357000D2F841EC180B9FEDFE0B53EC102BFDF72E
:10358000F5F860D80598FDF7C6F841EC180B9FEDEB
:10359000FA0B53EC102BFDF7D1F854D89DED070A28
:1035A000DFEDF70AB4EEE00AF1EE10FA4BDB9DED29
:1035B000070ADFEDF40AB4EEE00AF1EE10FA42D8A1
:1035C0009DED060ADFEDF00AB4EEE00AF1EE10FA26
:1035D00039DB9DED060ADFEDED0AB4EEE00AF1EE0F
:1035E00010FA30D80598FDF796F841EC180B0698BC
:1035F000FDF791F841EC190B0798FDF78CF841ECB9
:103600001A0B8DED028B8DED009B53EC1A2BE0A075
:1036100003F0B0FD0598FDF77EF841EC180B069815
:10362000FDF779F841EC190B0798FDF774F841ECB8
:103630001A0B8DED028B8DED009B53EC1A2BD4A051
:1036400008F07CF936E00598FDF765F841EC180BB9
:103650000698FDF760F841EC190B0798FDF75BF849
:1036600041EC1A0B00E023E08DED028B8DED009B09
:1036700053EC1A2BCFA003F07DFD0598FDF74BF816
:1036800041EC180B0698FDF746F841EC190B07982A
:10369000FDF741F841EC1A0B8DED028B8DED009B8F
:1036A00053EC1A2BC3A008F049F94FF0FF3401E0A6
:1036B0004FF0FF3411F098FD4FF4FA7000F092FCD7
:1036C00006AB07AA05A90120FEF722FC00287CDB37
:1036D0000598FDF720F841EC180B9FEDBF0B53EC5C
:1036E000102BFDF743F860D80598FDF714F841EC6E
:1036F000180B9FEDBB0B53EC102BFDF71FF854D8A4
:103700009DED070ADFED9E0AB4EEE00AF1EE10FA35
:103710004BDB9DED070ADFED9B0AB4EEE00AF1EE0C
:1037200010FA42D89DED060ADFED970AB4EEE00AE2
:10373000F1EE10FA39DB9DED060ADFED940AB4EEE6
:10374000E00AF1EE10FA30D80598FCF7E4FF41ECFE
:10375000180B0698FCF7DFFF41EC190B0798FCF7F4
:10376000DAFF41EC1A0B8DED028B8DED009B53ECD3
:103770001A2B9DA003F0FEFC0598FCF7CCFF41EC52
:10378000180B0698FCF7C7FF41EC190B0798FCF7DC
:10379000C2FF41EC1A0B8DED028B8DED009B53ECBB
:1037A0001A2B91A008F0CAF836E00598FCF7B3FF91
:1037B00041EC180B0698FCF7AEFF41EC190B07988B
:1037C000FCF7A9FF41EC1A0B00E023E08DED028B22
:1037D0008DED009B53EC1A2B8CA003F0CBFC0598CD
:1037E000FCF799FF41EC180B0698FCF794FF41ECAD
:1037F000190B0798FCF78FFF41EC1A0B8DED028B2C
:103800008DED009B53EC1A2B80A008F097F84FF039
:10381000FF3401E04FF0FF3411F010FD4FF4FA7067
:1038200000F0E0FB002001F0A7F94FF4C87000F0B1
:10383000D9FB06AB07AA05A90120FEF769FB002802
:103840007EDB0598FCF767FF41EC180B9FED780BCA
:1038500053EC102BFCF78AFF60D80598FCF75BFF50
:1038600041EC180B9FED740B53EC102BFCF766FF2B
:1038700054D89DED070ADFED420AB4EEE00AF1EEFE
:1038800010FA4BDB9DED070ADFED3E0AB4EEE00ACD
:10389000F1EE10FA42D89DED060ADFED3B0AB4EED8
:1038A000E00AF1EE10FA39DB9DED060ADFED370A8A
:1038B000B4EEE00AF1EE10FA30D80598FCF72BFFD1
:1038C00041EC180B0698FCF726FF41EC190B079802
:1038D000FCF721FF41EC1A0B8DED028B8DED009B67
:1038E00053EC1A2B56A003F045FC0598FCF713FF88
:1038F00041EC180B0698FCF70EFF41EC190B0798EA
:10390000FCF709FF41EC1A0B8DED028B8DED009B4E
:1039100053EC1A2B4AA008F011F8C8E00598FCF700
:10392000FAFE41EC180B0698FCF7F5FE41EC190B7A
:103930000798FCF7F0FE41EC1A0B8DED028B00E0CE
:10394000B3E08DED009B53EC1A2B47A003F012FC63
:103950000598FCF7E0FE41EC180B0698FCF7DBFE3F
:1039600041EC190B0798FCF7D6FE41EC1A0B8FE0DF
:1039700000000000009092400000000000F0924023
:103980007593983EBF9F9A3E8941A03ED34DA23E7B
:1039900048424D205768697465204F4B20583A259E
:1039A0002E33662059252E3366204C76252E33661D
:1039B0000D0A000048424D205768697465204E4743
:1039C00020583A252E33662059252E3366204C7612
:1039D000252E33660D0A00009999999999195D4031
:1039E0006766666666E65E40414F442057686974C4
:1039F00065204F4B20583A252E33662059252E330B
:103A000066204C76252E33660D0A0000414F442077
:103A10005768697465204E4720583A252E33662032
:103A200059252E3366204C76252E33660D0A00006C
:103A300000000000009082400000000000F0824082
:103A40004E6F726D616C205768697465204F4B2012
:103A5000583A252E33662059252E3366204C76257C
:103A60002E33660D0A0000004E6F726D616C205798
:103A700068697465204E4720583A252E33662059D0
:103A8000252E3366204C76252E33660D0A00000065
:103A90008DED028B8DED009B53EC1A2BAFF23800AD
:103AA00007F04CFF4FF0FF3401E04FF0FF342046A9
:103AB00008B0BDEC068B10BD70B500254FF4803406
:103AC00000E0641E24B1802005F0A0FC0028F8D09E
:103AD00014B90325284670BD40F2FF5005F052FC92
:103AE0002846F8E72DE9F0410646002748480568D2
:103AF00001E04748056805F045000028F9D005F0C9
:103B0000040030B10327042005F03CFC3846BDE832
:103B1000F08105F0010028B10127012005F032FCF9
:103B20003846F4E705F06CFCB04202D01027384666
:103B3000EDE740F2FF5005F025FC002005F086FC83
:103B400004463448204008B93846E0E704F0004015
:103B500008B11C20DBE704F0804008B10920D6E75B
:103B600004F0005008B10A20D1E704F0805008B1F9
:103B70000B20CCE704F0006008B10C20C7E704F08C
:103B8000806008B10D20C2E704F0807008B10E20FB
:103B9000BDE704F4000008B10F20B8E704F480008A
:103BA00008B11020B3E704F4001008B11120AEE70B
:103BB00004F4801008B11220A9E704F4002008B131
:103BC0001320A4E704F4802008B114209FE704F434
:103BD000003008B115209AE704F4803008B11620AF
:103BE00095E704F4004008B1172090E704F4804002
:103BF00008B118208BE704F4005008B1192086E7BB
:103C000004F0080008B11A2081E738467FE7000079
:103C1000342C014008E0FFFD70B500251048046811
:103C200001E00F48046804F045000028F9D004F0D2
:103C3000040028B10325042005F0A4FB284670BD2C
:103C400004F0010028B10125012005F09BFB284666
:103C5000F5E740F2FF5005F095FB2846EFE700003E
:103C6000342C014070B500250B48046801E00A4877
:103C7000046804F045000028F9D004F0040028B1DD
:103C80000325042005F07EFB284670BD40F2FF505E
:103C900005F078FB2846F8E7342C01402DE9F04187
:103CA00006460F464FF000082248056801E021480B
:103CB000056805F045000028F9D005F0040038B18A
:103CC0004FF00308042005F05DFB4046BDE8F0819D
:103CD00005F0010030B14FF00108012005F052FB62
:103CE0004046F3E705F08CFBB04203D04FF01008DC
:103CF0004046EBE740F2FF5005F044FB002005F0A2
:103D0000A5FB044604F4604018B9200C38804046F6
:103D1000DCE704F4005008B11320D7E704F4804036
:103D200008B11020D2E704F4004008B10F20CDE71D
:103D30004046CBE7342C014070B500264FF4803567
:103D40000F48046802E06D1E0D48046804F0450049
:103D500008B9002DF7D115B104F0040028B10326ED
:103D6000042005F00FFB304670BD04F0400028B180
:103D70000026402005F006FB3046F5E73046F3E725
:103D8000342C014010B506F031FA10BD0246094B43
:103D90009A4201D2084801E00648103801F0005369
:103DA0001BB1064B0B40C36002E0044B0B40836029
:103DB0007047000010640240006002407D0F7D0FDC
:103DC00021B1026842F00102026003E0026822F0C1
:103DD0000102026070470000016821F001010160EA
:103DE0000021016041608160C16001612121416168
:103DF0004A49884204D13D21484A103A91608CE0FA
:103E000046491831884205D14FF47461434A103A4B
:103E1000916082E041493031884205D14FF47411FC
:103E20003E4A103A916078E03C494831884205D1D9
:103E30004FF07461394A103A91606EE03749603151
:103E4000884204D13649354A103AD16065E0334999
:103E50007831884204D13349304A103AD1605CE06D
:103E60002E499031884204D12F492C4A103AD16012
:103E700053E02A49A831884205D14FF03D51274AE5
:103E8000103AD16049E02949884204D13D21274AAE
:103E9000083A116041E025491831884205D14FF4B4
:103EA0007461224A083A116037E020493031884273
:103EB00005D14FF474111D4A083A11602DE01B49D9
:103EC0004831884205D14FF07461184A083A1160B0
:103ED00023E016496031884204D11149134A121F68
:103EE00011601AE011497831884204D10D490F4A16
:103EF000121F116011E00D499031884204D10A4926
:103F00000A4A121F116008E00849A831884204D10A
:103F10004FF03D51054A121F11607047106002407A
:103F20003D000020400F002000003D2010640240B2
:103F300021B1026842F02002026003E0026822F030
:103F400020020260704710B501F080034BB122B12E
:103F5000436943F08003436103E0436923F0800336
:103F6000436180290BD02AB1036801F01E0423436A
:103F7000036004E0036801F01E04A343036010BD66
:103F800010B500220268134B1A40CC680B6823431B
:103F90004C6923438C692343CC6923430C6A234334
:103FA0004C6A23438C6A23434C6B23438C6B23431F
:103FB0001A430260426922F00702D1E90B3423431D
:103FC0001A4342610B6943604B6883608B68C3602E
:103FD00010BD00003F801CF0704710B5002000F0BD
:103FE0000DF810BD10B5044603E04FF47A7000F0F0
:103FF00005F8201EA4F10104F7D110BD70B54FF0F3
:10400000E0256D6945434FF47A76B5FBF6F01BE089
:104010004FF0E025A969B0F5FA7F04D94FF4FA749E
:10402000A0F5FA7001E00446002000BF4FF0E02543
:10403000AA69914201D98B1A04E04FF0E0256D691D
:104040000D44AB1AA342F1D30028E1D170BD0000AA
:1040500010B504F010FE002003F0C8F807F010FCC3
:1040600002F0F4FF54A1022003F05CFD52A10320F2
:1040700003F058FD50A1042003F054FD002101205D
:1040800003F096FC0021022003F092FC00210320A3
:1040900003F08EFC0021042003F08AFC002105209F
:1040A00003F086FC4FF0FF320021282004F0BCFA18
:1040B0001420FFF797FF4FF0FF320021102004F08B
:1040C000B3FA7820FFF78EFF02F0B0FF0A20FFF767
:1040D00089FF9FED3A0A082003F082FC0A20FFF7CF
:1040E00081FF9FED360A072003F07AFC0A20FFF7D4
:1040F00079FF9FED320A062003F072FC0A20FFF7D9
:1041000071FF9FED2E0A052003F06AFC0A20FFF7DD
:1041100069FF9FED2A0A042003F062FC0A20FFF7E2
:1041200061FF9FED260A032003F05AFC0520FFF7EC
:1041300059FF9FED220A022003F052FC0520FFF7F1
:1041400051FF9FED1E0A012003F04AFC0A20FFF7F1
:1041500049FF10211A4800F040FE4FF40051194861
:1041600000F03BFE0821174800F037FE4FF4805165
:10417000144800F032FE0121114800F02EFE082103
:104180000F4800F02AFE9FED0D0A07F089FB002181
:10419000012002F0F1FE00200B4908609FED070AA4
:1041A00002F056FA4FF40061084800F016FE08A02D
:1041B00002F0E0FF10BD0000000000000000000061
:1041C00000000240000C02400400002000100240E9
:1041D000446973706C61795F4F46460D0A000000B8
:1041E00010B54FF400612B4800F0F9FD06F016FE03
:1041F0000121084602F0C0FE9FED270A02F028FACE
:104200009FED260A022003F0EBFB3220FFF7EAFEC7
:104210009FED210A072003F0E3FB0A20FFF7E2FEEF
:104220009FED1D0A012003F0DBFB3220FFF7DAFED1
:1042300007F02EFB3220FFF7D5FE02F0FFFE142020
:10424000FFF7D0FE02F0F2FE1E20FFF7CBFE02F0D9
:10425000F5FE7820FFF7C6FE03F0DEFB02F020FF3C
:104260006420FFF7BFFE00210D4A1170084606F0DA
:1042700093FF01200B490860002103F099FB002106
:10428000022003F095FB04F0F1FC0A20FFF7AAFEE0
:1042900010BD00000010024033335340CDCC6C40C1
:1042A00008000020040000201CB54FF400614C48B9
:1042B00000F095FD06F0B2FD0121084602F05CFE1B
:1042C0009FED480A02F0C4F99FED470A022003F06F
:1042D00087FB3220FFF786FE9FED420A072003F09E
:1042E0007FFB0A20FFF77EFE9FED3E0A012003F0D0
:1042F00077FB3220FFF776FE07F0CAFA3220FFF78D
:1043000071FE02F09BFE1420FFF76CFE02F08EFEA1
:104310001E20FFF767FE02F091FE7820FFF762FE95
:1043200003F07AFB4FF0FF320021112004F07CF9FA
:104330003C20FFF757FE4FF0FF308521012300227C
:10434000CDE9001011462A2004F06EF94FF0FF303D
:10435000C12101230022CDE9001011462B2004F0D9
:1043600063F94FF0FF33C1220121442004F05CF9CE
:104370004FF0FF320021352004F056F94FF0FF32A4
:104380002021532004F050F94FF0FF3277213A20DA
:1043900004F04AF94FF0FF320021292004F044F9DB
:1043A0005020FFF71FFE11A002F0E4FE6420FFF78B
:1043B00019FE00210F4A1170084606F0EDFE01209B
:1043C0000D490860002103F0F3FA0021022003F0F8
:1043D000EFFA04F04BFC0A20FFF704FE1CBD0000BE
:1043E0000010024033335340CDCC6C4031312D327C
:1043F000390D0A0008000020040000202DE9F047D4
:1044000006460F4615469846DDE90849104800EB78
:10441000041006600E4800EB041087800C4800EB87
:10442000041085600A4800EB0410A0F80C800948CD
:10443000C0F80090304600F093FC284600F090FC55
:10444000204604F0E3FC204604F032FDBDE8F0878E
:10445000703D0120180F00202DE9F04107460D4660
:10446000384604F0FBFC002615E006F08DFE3846C9
:1044700004F0CCFC06F088FE384604F0ADFC06F0F3
:1044800083FE6006040E384604F002FD08B1601C8D
:10449000C4B2701CC6B2082EE7DB384604F0B6FC86
:1044A00006F072FE1DB1384604F002FD02E0384607
:1044B00004F0D4FC06F068FE384604F08DFC06F0EB
:1044C00063FE384604F0A2FC06F05EFE2046BDE81E
:1044D000F08110B50446204604F0C0FC06F054FEFE
:1044E000204604F079FC06F04FFE204604F0E0FC84
:1044F00006F04AFE204604F089FC06F045FE10BD99
:1045000010B50446204604F0D3FC06F03DFE2046DC
:1045100004F062FC06F038FE204604F09FFC06F032
:1045200033FE10BD2DE9F04106460C46012700255B
:1045300016E004F0800018B1304604F08FFC02E071
:10454000304604F0B5FC304604F046FC06F01CFE94
:10455000304604F05BFC6006040E06F015FE6D1C90
:10456000082DE6D3304604F079FC06F00DFE304607
:1045700004F032FC06F008FE304604F089FC00B17D
:104580000027304604F042FC06F0FEFD3846BDE848
:10459000F08100000149486170470000009002402E
:1045A00001460868C0F30D40704700B5024600237D
:1045B000106800F0004058B9106800F4004038B9A5
:1045C000106800F4807018B11046FFF7E9FF034649
:1045D000184600BD10B501E012F0EAFB064800687D
:1045E000FFF7E3FF0028F7D14020FFF7D3FF4FF498
:1045F0008030FFF7CFFF10BD200F00201EB5002137
:104600000022009201920292214A1268126802F07E
:10461000004282B1002200921E4A526902F08002DA
:1046200022B180221B4B5A6100229A609DE81C0037
:1046300080E81C001EBD164A1268126802F400428F
:10464000B2B9134A1268126802F4807282B1104A39
:104650001268126802F4007252B10D4A12681268B0
:10466000C2F30D42111F0A4A12689268019200E0DB
:1046700000210091064A12680292054A1268D26827
:10468000034B1A609DE81C0080E81C0000BFD1E7C6
:10469000200F00200090024010B50E48006801284D
:1046A00013D1082000F024F878B10120FFF79AFC1C
:1046B0000821094800F088FB012803D100200749A0
:1046C000086002E0012006490870082000F00AF89E
:1046D00010BD0000040000200008024090000020EF
:1046E000010000200149086070470000143C0140AF
:1046F00001460020034A12680A400AB1012000E086
:1047000000207047143C01401CB50121084604F00C
:1047100045F80121182004F031F84CF6F300009020
:1047200002208DF8040000208DF8060003208DF88B
:10473000050001208DF8070069462C4800F0A4FA16
:104740004FF4F060009002208DF8040000208DF8F6
:10475000060003208DF8050001208DF8070069464A
:10476000234800F091FA0C220521204800F0D4FAE9
:104770000C2204211D4800F0CFFA0C220B211B480B
:1047800000F0CAFA0C220621184800F0C5FA0C22E3
:104790000721164800F0C0FA0C220E21134800F041
:1047A000BBFA0C220F21114800F0B6FA0C220021AE
:1047B0000E4800F0B1FA0C2201210C4800F0ACFACE
:1047C0000C2207210A4800F0A7FA0C220821084809
:1047D00000F0A2FA0C220921054800F09DFA0C22F3
:1047E0000A21034800F098FA1CBD0000000C0240AA
:1047F0000010024010B5FFF787FF00F007F810BD6A
:104800000149087070470000FFFF006000B59DB0CF
:1048100006200790002008905020099000200A9060
:104820000B900C900D9002200090002001901648F3
:1048300000680290002003900490059006900E906E
:104840000F90082010900020119012904FF40070EB
:104850001490800113900020159016904FF4805012
:104860001790400018904000199000201A9007A857
:104870001B90CDF870D00EA800F022F80121002086
:1048800000F004F81DB000BDDC0E002051B1820024
:10489000A2F1C042126842F001038200A2F1C042BC
:1048A000136009E08200A2F1C0421268034B1A4073
:1048B0008300A3F1C0431A6070470000FEFF0F00A1
:1048C00030B50021002200230468A400A4F1C044F4
:1048D0002168424C2140D0E901452C43C5682C4356
:1048E00005692C4345692C4385692C43C5692C43D4
:1048F000056A2C43456A2C43856A2C43C56A2C43C0
:10490000056B2C4321430468A400A4F1C04421603A
:104910008468082C0BD10468A400A4F1C044246866
:1049200044F040050468A400A4F1C0442560046874
:10493000641CA400A4F1C044226802F04042446B0D
:104940002468456B6D6844EA0514456BAD6844EA1C
:104950000524456BAD8944EA0544456B2D8A44EA3C
:104960000554456B2D7D44EA0564456BAD692C43C8
:1049700022430468641CA400A4F1C0442260C46AF9
:10498000B4F5804F20D10468A400A4F1C044D4F849
:104990000431134C2340846B2468856B6D6844EAB2
:1049A0000514856BAD6844EA0524856BAD8944EA3E
:1049B0000544856BAD692C4323430468A400A4F12E
:1049C000C044C4F8043107E06FF070450468A400E7
:1049D000A4F1C044C4F8045130BD00008000F7FFCA
:1049E0000000F0CF2DE9FC4107460D4600260024CB
:1049F00000200090019008205B490860102048606A
:104A0000402088600020C8604FF48060086108463C
:104A100004F05AFD1020FFF765F8044614B1204653
:104A2000BDE8FC815148008800044F4908603720E8
:104A30004860402088600020C8604FF480600861B2
:104A4000084604F041FD3720FFF74CF804460CB14E
:104A50002046E5E74FF0FF304549086008204860F0
:104A6000302088600220C860002008610120486171
:104A7000084604F09FFC00203B4908603320486052
:104A8000402088600020C8604FF4806008610846BC
:104A900004F01AFD3320FFF725F804460CB1204638
:104AA000BEE709E04FF4001004F0B0FC20B104F0C0
:104AB00005FD4DF82600761C2E48006840F22A615C
:104AC00008400028EED0082004F0A0FC28B10820FF
:104AD00004F058FC04242046A2E7022004F096FCCF
:104AE00028B1022004F04EFC0224204698E7202042
:104AF00004F08CFC28B1202004F044FC062420465D
:104B00008EE74FF4007004F081FC30B14FF4007078
:104B100004F038FC0724204682E740F2FF5004F0FE
:104B200031FC00980006009901F47F4140EA012021
:104B3000009901F47F0140EA1120009940EA1160D8
:104B4000686001980006019901F47F4140EA012064
:104B5000019901F47F0140EA1120019940EA1160B6
:104B6000286020465CE70000E03B0120C80E0020E2
:104B7000F43B0120342C014010B5044634B1012C23
:104B800013D0022C20D0032C3CD12CE0002101209A
:104B900003F07CFCFF231A4619461B4801F06CFE0B
:104BA0000121084603F072FC2CE00021012003F0F3
:104BB0006DFC00231A461946134801F05DFE0121E1
:104BC000084603F063FC1DE00021012003F05EFCB9
:104BD00000231A46FF210C4801F04EFE0121084631
:104BE00003F054FC0EE00021012003F04FFCFF23F2
:104BF0001A461946044801F03FFE0121084603F019
:104C000045FC00BF00BF10BD2C1E002070B5FDF795
:104C100043F90546FDF732F90EA002F0ABFA002188
:104C200010480078FDF7E8F9044621460EA002F08E
:104C3000A1FAFDF741F90CF027FF0DF0FBFB0EF098
:104C4000CDF80FF04BFC054629460DA002F092FA74
:104C500070BD000043413431305F496E6974207388
:104C60000A0D00000000002043413431305F496EDE
:104C7000697420656E643D2025640A0D0000000003
:104C800025730D0A00000000F0B50A46002100233C
:104C9000002400BF3DE0012505FA01F3156805EA8F
:104CA00003049C4234D105684F000326BE40B5433F
:104CB000056015794E00B5400668354305601579E5
:104CC000012D02D01579022D16D185684F000326DB
:104CD000BE40B543856055794E00B5408668354382
:104CE0008560456801268E40B543456045689679E4
:104CF0008E40B6B235434560C5684F000326BE40BE
:104D0000B543C560D5794E00B540C6683543C5602A
:104D1000491C1029BFD3F0BDF0B5002300244D0776
:104D2000ED0E02FA05F3CE1000F1200555F82650DD
:104D30004E07F70E0F26BE40B543CF1000F12006F8
:104D400046F82750CE1000F1200555F8265045EAC8
:104D50000304CE1000F1200545F82640F0BD000008
:104D600070B505461649681A8D421AD009DC1548F7
:104D7000284480B1B0F5806F0FD0B0F5006F18D126
:104D80000DE0B0F5806F0ED0B0F5006F0DD0B0F52E
:104D9000406F0ED10BE001240BE0022409E0042453
:104DA00007E0082405E0102403E0202401E040246B
:104DB00000BF00BF0121204603F0E0FC70BD0000F1
:104DC000000C02400000FEBF0246002013690B40A9
:104DD0000BB1012000E00020704741837047018340
:104DE0007047000070B5002400F02AFBB54991ED32
:104DF000000AF2EE040A20EE200ABCEEC00A10EE11
:104E0000100A01F0B5FB0A20FFF7ECF800F034FBC4
:104E10004FF4FA70FFF7E6F8AB48007818283DD257
:104E2000DFE800F00D1318210E141C20252B0C12A6
:104E3000262C272D313233343815161700BF00BF0A
:104E40000120A249087029E000BF00BF00BF00BFD9
:104E500000BF00BF00209D4908701FE005209B494E
:104E600008701BE000BF04209849087016E000BFDE
:104E700000BF09209549087010E000BF00BF08205E
:104E8000924908700AE000BF00BF00BF20208F4990
:104E9000087003E024208D49087000BF00BF8B48D4
:104EA000007818B189480078202804D18848006823
:104EB0008849086004E08648006840088549086021
:104EC00082480078042803D080480078242814D130
:104ED0007F4800688049096848434508C5F30800D1
:104EE00040B1680A7D49086008460068401C4002DD
:104EF000086016E07948056013E075480068764957
:104F0000096800FB01F5C5F3090040B1A80A73491F
:104F1000086008460068401C8002086001E06F4895
:104F20000560302000F030FB002000F03FFB002047
:104F300000F03CFB002000F039FB002000F036FBC5
:104F4000122000F021FB63490988491EC1F30720A4
:104F500000F02CFB5F490978491EC8B200F026FB1F
:104F60005D490988491EC1F3072000F01FFB5A491B
:104F70000978491EC8B200F019FB132000F004FBA9
:104F800053490968544A12685143080E00F00EFB59
:104F90004F490968504A12685143C1F3074000F075
:104FA00005FB4B4909884C4A12885143C1F307203D
:104FB00000F0FCFA46490978474A12785143C8B2D2
:104FC00000F0F4FA102000F0DFFA4048007800F01A
:104FD000EDFA4348007810B944F0010400E000BF46
:104FE0004048007800B901E044F002043E480078EF
:104FF00000B901E044F004043C48007810B944F0E2
:10500000080400E000BF172000F0BEFA204600F0C0
:10501000CDFA152000F0B8FA35490988491EC1F3C8
:10502000072000F0C3FA32490978491EC8B200F0DF
:10503000BDFA30490988491EC1F3072000F0B6FACD
:105040002C490978491EC8B200F0B0FA2A490988EB
:10505000491EC1F3072000F0A9FA27490978491E23
:10506000C8B200F0A3FA162000F08EFA234909888E
:10507000491EC1F3072000F099FA20490978491E1A
:10508000C8B200F093FA1E490988491EC1F30720EF
:1050900000F08CFA1A490978491EC8B200F086FA65
:1050A00018490988491EC1F3072000F07FFA154905
:1050B0000978491EC8B200F079FA282000F064FA95
:1050C00070BD0000240E00204C0E00204D0E00206C
:1050D000280E0020500E00202C0E0020540E002020
:1050E000480E0020490E00204A0E00204B0E0020E2
:1050F000380E0020340E0020300E0020440E002018
:10510000400E00203C0E00201CB50121082003F0B9
:1051100035FB4FF48060009001208DF804000020E2
:105120008DF8060003208DF8050001208DF807009A
:1051300069460248FFF7A8FD1CBD0000000C0240B4
:1051400010B50F2000F020FA00F0ACF9044624025C
:1051500000F0A8F90443240200F0A4F90443240257
:1051600000F0A0F90443204610BD10B504460E20FF
:1051700000F00AFA00F096F9207000F093F96070E0
:1051800000F090F9A07010BDF0B505460F46294813
:105190000078042803D02748007824280CD126481A
:1051A000006807FB00F424480068B5FBF0F100FB41
:1051B000115086B2344404E02048006807FB00F434
:1051C0002C441F4800681F49096800FB0144202047
:1051D00000F0DAF9200E00F0E9F9C4F3074000F01E
:1051E000E5F9C4F3072000F0E1F9E0B200F0DEF9E0
:1051F000301200F0DBF9F0B200F0D8F90D48007879
:10520000042803D00B48007824280BD10A480068F2
:10521000854203D2002000F0C9F906E0012000F029
:10522000C5F902E0002000F0C1F9222000F0ACF93D
:10523000F0BD00004D0E0020500E0020280E002072
:10524000540E0020580E00202DE9F04F95B04FF07D
:105250000009C846FFF7CEFAFFF756FF63A001F03A
:1052600089FF01F057F902900298002807DA62A03E
:1052700001F080FF4FF0FF3015B0BDE8F08F00F077
:10528000DFF80A20FEF7AEFE00F0F6F84FF4FA70F1
:10529000FEF7A8FEFFF754FF07465A48B7FBF0F7A2
:1052A000C92F05D055A001F065FF6FF00100E3E7BD
:1052B00055A001F05FFF002000F040F9002418E045
:1052C000534951F824200B46611C33F8211042EA5F
:1052D000014000F071F94E4A611C52F821100A0A8F
:1052E0004B4BA11C53F8211042EA012000F064F955
:1052F000E41C122CE4D3002000F009F900242AE079
:1053000000F0D0F805462D0200F0CCF805432D0240
:1053100000F0C8F8054300F0C5F80646360200F074
:10532000C1F80643360200F0BDF80643AAB2204693
:10533000641C03A941F820204FF47F4000EA0620B6
:1053400040EA15422046641C41F82020320A2046DB
:10535000641C41F82020122CD2D300240BE003A8B7
:1053600050F824002A4951F82410884202D04FF006
:10537000010902E0641C122CF1D300BFB9F1000F47
:1053800031D024A001F0F6FE002426E003A850F856
:1053900024001F4951F8241088421DD00320B4FB7B
:1053A000F0FAB4FBF0F100FB114000F1010B03A88F
:1053B00050F824000090164850F8243052465946C0
:1053C00018A001F0D7FE0320B4FBF0F100FB11415F
:1053D0000120884040EA0808641C122CD6D348F00B
:1053E0001000404248E7002046E7000047505520A3
:1053F000496E697420000000504C4C204E470A0D45
:1054000000000000809698004F4B0A0D000000003D
:105410005C28030847505520534452414D204E47C5
:105420000A0D00002053256420413D25642C20579F
:105430003D2530345820523D253034580A0D0000A7
:105440001CB54FF48060009001208DF8040000200E
:105450008DF8060003208DF8050001208DF8070067
:1054600069460448FFF710FC4FF480610148FFF7DC
:10547000B4FC1CBD000C02401CB54FF480600090D1
:1054800000208DF804008DF8060003208DF805003B
:1054900001208DF8070069460148FFF7F5FB1CBDA8
:1054A000000C0240014800787047000000000160D5
:1054B00010B50446562000F067F8204600F076F854
:1054C00010BD10B50446572000F05EF8204600F0ED
:1054D0006DF810BD10B50446502000F055F8204678
:1054E00000F064F810BD10B50446512000F04CF8EF
:1054F0000120FEF783FDC4F3074000F057F8C4F322
:10550000072000F053F8E0B200F050F810BD10B5DD
:105510000446232000F038F8200E00F047F8C4F3CA
:10552000074000F043F8C4F3072000F03FF8E0B272
:1055300000F03CF8252000F027F810BD10B5044617
:10554000202000F021F8200E00F030F8C4F30740CE
:1055500000F02CF8C4F3072000F028F8E0B200F0C7
:1055600025F8002000F022F8002000F01FF80020AD
:1055700000F01CF8222000F007F810BD0149087067
:10558000704700000000016000B5034600BF032023
:10559000FFF736F9FFF786FF024682F00200002887
:1055A000F5D10148037000BDFFFF0060014908709C
:1055B0007047000000000160010C034A1170010AED
:1055C0001170107070470000000001602DE9F84F65
:1055D00006460C4617469846DDE90DABDDF82890E7
:1055E0000020FE490870FE4803F090FAFD49FC488F
:1055F00006F0B4F9002F49D001F014FE0090FAA093
:1056000001F0B8FDF8A006F099F90FF0EDFDF348B0
:105610000078FFF7B1FAC820FEF7E4FC022C05D1B0
:105620002146F3480F9A00F077FB0EE0012E05D1DA
:10563000EF480F9913F034F9054606E09FEDED0AA7
:10564000EB480F9914F0B4FB0546002D08DAEA4840
:10565000D0F86818A0F6A47088472846BDE8F88FEF
:10566000E548D0F86818A0F6A6508847022C05D166
:10567000E148D0F86818A0F6A4708847009800F0B8
:105680003DFB0090DDA0009906F058F9BBF1000F3A
:105690007DD001F0C7FD0090DBA001F06BFD4FF065
:1056A000FF330022FE21152005F05CFB4FF0FF3296
:1056B0003821052005F056FB4FF0FF3327225121FA
:1056C000152005F04FFB4FF0FF330022FE2115207F
:1056D00005F048FB4FF0FF3300226621152005F04E
:1056E00041FB002005F058FD4FF4FA70FEF77AFCFC
:1056F000022C05D12146C7480F9A00F00DFB0EE0A1
:10570000012E05D1C3480F9913F0CAF8054606E0EB
:105710009FEDB80ABF480F9914F04AFB0546002DCB
:1057200007DABD48D0F86818A0F6A4708847284664
:1057300094E7B848B0F86402401E81B2B548A0F8BA
:105740006212B0F86202002803DA0021B148A0F822
:105750006212B048B0F89A02401E81B2AD48A0F87B
:105760009812B0F8D002401E81B2AA48A0F8CE121A
:10577000B0F86202401E81B2A648A0F86012B0F8EC
:105780009802401E81B2A348A0F8961200E054E0AF
:10579000B0F8CE02401E81B29E48A0F8CC12B0F8FC
:1057A0006002401E81B29B48A0F85E12B0F85E0213
:1057B000002803DA00219748A0F85E129548B0F857
:1057C0009602401E81B29348A0F89412B0F8CC0221
:1057D000401E81B28F48A0F8CA120021A0F85C12C6
:1057E000B0F85C02002802DA8A48A0F85C12894806
:1057F000B0F89402401E81B28648A0F892120021AF
:10580000A0F8C8128448D0F86818A0F6A6508847B7
:10581000022C05D18048D0F86818A0F6A4708847FB
:10582000009800F06BFA00907CA16D48009A12F08D
:10583000D9FB7EA0009906F081F8B9F1000F4CD099
:1058400001F0F0FC00907CA001F094FC7AA006F03E
:1058500075F80FF0F3FC61480078FFF78DF9C82068
:10586000FEF7C0FB022C05D1214676480F9A00F0C6
:1058700053FA0EE0012E05D172480F9913F010F87B
:10588000054606E09FED5B0A6E480F9914F090FA0A
:105890000546002D07DA6C48D0F86818A0F6A47009
:1058A00088472846DAE669A14D4803F09DFC664822
:1058B000D0F86818A0F6A6508847022C05D1624897
:1058C000D0F86818A0F6A4708847009800F016FA7F
:1058D000009062A0009906F031F8B8F1000F48D0AE
:1058E00001F0A0FC009060A001F044FC5EA006F076
:1058F00025F80FF04DFC39480078FFF73DF9C82036
:10590000FEF770FB022C05D1214659480F9A00F092
:1059100003FA0EE0012E05D155480F9912F0C0FF91
:10592000054606E09FED530A51480F9914F040FADE
:105930000546002D07DA5048D0F86818A0F6A47084
:10594000884728468AE64C48D0F86818A0F6A65042
:105950008847022C05D14848D0F86818A0F6A470F2
:105960008847009800F0CAF9009044A0009905F01B
:10597000E5FFBAF1000F2FD001F054FC009042A0D7
:1059800001F0F8FB0FF0B8FB002005F005FC4FF428
:10599000FA70FEF727FB022C05D121463D480F9AED
:1059A00000F0BAF90EE0012E05D13A480F9912F035
:1059B00077FF054606E09FED2F0A36480F9914F051
:1059C000F7F90546002D69DA3348D0F86818A0F6D3
:1059D000A4708847284641E67BE05FE0900D0020F8
:1059E00088B600202700002049444C450A000000EA
:1059F000583C00209A99993E584C0020414F443A17
:105A000025646D730D0A000052554E5F4E4F5232A1
:105A10000A000000A8850020A89500206E6F723251
:105A2000286D73293A2C25640D0A00006E6F7232BE
:105A30003A25646D730D0A0052554E5F4E6F726DBC
:105A4000616C0A00C8540020C86400200D0A525539
:105A50004E5F4E6F726D616C0D0A00004E4F523AF0
:105A600025646D730D0A000048424D0A00000000D5
:105A7000E8230020CDCCCC3DE833002048424D3A0D
:105A800025646D730D0A000052554E5F4E4F523320
:105A90000A000000386D0020387D00207848D0F8DA
:105AA0006818A0F6A6508847022C05D17448D0F893
:105AB0006818A0F6A4708847009800F01FF90090BD
:105AC00070A17448009A12F08DFA73A0009905F045
:105AD00035FF0C98D0B301F0A5FB009071A001F048
:105AE00049FB0FF009FB002005F056FB4FF4FA705C
:105AF000FEF778FA022C05D121466D480F9A00F086
:105B00000BF906E01FED250A69480F9914F050F9CA
:105B10000546002D07DA6748D0F86818A0F6A4708B
:105B2000884728469AE56348D0F86818A0F6A6503A
:105B30008847022C05D15F48D0F86818A0F6A470F9
:105B40008847009800F0DAF8009000E008E05AA1D9
:105B50005048009A12F046FA5BA0009905F0EEFE5C
:105B6000012C7DD1C7B1AFF2801001F003FB0FF023
:105B70003BFB58480078FEF7FFFF4FF4FA70FEF742
:105B800031FA214654480F9A00F0C6F85348D0F82D
:105B90006818A0F6A6508847B8F1000F18D0AFF2E9
:105BA000381001F0E7FA0FF0F3FA4A480078FEF7F0
:105BB000E3FF4FF4FA70FEF715FA214648480F9AB2
:105BC00000F0AAF84748D0F86818A0F6A650884711
:105BD000B9F1000F18D0AFF2A01001F0CBFA0FF01E
:105BE0002DFB3C480078FEF7C7FF4FF4FA70FEF734
:105BF000F9F921463C480F9A00F08EF83B48D0F85E
:105C00006818A0F6A6508847BAF1000F17D0AFF277
:105C1000881001F0AFFA0FF07FFB002005F0BCFA0E
:105C20004FF4FA70FEF7DEF9214631480F9A00F082
:105C300073F81348D0F86818A0F6A6508847BBF14F
:105C4000000F19D0AFF2402001F094FA0FF024FBBE
:105C5000002005F0A1FA4FF4FA70FEF7C3F900E056
:105C60000AE0214623480F9A00F056F82248D0F85F
:105C70006818A0F6A65088470FF0E0FA2846EDE431
:105C8000387D00204E6F7233286D73293A2C2564BD
:105C90000D0A000088B600204E6F72333A25646DFD
:105CA000730D0A0052554E5F4E4F52340A000000E9
:105CB000189E002018AE00204E6F7234286D732994
:105CC0003A2C25640D0A00004E6F72343A25646D3B
:105CD000730D0A00900D0020583C0020584C002005
:105CE000E8230020E8330020C8540020C8640020C6
:105CF000386D0020A8850020A89500200146054A9F
:105D00001068884203D2C1F1FF32104400E0401A0B
:105D100070470000700D00202DE9F047ADF6F86DDA
:105D2000044689469046B4F8400085B200264FF4F8
:105D3000007108A8FAF790FA41F66800015908A81E
:105D4000884700218BE2681E401A86B2B9F1020F23
:105D50007DD1002000FB056204F15C0030F81220C8
:105D6000C1EBC10000EB400088AB23F810200020FD
:105D700000FB0560401E04F15C0232F81020C1EB0C
:105D8000C100401C00EB400023F81020002000FB65
:105D9000056204F15C0030F81220C1EBC100801CE8
:105DA00000EB400023F81020002000FB056204F106
:105DB0005C0030F81220C1EBC100C01C00EB4000B9
:105DC00023F81020002000FB0560401E04F15C0257
:105DD00032F81020C1EBC100001D00EB400023F899
:105DE0001020002000FB056204F15C0030F8122056
:105DF000C1EBC100401D00EB400023F81020002043
:105E000000FB0560401E04F15C0232F81020C1EB7B
:105E1000C100801D00EB400023F81020012000FB92
:105E2000056204F15C0030F81220C1EBC10000EB08
:105E3000400003EB40004280012000FB056204F1BA
:105E40005C0030F81220C1EBC100401C00E0BEE055
:105E500000EB400003EB40004280012000FB0560A6
:105E6000401E04F15C0232F81020C1EBC100801C1E
:105E700000EB400003EB40004280012000FB056284
:105E800004F15C0030F81220C1EBC100C01C00EB33
:105E9000400003EB40004280012000FB0560401EF3
:105EA00004F15C0232F81020C1EBC100001D00EBD0
:105EB000400003EB40004280012000FB0560401ED3
:105EC00004F15C0232F81020C1EBC100401D00EB70
:105ED000400003EB40004280012000FB056204F11A
:105EE0005C0030F81220C1EBC100801D00EB4000C7
:105EF00003EB40004280022000FB056204F15C00DD
:105F000030F81220C1EBC10000EB400003EB400071
:105F10008280022000FB056204F15C0030F8122050
:105F2000C1EBC100401C00EB400003EB400082804D
:105F3000022000FB056204F15C0030F81220C1EB86
:105F4000C100801C00EB400003EB40008280022077
:105F500000FB0560401E04F15C0232F81020C1EB2A
:105F6000C100C01C00EB400003EB40008280022017
:105F700000FB056204F15C0030F81220C1EBC100A7
:105F8000001D00EB400003EB40008280022000FB7C
:105F90000560401E04F15C0232F81020C1EBC10024
:105FA000401D00EB400003EB40008280022000FB1C
:105FB0000560401E04F15C0232F81020C1EBC10004
:105FC000801D00EB400003EB4000828046E1B9F108
:105FD000010F7DD1002000FB056204F25A2030F849
:105FE0001220C1EBC10000EB400088AB23F8102069
:105FF000002000FB0560401E04F25A2232F81020F7
:10600000C1EBC100401C00EB400023F81020002031
:1060100000FB056204F25A2030F81220C1EBC100E7
:10602000801C00EB400023F81020002000FB0562DC
:1060300004F25A2030F81220C1EBC100C01C00EB62
:10604000400023F81020002000FB0560401E04F2F1
:106050005A2232F81020C1EBC100001D00EB4000B5
:1060600023F81020002000FB056204F25A2030F8CB
:106070001220C1EBC100401D00EB400023F81020AE
:10608000002000FB0560401E04F25A2232F8102066
:10609000C1EBC100801D00EB400023F8102001205F
:1060A00000FB056204F25A2030F81220C1EBC10057
:1060B00000EB400003EB40004280012000FB056242
:1060C00004F25A2030F81220C1EBC100401C00E05D
:1060D000BEE000EB400003EB40004280012000FBEB
:1060E0000560401E04F25A2232F81020C1EBC100B4
:1060F000801C00EB400003EB40004280012000FBCD
:10610000056204F25A2030F81220C1EBC100C01C15
:1061100000EB400003EB40004280012000FB0560E3
:10612000401E04F25A2232F81020C1EBC100001DBB
:1061300000EB400003EB40004280012000FB0560C3
:10614000401E04F25A2232F81020C1EBC100401D5B
:1061500000EB400003EB40004280012000FB0562A1
:1061600004F25A2030F81220C1EBC100801D00EB70
:10617000400003EB40004280022000FB056204F275
:106180005A2030F81220C1EBC10000EB400003EBB5
:1061900040008280022000FB056204F25A2030F8A1
:1061A0001220C1EBC100401C00EB400003EB40009B
:1061B0008280022000FB056204F25A2030F812208F
:1061C000C1EBC100801C00EB400003EB400082806B
:1061D000022000FB0560401E04F25A2232F8102013
:1061E000C1EBC100C01C00EB400003EB400082800B
:1061F000022000FB056204F25A2030F81220C1EBA5
:10620000C100001D00EB400003EB40008280022033
:1062100000FB0560401E04F25A2232F81020C1EB48
:10622000C100401D00EB400003EB400082800220D3
:1062300000FB0560401E04F25A2232F81020C1EB28
:10624000C100801D00EB400003EB4000828005E0B0
:106250004FF0FF300DF6F86DBDE8F087491C681E61
:1062600088423FF770AD22464BA10DF6D86005F08D
:1062700075FB0DF6D8624AA1104602F0B5FF4B48F7
:10628000006870B122464AA10DF6586005F066FB21
:1062900000F0FF0A52460DF658614046D8F810301B
:1062A0009847C820FDF79EFE00276CE007EB4700EB
:1062B00088A931F81010ADF8501E07EB470088A9E7
:1062C00001EB40004188ADF8521E07EB470088A95A
:1062D00001EB40008188ADF8541E216C481E41F648
:1062E00064010A590DF5656190474FF47A70FDF726
:1062F00079FE41F66C0003590DF638620DF56261C6
:10630000032098470DF5406090ED920B8DED060B44
:1063100090ED900B8DED040B90ED8E0B8DED020B3F
:10632000BDF8540E0090BDF8523EBDF8502E24A189
:106330000DF6D86002F058FF1C48006810B30DF548
:10634000406090ED920B8DED060B90ED900B8DED76
:10635000040B90ED8E0B8DED020BBDF8540E0090EA
:10636000BDF8523EBDF8502E15A10DF6586005F04F
:10637000F5FA00F0FF0A52460DF658614046D8F88B
:10638000103098477F1CA81EC0EBC000401CB842CC
:106390008CDC01205EE7000025732E747874000009
:1063A0000D0A0D0A25730D0A00000000D40D00200F
:1063B0000D0A2573206D6F64656C3A0D0A000000AC
:1063C00025642C25642C25642C25662C25662C251B
:1063D000662C0D0A000000002DE9F0470746052055
:1063E000FAF738FF82461120FAF734FF80464FF45F
:1063F00096600AFB00F0B0FBF8F62048B0FBF8F915
:106400004FF47A70704390FBF9F600240AE004EB35
:1064100084001B4901EB800000691430B04200DDAC
:1064200002E0641C052CF2D300BF052C02D1A01F92
:10643000BDE8F087002514E004EB8400104901EB6F
:10644000800050F825001438B04209DA04EB8400CB
:1064500001EB800050F825001430B04200DD02E06E
:106460006D1C052DE8D300BF062D01D1E81FDFE725
:10647000601C38707D700120DAE7000050FB4A0094
:10648000B42D030800B58DB00121084602F076F95D
:106490000121080202F0A2F920200B9003208DF8C0
:1064A000300000208DF833000BA91748FEF7ECFBF5
:1064B0000121080202F0A2F900214FF4807002F0DD
:1064C0009DF9002007900A9009904FF480300890C1
:1064D00007A8FAF7A7FE002001908DF808008DF8B4
:1064E00009000390059001208DF8180001A90748C4
:1064F000FAF7ECFE0120FAF775FF01210348FAF7DD
:1065000085FE0DB000BD00000000024000200140EB
:1065100000BFFEE71CB5124800214FF40073114A7A
:10652000CDE9001091151046FDF768FFFCF766FAFB
:106530000446012C04D100200B49086020461CBDF4
:1065400014F0ACFF0446601C10B94FF0FF30F6E7C2
:10655000064815F017F801200349086000BFEEE770
:106560009D0A020800040240E00E002080F0FA02BA
:1065700010B504460648006818B9A0B2FCF7C6FA80
:1065800004E0044904FB01F014F0A0FF10BD00007A
:10659000E00E0020A08601002DE9F04104460F46E0
:1065A00016460020FDF795FF21460020FDF7BAFFB3
:1065B00005461DB94FF0FF30BDE8F0813946002097
:1065C000FDF7B0FF054615B94FF0FF30F4E70020A6
:1065D000FDF77FFF601CC1B20020FDF7A3FF054659
:1065E00015B94FF0FF30E7E701210020FDF734FF38
:1065F00030700020FDF784FF0120DDE72DE9F04138
:1066000005460F4616460020FDF763FF2946002089
:10661000FDF788FF04461CB94FF0FF30BDE8F0815C
:1066200039460020FDF77EFF044614B94FF0FF30D5
:10663000F4E731460020FDF775FF044614B94FF02A
:10664000FF30EBE70020FDF75BFF2046E6E70000A8
:1066500010B52DED028BB0EE408A9FED070A28EEB3
:10666000000ABCEEC00A10EE100A81B20A2001F046
:10667000A9FABDEC028B10BD00007A441CB50121C3
:106680004A2002F07BF84FF40060009001208DF862
:10669000040000208DF8060001208DF8070003207B
:1066A0008DF8050069461A48FEF7EEFA4FF40061CE
:1066B0001748FEF792FB8020009001208DF804001F
:1066C00000208DF8060001208DF8070003208DF8CA
:1066D000050069460F48FEF7D7FA80210D48FEF7FE
:1066E0007CFB0220009001208DF8040000208DF832
:1066F000060001208DF8070003208DF8050069468B
:106700000448FEF7C1FA02210248FEF766FB1CBDF1
:1067100000100240000402402DE9F04704460D46F7
:106720001646200440EA052040EA060900270CE04E
:106730004FF0000804E04846FEF73EFF08F101086C
:10674000054800688045F6D37F1C044800688742EE
:10675000EED3BDE8F0870000280E00202C0E0020AC
:106760002DE9F04104466068431E2068421E002166
:106770000846D4F80CC0E04700250DE02802616807
:10678000B0FBF1F7002603E03846A1688847761C85
:106790002068B042F8D86D1C6068A842EED8BDE809
:1067A000F08100002DE9F04105466868431E286825
:1067B000421E00210846D5F80CC0E0472E6800278D
:1067C00052E0002404E06FF07F40A9688847641C11
:1067D000B4EBD60FF7D303E02648A9688847641CBA
:1067E0007000B4EBD00FF7D304E04FF6FF70A96848
:1067F0008847641C06EB4600B4EBD00FF5D304E0E9
:106800004FF47F40A9688847641CB000B4EBD00FF8
:10681000F6D304E04FF0FF10A9688847641C06EB2C
:106820008600B4EBD00FF5D304E04FF47F00A968E5
:106830008847641C06EB46004000B4EBD00FF4D34D
:1068400003E0FF20A9688847641CC6EBC600B4EBD0
:10685000D00FF6D303E00020A9688847641CF0003D
:10686000B4EBD00FF7D37F1C6868B842A9D8BDE855
:10687000F081000000FFFF002DE9F04704460D46BF
:1068800016461F466068431E2068421E00210846C7
:10689000D4F80CC0E047280440EA062040EA070A82
:1068A0004FF000090CE04FF0000804E05046A168EA
:1068B000884708F1010820684045F7D809F1010927
:1068C00060684845EFD8BDE8F0872DE9F0410446FF
:1068D0006068431E2068421E00210846D4F80CC0A0
:1068E000E04700250EE028026168B0FBF1F73F02A7
:1068F000002603E03846A1688847761C2068B0422D
:10690000F8D86D1C6068A842EDD8BDE8F0812DE98B
:10691000F04104466068431E2068421E002108467C
:10692000D4F80CC0E047002711E000260BE030024D
:106930002168B0FBF1F5280440EA0520054328460C
:10694000A1688847761C2068B042F0D87F1C606838
:10695000B842EAD8BDE8F0812DE9F041044660680C
:10696000431E2068421E00210846D4F80CC0E047B0
:10697000002611E030026168B0FBF1F5280440EA1E
:1069800005200543002703E02846A16888477F1CAF
:106990002068B842F8D8761C6068B042EAD8BDE8F2
:1069A000F08110B5029C016042608360C46010BD3C
:1069B0002DE9F04104466068431E2068421E002114
:1069C0000846D4F80CC0E04700250EE028026168B4
:1069D000B0FBF1F73F04002603E03846A168884782
:1069E000761C2068B042F8D86D1C6068A842EDD8CB
:1069F000BDE8F08130B52DED028B87B00124012078
:106A0000FEF7BAF84FF47A70FDF7ECFA9A4B1A1FBA
:106A1000191D0120FBF77CFA00283FDB9648001F78
:106A200090ED020A10EE101A0846F9F774FE41ECD8
:106A3000180B9FED920B53EC102BF9F797FE3BD2FE
:106A40008D48001F90ED020A10EE101A0846F9F763
:106A500062FE41EC180B53EC182B8AA000F08AFB65
:106A60008548001F90ED020A10EE101A0846F9F74B
:106A700052FE41EC180B53EC182B82A004F05EFF81
:106A8000012000F0B3FB40F2DC50FDF7ABFA002030
:106A900000F0ACFB07B0BDEC028B30BD81A000F074
:106AA00069FB012000F0A2FB40F2DC50FDF79AFAEE
:106AB000002000F09BFBEDE77F4800F055FB7E488F
:106AC000C0787D498978CDE900107B484378027809
:106AD0007AA17F4804F042FF7E4802787EA1824876
:106AE00004F03CFF80497A48F9F7C1FB7F48007801
:106AF00000907F4803787F4802787FA17A4804F0AD
:106B00002DFF79497248F9F7B2FB724800780328E3
:106B100055DA07F011FD6420FDF764FA00F082FBFE
:106B20007F49086000F07EFB7E4908607E480021B6
:106B300002910391CDE90410084601210B460A4653
:106B4000CDE9001000210120FEF740FD77490860E3
:106B500074480068FFF7D2F84FF47A71B0FBF1F592
:106B6000294673A000F006FB70480068002810DA80
:106B700074A000F0FFFA73A004F0E0FE71A15A487F
:106B800004F0ECFE58495248F9F771FB4FF0FF341E
:106B900028E0704800F09CFB002823DA6EA000F08B
:106BA000E9FA6DA004F0CAFE6BA14F4804F0D6FECE
:106BB0004D494748F9F75BFB4FF0FF3412E04FF0C7
:106BC000FF34032167A000F0D5FA032165A004F08B
:106BD000B5FE032263A1444804F0C0FE42493C488C
:106BE000F9F745FB4E480068FFF788F84FF47A71D3
:106BF000B0FBF1F5294661A000F0BCFA00210820A5
:106C000000F0BAF90121084600F0B6F9601CB8B9E5
:106C10000220FDF7B1FF5DA004F090FE2C495DA0BD
:106C200004F08CFE5CA004F089FE012000F0DEFA86
:106C30004FF47A70FDF7D6F9002000F0D7FA29E773
:106C40000320FDF799FF56A004F078FE6420FDF7BD
:106C5000C9F91F494FA004F071FE4FA004F06EFE69
:106C6000012000F0C3FAC820FDF7BCF9002000F0B5
:106C7000BDFA00BF0EE70000241E0020FCA9F1D2DF
:106C80004D62403F434C35204C763A252E346620E9
:106C90003E20302E303030356E6974204E470D0A5C
:106CA0000000000047657420434C35206461746126
:106CB000204E470D0A0000005900002049503A2597
:106CC000642C25642C25642C25640D0A000000002A
:106CD000F8140020210000204F54505F74696D6546
:106CE000733A25640D0A0000F81C002025000020DE
:106CF000240000202300002030784944313A253018
:106D000032780D0A30784944323A253032780D0A0B
:106D100030784944333A253032780D0A00000000BB
:106D200018000020140000203C1E002068000020F5
:106D300067616D6D615F74696D65203D20256473C9
:106D40000A00000047616D6D612052756E204E474C
:106D50000D0A0000501E00204E554D204E470D0AD2
:106D6000000000004F54505F74696D6573203E3D14
:106D70002025642C204F5450204E4700616C6C5FDE
:106D800074696D65203D202564730A006F74706E10
:106D900067000000257300006F7470656E6400006A
:106DA0006F74706F6B0000001CB50121062001F0AC
:106DB000E5FC0121082001F0E1FC4FF44040009087
:106DC00000208DF804008DF8060003208DF80500E2
:106DD00001208DF8070069460A48FDF755FF4FF47A
:106DE0004040009000208DF804008DF8060003203C
:106DF0008DF8050001208DF8070069460248FDF76F
:106E000043FF1CBD000802400004024070B500248E
:106E10000025002651480068FEF770FF142801D2B3
:106E2000002070BD00F0FEF94C4908604C48007825
:106E30004C4908700846007800F0010020B100219C
:106E4000012000F099F801264648007800F0020081
:106E500020B10021022000F08FF80126414800787F
:106E600000F0040020B10021042000F085F8012684
:106E70003C48007800F0080020B10021082000F014
:106E80007BF8012616B16420FDF7B8F84FF40041F5
:106E90003548FDF799FF08B944F001044FF48041EB
:106EA0003148FDF791FF08B944F002044FF48041E6
:106EB0002E48FDF789FF08B944F004044FF400415F
:106EC0002A48FDF781FF08B944F0080425480078F6
:106ED00000F0010018B10121084600F04DF82148EA
:106EE000007800F0020018B10121022000F044F8FF
:106EF0001C48007800F0040018B10121042000F0C3
:106F00003BF81848007800F0080018B1012108206B
:106F100000F032F81648007820B1012809D0022884
:106F200019D113E024B101201149087011480460FF
:106F300011E010480068844204D1254602200C4923
:106F4000087002E000200A49087004E014B900202B
:106F50000749087000BF00BFE8B262E7740E002066
:106F6000640E0020700E0020000802400004024061
:106F7000710E00206C0E00207CB505460E46012DDA
:106F800006D0022D09D0042D0CD0082D14D10EE00E
:106F9000234C4FF4004000900EE0214C4FF4804011
:106FA000009009E01F4C4FF48040009004E01D4C1D
:106FB0004FF40040009000BF00BF012E19D1012006
:106FC0008DF804008DF8060003208DF805000120DF
:106FD0008DF8070069462046FDF756FE009881B2FD
:106FE0002046FDF7FAFE1048007828430E49087045
:106FF00014E000208DF8040001208DF80600032025
:107000008DF8050001208DF8070069462046FDF740
:107010003BFE05480078A843034908707CBD00008A
:107020000008024000040240640E002010B58021D8
:107030000148FDF7D2FE10BD0004024010B58021CA
:107040000148FDF7CCFE10BD0004024010B5002041
:1070500000F0B8FE10BD30B5DDE9034530BD2DE9C7
:10706000FC470446884615469946DDE90AA60AE02B
:107070004B462A4641462046CDE900A7FFF7EBFFE5
:10708000082000FB054416F8017B002FF0D1BDE875
:10709000FC87592A00D102E04E2A00D100BF704778
:1070A0001CB5002001F0E0F90A20FCF79BFF2748FF
:1070B000007801280ADA07F03FFA2548D0F8681866
:1070C000A0F6A470884723A000F054F84FF0FF32D8
:1070D0000021112001F0A8FA3C20FCF783FF4FF0BB
:1070E000FF30852101230022CDE9001011462A201E
:1070F00001F09AFA4FF0FF30C12101230022CDE9BF
:10710000001011462B2001F08FFA4FF0FF33C122FF
:107110000121442001F088FA4FF0FF320021352090
:1071200001F082FA4FF0FF322021532001F07CFA67
:107130004FF0FF320021292001F076FA5020FCF7B1
:1071400051FF07A000F016F81CBD00002100002030
:10715000C8640020416C6C5F636F64650D0A0000B9
:1071600031312D32390D0A0010B50446204600F0A9
:10717000C1FD10BD0FB47CB5052507A801901948C5
:10718000019A069904F0FEFB06460020019016497C
:1071900008700346721C13490090284611F0C6F986
:1071A000002803DAA81F7CBC5DF814FB002408E06B
:1071B000641C642C02DD6FF00100F4E70120FCF791
:1071C00011FF094800780328F2D107480069407888
:1071D00045F01001884202D06FF00100E3E7002083
:1071E000E1E7000090E9002000E3002010B504462C
:1071F000012C02DD4FF0FF3010BD204600F0B0FD45
:10720000FAE770B504460D462946204600F0A6FE72
:1072100070BD10B504460A2C00D10224204600F0AF
:10722000A9FF10BD0148006870470000700D0020E4
:1072300000BFFEE7704710B54FF4C06000F03EF8A5
:1072400010BD000070B5002100230F22C4781CB3CC
:10725000174C246804F4E064C4F5E064C4F3072127
:10726000C1F10404E3B20A4144789C40E1B284785D
:10727000144021430C07210E0E4C0578615504780B
:1072800004F01F050124AC4005786D11AD0005F137
:10729000E025C5F8004109E0047804F01F05012449
:1072A000AC40054D0678761145F8264070BD0000CB
:1072B0000CED00E000E400E080E100E00249014361
:1072C000024A1160704700000000FA050CED00E072
:1072D0002DE9F843814601274FF0000800250026DC
:1072E000B7480078B7490870002001F0BDF80A20BF
:1072F000FCF778FE07F020F9B348D0F86818A0F63C
:10730000A6508847B148D0F86818A0F6A65088471C
:10731000AF48D0F86818A0F6A65088476B1E5A22CE
:107320001146F02001F080F96B1E5A221146F1201F
:1073300001F07AF9A7A0FFF71DFFA6A004F0FEFA5E
:10734000B1EE080A032000F04BFB3220FCF74AFEA6
:107350006B1E00225A21FF2001F066F96A1E0121EE
:10736000D02001F061F940F2DC50FCF73BFE6A1ED0
:107370000021D02001F058F90A20FCF733FE9FEDE0
:10738000980A032000F02CFB0A20FCF72BFE6A462B
:107390000221D32001F086F99DF8000000F00308D7
:1073A00088480078A8EB0000012810D08DA0FFF7D6
:1073B000E1FE8CA004F0C2FA96A1A14804F0CEFA36
:1073C0009F49A048F8F753FF681EBDE8F8839DF871
:1073D000010000F001059DF8010000F002067DB9F2
:1073E00076B999A0FFF7C6FE97A004F0A7FA99A175
:1073F000934804F0B3FA92499248F8F738FF20E036
:10740000012E0ED195A0FFF7B5FE94A004F096FAD8
:1074100092A18B4804F0A2FA89498A48F8F727FF1D
:107420000FE0012D0DD195A0FFF7A4FE93A004F06D
:1074300085FA92A1824804F091FA81498148F8F7CF
:1074400016FFFCF705FE4FF4FA70FCF7CBFDFCF7D6
:107450002BFFF9F7DDFF0446002C0FDA95A0FFF7AC
:1074600089FE94A004F06AFA98A1754804F076FAAF
:1074700073497448F8F7FBFE4FF0FF370CF040FB00
:10748000401C58B996A004F059FA95A16C4804F034
:1074900065FA6B496B48F8F7EAFE0AE096A004F03B
:1074A0004DFA95A1664804F059FA65496548F8F720
:1074B000DEFE0CF0E9F9401C58B995A004F03EFA44
:1074C00093A15F4804F04AFA5D495E48F8F7CFFEA1
:1074D0000AE094A004F032FA92A1594804F03EFA6E
:1074E00057495848F8F7C3FE0CF06CFA401C58B9DD
:1074F00091A004F023FA90A1514804F02FFA5049CA
:107500005048F8F7B4FE0AE090A004F017FA8FA1F3
:107510004B4804F023FA4A494A48F8F7A8FE01F01C
:10752000F1F90446002C10DA8DA0FFF723FE8CA0A1
:1075300004F004FA8FA1424804F010FA404941488F
:10754000F8F795FE4FF0FF370DE08EA0FFF712FE23
:107550008CA004F0F3F990A1394804F0FFF9384900
:107560003848F8F784FE90A0FFF704FEFBF7E8FF29
:107570000446002C0EDD91A0FFF7FCFD8FA004F067
:10758000DDF98EA12E4804F0E9F92D492D48F8F7D0
:107590006EFE0FE08EA0FFF7EDFD8DA004F0CEF99A
:1075A0008BA1274804F0DAF925492648F8F75FFE51
:1075B0004FF0FF378BA0FFF7DDFD384605E70000F1
:1075C0002100002022000020C8640020E8330020B1
:1075D000584C00204F54505F53544152540D0A00F0
:1075E0000000000061667465725F4F54505F7469FB
:1075F0006D6573202D207072655F4F54505F746904
:107600006D657320213D20312C4F5450204E470D85
:107610000A00000061667465725F4F54505F7469C0
:107620006D6573202D207072655F4F54505F7469D3
:107630006D657320213D20312C4F5450204E470062
:10764000F81C0020F81400204F5450204F4B0D0A16
:10765000000000004F5450204F4B00004F5450206A
:107660004E472C204F54505F506172615F457272DB
:107670006F72203D3D20310D0A0000004F54502014
:107680004E472C4D6F64756C652073616D706C6531
:10769000206162616E646F6E6D656E742C204F5454
:1076A000505F486561645F4572726F72203D3D2096
:1076B000310D0A004166746572204F5450204368B2
:1076C00065636B204E470D0A00000000416674653B
:1076D00072204F545020436865636B204E470A0068
:1076E0004E6F726D616C2067616D6D6120636865BE
:1076F000636B204E470A00004E6F726D616C20670D
:10770000616D6D6120636865636B204F4B0A0000FB
:1077100048424D2067616D6D6120636865636B2031
:107720004E470A0048424D2067616D6D61206368D5
:1077300065636B204F4B0A00414F442067616D6DBC
:107740006120636865636B204E470A00414F442007
:1077500067616D6D6120636865636B204F4B0A0044
:1077600052656164414C4C636F6465204E470D0A5D
:107770000000000052656164414C4C636F646520F9
:107780004E470A0052656164414C4C636F6465204A
:107790004F4B0D0A0000000052656164414C4C6380
:1077A0006F6465204F4B0A0047616D6D612043682F
:1077B00065616B2053746172740D0A0047616D6DD1
:1077C0006120436865616B204F4B0D0A000000008B
:1077D00047616D6D6120436865616B204E470D0AFE
:1077E0000000000047616D6D6120436865616B209A
:1077F000656E640D0A0D0A001CB50121032000F01E
:10780000BDFF4FF44040009001208DF8040000209F
:107810008DF8060001208DF8070003208DF8050083
:1078200069461A48FDF730FA2020009001208DF8B3
:10783000040000208DF8060001208DF807000320C9
:107840008DF8050069461248FDF71EFA002011491F
:1078500008601149C1F8BC0210490860F9F750FFEF
:1078600000210A2000F0AEF94FF47A710B2000F0ED
:10787000A9F90021062000F0A5F90021072000F059
:10788000A1F90021082000F09DF91CBD0004024070
:1078900000000240B88240420080404294024042D0
:1078A0000B48007810280FD00948007811280BD019
:1078B00007480078122807D005480078132803D01D
:1078C00003480078142801D1012070470020FCE70C
:1078D0004C0E00202DE9F04107460E460125002000
:1078E000304908702B460322082110F081FE002841
:1078F00002DAA81EBDE8F081002408E0641C642CB4
:1079000002DD6FF00100F5E70120FCF76BFB254875
:1079100000780328F2D123480069407845F010012F
:10792000884202D06FF00100E4E71E480069028936
:107930001C48006900F10A013846F8F774FC002081
:10794000184908702B4602220B2110F051FE002826
:1079500002DA4FF0FF30CDE7002408E0641C642C0D
:1079600002DD6FF00100C5E70120FCF73BFB0D488D
:1079700000780328F2D10B480069407845F01001E7
:10798000884202D06FF00100B4E70648006902891E
:107990000448006900F10A013046F8F744FC002071
:1079A000A8E7000000E3002010B5F9F715FF10BDAF
:1079B00070B506460D46701EC4B2082C02DB4FF0AF
:1079C000FF3070BD052C01DB601CC4B2012D02DD4F
:1079D0006FF00100F5E72946204600F0F9FAF0E7DC
:1079E00070B52DED028B0546B0EE408A681EC4B21C
:1079F000082C04DB4FF0FF30BDEC028B70BD042C73
:107A000003D1B1EE480AB0EE408AB0EE480A2046F3
:107A100000F030FBF0E700001FB5002000F024FD6F
:107A20000A20FCF7DFFA4FF0FF335A221146F0200C
:107A300000F0FAFD4FF0FF335A221146F12000F01A
:107A4000F3FD4FF0FF3300225A21FF2000F0ECFD40
:107A500001AA0121D52000F025FE9DF8040000F0C8
:107A600003001A4908700846017819A0FFF782FB45
:107A70004FF0FF305623322207210090B12000F052
:107A8000D3FD01AA0121DA2000F00CFE9DF80400CC
:107A90001349087001AA0121DB2000F003FE9DF8C4
:107AA00004001049087001AA0121DC2000F0FAFD51
:107AB0009DF804000C4908700846037809480278CC
:107AC0000748017809A0FFF755FB1FBD21000020E2
:107AD0004F54505F74696D65733D25640D0A000055
:107AE0002300002024000020250000203078494495
:107AF00031202D3E203078253032780D0A307849FB
:107B00004432202D3E203078253032780D0A3078EE
:107B1000494433202D3E203078253032780D0A003C
:107B2000704700002DE9FC4104460D460427012C56
:107B300002D10720019012E0022C02D1082001900E
:107B40000DE0032C02D10920019008E0042C02D1A1
:107B50000A20019003E04FF0FF30BDE8FC810020D7
:107B6000174908702846F8F7AAFB00F101082B46D0
:107B7000012201A93846CDF8008010F0D7FC00287A
:107B800002DA4FF0FF30E8E7002608E0761C642EAA
:107B900002DD6FF00100E0E70120FCF723FA08485E
:107BA00000780328F2D106480069407847F01001B8
:107BB000884202D06FF00100CFE70020CDE700003F
:107BC00000E3002070B52DED048B05460C46A81F80
:107BD000062818D2DFE800F02D49658103182046F9
:107BE000F8F754FD41EC190B9FED3E0B53EC102BB5
:107BF000F8F7BEFC41EC180BF8F774FD86B231467D
:107C00000220F9F7A5FD68E02046F8F73FFD41ECBA
:107C1000190B9FED340B53EC102BF8F7A9FC41EC3A
:107C2000180BF8F75FFD86B231460120F9F790FD99
:107C300053E0ACB104F5B970F8F717FD41EC190B3E
:107C40009FED2A0B53EC102BF8F792FC41EC180B2C
:107C5000F8F748FD86B231460320F9F779FD03E0D5
:107C600000210320F9F774FD37E0ACB104F5B970D9
:107C7000F8F7FBFC41EC190B9FED1C0B53EC102BA0
:107C8000F8F776FC41EC180BF8F72CFD86B231467C
:107C90000420F9F75DFD03E000210420F9F758FD09
:107CA0001BE0ACB104F5B970F8F7DFFC41EC190B3F
:107CB0009FED0E0B53EC102BF8F75AFC41EC180B10
:107CC000F8F710FD86B231460520F9F741FD03E0D3
:107CD00000210520F9F73CFD00BF00BFBDEC048B7F
:107CE00070BD000000000000000004400000000023
:107CF0000080274070B5064601250020174908700E
:107D00002B4604220D2110F073FC002801DAA81E76
:107D100070BD002408E0641C642C02DD6FF00100DB
:107D2000F6E70120FCF75EF90C4800780328F2D151
:107D30000A480069407845F01001884202D06FF08F
:107D40000100E5E70548006902890448006900F17F
:107D50000A013046F8F767FA0020D9E700E300206F
:107D600031B5062515489DF8001001700020144912
:107D700008702B4601220021104810F039FC002821
:107D800001DAE81F38BD002408E0641C642C02DD21
:107D90006FF00100F6E70120FCF724F908480078AD
:107DA0000328F2D106480069407845F01001884266
:107DB00002D06FF00100E5E70020E3E724E70020B0
:107DC00000E300202DE9F04105460327002D00DDEA
:107DD0000125324885700020314908703B46012258
:107DE00002212E4810F004FC002803DA4FF0FF3087
:107DF000BDE8F081002409E0641CB4F5FA7F02DDDF
:107E00006FF00100F4E70120FCF7ECF8244800785B
:107E10000328F1D122480069407847F010018842D8
:107E200002D06FF00100E3E70DB90020E0E7642C19
:107E300003DA4FF4FA70FCF7D5F80127002018494F
:107E400008703B460122022110F0D2FB002801DA23
:107E5000B81ECDE7002408E0641C642C02DD6FF03E
:107E60000100C5E70120FCF7BDF80D4800780328A4
:107E7000F2D10B480069407847F01001884202D0E7
:107E80006FF00100B4E706480069867A06F0F0005A
:107E900008B17042ACE70020AAE7000024E7002008
:107EA00000E3002070B5054602262A4880F8C45039
:107EB00080F8F85000202849087033460122C42178
:107EC000244810F095FB002801DAF01E70BD002454
:107ED00008E0641C642C02DD6FF00100F6E701206D
:107EE000FCF780F81C4800780328F2D11A48006992
:107EF000407846F01001884202D06FF00100E5E7BB
:107F000000201549087033460122F821114810F06D
:107F10006FFB002802DA4FF0FF30D7E7002408E0BB
:107F2000641C642C02DD6FF00100CFE70120FCF738
:107F300059F8094800780328F2D1074800694078C9
:107F400046F01001884202D06FF00100BEE7002029
:107F5000BCE7000024E7002000E30020F3B581B077
:107F60000C4604269DF80400072801DB701FFEBDA7
:107F70000020164908702046F8F7A1F9471C23464F
:107F8000012201A93046009710F0D0FA002802DA49
:107F90004FF0FF30EBE7002508E06D1C642D02DD9B
:107FA0006FF00100E3E70120FCF71CF807480078B8
:107FB0000328F2D105480069407846F01001884254
:107FC00002D06FF00100D2E70020D0E700E30020EC
:107FD0002DE9F04104460D46032700202249087090
:107FE000062C0DDA2148055504F111013B4601220A
:107FF000113810F0FDFA00281ADA381FBDE8F081B8
:10800000092C12DAA11F1A4845544FF4C470A21F5C
:10801000104481B23B4601221448113810F0E8FAAE
:10802000002805DA4FF0FF30E8E74FF0FF30E5E7D2
:10803000002608E0761C642E02DD6FF00100DDE70B
:108040000120FBF7CFFF084800780328F2D106484B
:108050000069407847F01001884202D06FF00100BB
:10806000CCE70020CAE7000000E3002035E700204D
:10807000ACE800202DE9F0412DED028B0446B0EE76
:10808000408A0326002036490870052C22DA9FED2D
:10809000350A28EE000A344800EB840080ED000A1F
:1080A0003248F8F70CF9804642463049304605F030
:1080B00041FB07464C2000EB84013B4604222A4842
:1080C0004C3810F095FA00282EDA301FBDEC028BE8
:1080D000BDE8F081082C24DA9FED220A28EE000A80
:1080E000611F234800EB810080ED000A1F48F8F76C
:1080F000E6F8804642461D49304605F01BFB074620
:108100004FF4CA70621F00EB820081B23B4604222A
:1081100015484C3810F06CFA002805DA4FF0FF30A3
:10812000D4E74FF0FF30D1E7002508E06D1C642D47
:1081300002DD6FF00100C9E70120FBF753FF08489B
:1081400000780328F2D106480069407846F0100113
:10815000884202D06FF00100B8E70020B6E70000C7
:1081600000E3002000007A4470E70020780E002031
:10817000B8E8002031B5062515489DF8001041707B
:108180000020144908702B4601221146104810F0B7
:108190002FFA002801DAE81F38BD002408E0641C2B
:1081A000642C02DD6FF00100F6E70120FBF71AFFF7
:1081B000084800780328F2D106480069407845F065
:1081C0001001884202D06FF00100E5E70020E3E7EC
:1081D00024E7002000E3002070B5044600260FE0ED
:1081E000E06A80470120616888476806050EA0693B
:1081F00080470543E06A8047002061688847761C15
:10820000082EEDD3284670BD2DE9F0470446884678
:1082100016461F46DDF8209000202168884701207F
:10822000A16A8847002505E016F8011B204600F0EA
:108230001BF86D1C4545F7D317B10020A16A88478C
:10824000002507E02046FFF7C7FF89F8000009F185
:1082500001096D1CBD42F5D301202168884701202A
:10826000A16A8847BDE8F08770B504460D46002630
:1082700016E005F0800018B10120A168884702E0EF
:108280000020A16888476806050EE06A8047012043
:1082900061688847E06A8047002061688847761CEB
:1082A000082EE6D370BD70B504460D46C5F3C01068
:1082B00061698847C5F3801021698847C5F340107C
:1082C000E1688847C5F30010A1688847E06A8047E5
:1082D000012061688847E06A80470020616888471C
:1082E000C5F3C00061698847C5F3800021698847EC
:1082F000C5F34000E168884705F00100A1688847A0
:10830000E06A8047012061688847E06A8047002072
:108310006168884770BD000040B90649097801F0DE
:10832000010129B10021044A116001E002490860FD
:1083300070470000E0000020900240421CB5044657
:10834000002C46D00820009001208DF80400002069
:108350008DF8060003208DF8050001208DF8070038
:1083600069463F48FCF790FC4FF480500090012094
:108370008DF8040000208DF8060003208DF805001C
:1083800001208DF8070069463548FCF77DFC012087
:1083900000908DF804008DF8060003208DF805008C
:1083A00001208DF8070069462E48FCF76DFC082077
:1083B000009001208DF804008DF8060003208DF850
:1083C000050001208DF8070069462648FCF75CFC93
:1083D00044E00820009000208DF804008DF806008D
:1083E00003208DF8050001208DF8070069461C4820
:1083F000FCF74AFC4FF48050009000208DF80400F8
:108400008DF8060003208DF8050001208DF8070087
:1084100069461348FCF738FC0120009000208DF8D5
:1084200004008DF8060003208DF8050001208DF86A
:10843000070069460B48FCF727FC08200090002045
:108440008DF804008DF8060003208DF8050001204A
:108450008DF8070069460348FCF716FC1CBD0000B8
:10846000000C02400000024030B10749097821F0B9
:108470000101054A117005E00349097841F0010145
:10848000014A117070470000E000002000F0010276
:108490000AB1014A11607047900240422DE9F04153
:1084A00004460D4616461F4612210848FFF7DCFE1B
:1084B00000210648FFF7F7FE2C210448FFF7F3FEE2
:1084C00000210248FFF7EFFEBDE8F08140210020C7
:1084D0001CB501210F2000F051F91020009001205F
:1084E0008DF8040000208DF8060003208DF80500AB
:1084F00001208DF8070069463C48FCF7C5FB4FF4A6
:108500000050009001208DF8040000208DF8060036
:1085100003208DF8050001208DF8070069463448D6
:10852000FCF7B2FB0820009001208DF80400002029
:108530008DF8060003208DF8050001208DF8070056
:1085400069462B48FCF7A0FB4FF4805000900120B7
:108550008DF8040000208DF8060003208DF805003A
:1085600001208DF8070069462148FCF78DFB0120AA
:1085700000908DF804008DF8060003208DF80500AA
:1085800001208DF8070069461848FCF77DFB08209C
:10859000009001208DF804008DF8060003208DF86E
:1085A000050001208DF8070069461048FCF76CFBB8
:1085B00010481149C86211480860114848601148C4
:1085C0008862114888601148C860114808611148E4
:1085D0004861114888611148C86111480862114812
:1085E00048620120FFF798FE1CBD00000000024019
:1085F000000C0240DB3F01084021002019830108E4
:10860000118701083D830108298701084187010876
:1086100059870108718701081D87010835870108FE
:108620004D870108658701080FB47CB50646002414
:1086300008A8019002222046641C18490A5400220E
:108640002046641C0A542046641C0E542046641CB8
:108650000A540798C2B22046641C0A5409E00198E3
:1086600020C80190681C00B904E02046641C0B4936
:108670000D54F4E700BFB4F5807F02D97CBC5DF8EF
:1086800014FB00200346054A214600900448FFF7EA
:10869000BBFD0020019000BFF0E70000702100202A
:1086A000402100207CB506460C46154603208DF877
:1086B000040000208DF805008DF806608DF8070095
:1086C000234601AA042102480095FFF79DFD7CBDC9
:1086D0004021002010B5044621460248FFF7E3FD83
:1086E00010BD00004021002010B50446C4F307412E
:1086F0000648FFF7D8FDC4F307210448FFF7D3FD70
:10870000E1B20248FFF7CFFD10BD0000402100207C
:108710000149086070470000B48241420148006886
:10872000C0B270470C8241420149086070470000A6
:108730008C82414201480068C0B270473082414299
:108740000149086070470000B0824142014800685A
:10875000C0B2704700024042014908607047000003
:108760008002404201480068C0B270470C0240429B
:1087700001490860704700008C02404229B1064A56
:1087800012680243044B1A6004E0034A12688243F1
:10879000014B1A60704700003038024029B1064A88
:1087A00012680243044B1A6004E0034A12688243D1
:1087B000014B1A60704700003838024029B1064A60
:1087C00012680243044B1A6004E0034A12688243B1
:1087D000014B1A60704700004038024029B1064A38
:1087E00012680243044B1A6004E0034A1268824391
:1087F000014B1A60704700004438024029B1064A14
:1088000012680243044B1A6004E0034A1268824370
:10881000014B1A607047000024380240F0B5002177
:1088200000220024022500260223324F3F6807F071
:108830000C0121B1042905D0082937D105E02E4FBC
:10884000076036E02D4F076033E02A4F3F1F3F6837
:10885000C7F38056274F3F1F3F6807F03F036EB1B5
:10886000264FB7FBF3F7DFF88CC0ACF1040CDCF853
:1088700000C0CCF3881C07FB0CF40CE01E4FB7FBC8
:10888000F3F7DFF870C0ACF1040CDCF800C0CCF3F7
:10889000881C07FB0CF4174F3F1F3F68C7F30147C5
:1088A0007F1C7D00B4FBF5F7076002E0124F076004
:1088B00000BF00BF0F4F3F6807F0F0010909104FDC
:1088C0007A5C0768D74047600A4F3F6807F4E05179
:1088D000890A0B4F7A5C4768D7408760054F3F682D
:1088E00007F46041490B064F7A5C4768D740C76080
:1088F000F0BD0000083802400024F40040787D01FB
:10890000600D002070B5ADF5027D01265D485E4921
:108910000860710202A8F7F79FFC0020FFF7A4FD92
:108920003220FBF75FFBB31E5A221146F020FFF7FF
:108930007BFEB31E5A221146F120FFF775FE53A0AD
:10894000FEF718FC54A1594803F008F85749584855
:10895000F7F78DFC002570E04B4800688078FF2811
:108960002BD1494B1B681A79474B1B68D978464B6A
:108970001B6898784FF0FF33FFF756FE42480068B7
:10898000037941480068C2783F480068817849A06F
:1089900002F0D4FF3C480068007900903A48006833
:1089A000C37839480068827842A1404802F0D6FF77
:1089B0003E493F48F7F75BFC2FE0334A1268527894
:1089C000511E314A12689078404AFFF76BFE00242E
:1089D0001CE02D480068801C611C405C3B49095D1F
:1089E000884211D03948005D009027480068801CFB
:1089F000621C835C244800688178224634A002F01F
:108A00009DFF4FF0FF3607E0601C84B21E480068EF
:108A10004078401EA042DCDC00BF142095FBF0F043
:108A200020B14FF4007102A8F7F716FC681C85B25C
:108A300015480068203014490860632D8CD3012E3E
:108A400001D12CA000E02CA001462CA0FEF792FB47
:108A5000012E01D127A000E027A0024627A113483C
:108A600002F07CFF11491248F7F701FCFEF718FFEE
:108A700010B102F05BF901E002F0DCF930460DF5CF
:108A8000027D70BDE4000020440D00207265616429
:108A900020737461720D0A007265616420616C6CF0
:108AA00020636F64653A0D0A00000000F81C002086
:108AB000F81400203078253032582C3078253032A8
:108AC000582C3078253032583A0D0A00480D0020D5
:108AD0003078253032785B25645D3A307825303245
:108AE000782D3E307825303278204661696C2C0D27
:108AF0000A0000004F4B00004E47000072656164A1
:108B000020656E643A202573200D0A000021024A78
:108B10001160114608607047E00D00207FB5002409
:108B2000012534483449086002F0ECFCFEF783FB71
:108B300002F0C4FEF9F795F9FEF75EFE02F0FCF8CC
:108B40004FF47A70FBF74EFAFEF72EFF04460A2028
:108B5000FEF75FFBB4B929A0FEF70CFB02A903A83E
:108B6000FEF7B8FE9DF809009DF80810CDE9001049
:108B70009DF80E309DF80D209DF80C1023A0FEF7F7
:108B8000F9FA04E027A0FEF7F5FA4FF0FF3529487F
:108B9000407828490978CDE9001027488378427841
:108BA000017826A0FEF7E6FAFCF74EFB044664B90E
:108BB00003A8FCF7DAFA9DF80E309DF80D209DF819
:108BC0000C1026A0FEF7D6FA01E04FF0FF35FEF7B5
:108BD000EBF800F0B3FA012D0BD00120FEF706FBF5
:108BE00042F21070FBF7FEF90020FEF7FFFA00BF1B
:108BF000FEE77FBD0000010808ED00E0504F57453B
:108C00005220496E6974204F4B0D0A0020204656B1
:108C100025642E25642E25642C20485625642E2597
:108C2000640D0A00504F57455220496E6974204E1A
:108C3000470D0A001F0E00201C0E0020434F524516
:108C40000D0A20204472765625642E25642E256454
:108C50002C20485625642E25640D0A0020204656F7
:108C600025642E25642E25640D0A000010B5012010
:108C7000FFF718F910BD10B50020FFF713F910BD6C
:108C80003EB50D208DF8030000208DF80400012072
:108C90008DF8000000208DF8010001208DF80500FE
:108CA00000208DF80200074802906846F9F7D2F8D4
:108CB00004461C2C02DB4FF0FF303EBD00F078F87C
:108CC0000020FAE7C98C010870B505462E4600243D
:108CD00006E006F10B00015D034800F007F8641C94
:108CE000B07AA042F5D870BD00EC00202DE9F0412B
:108CF00004460D46002600276069FCF7FFFF80460A
:108D0000FEF790FA6061B8F1320F04D92078032899
:108D100001D000202070207840B96078A84244D16A
:108D200001202070A081206905703EE02078012894
:108D300017D1A18920694554A089401CA081A08930
:108D4000062832DB2069D0F80200A060D4E90101D6
:108D50000A38814202D90020207026E002202070CB
:108D600023E02078022820D1A18920694554A089D8
:108D7000401CA081A189A068C01D814215D3002795
:108D8000012603E02069805D4740761CA068801DB5
:108D9000B042F7D8A068801D2169085CB84202D1B2
:108DA0000320207001E0002020702078BDE8F081D1
:108DB000074808490861BB204870EE2088704FF4CE
:108DC0008070486000200870888148618860704722
:108DD00024EC002000EC00201CB504460A4800EBFF
:108DE00004108088009000208DF8040003208DF886
:108DF000050001208DF80700034901EB0411086804
:108E00006946FBF741FF1CBD703D01201CB50446BF
:108E1000114800EB04108088009001208DF80400B8
:108E200000208DF8060003208DF8050001208DF844
:108E30000700094901EB041108686946FBF724FFA4
:108E4000054A02EB04129188034A02EB04121068EF
:108E5000FBF7C3FF1CBD0000703D01201CB504469C
:108E60000A4800EB04108089009000208DF804006F
:108E700003208DF8050001208DF80700034901EB60
:108E8000041188686946FBF7FFFE1CBD703D012098
:108E900010B50446054A02EB04129189034A02EB1D
:108EA00004129068FBF790FF10BD0000703D012098
:108EB0001CB50446114800EB041080890090012085
:108EC0008DF8040000208DF8060003208DF80500C1
:108ED00001208DF80700094901EB041188686946F3
:108EE000FBF7D2FE054A02EB04129189034A02EB1A
:108EF00004129068FBF771FF1CBD0000703D01205B
:108F000010B5064B186020B1054B1960054B1A606F
:108F100002E0054B024C236010BD0000140E00203F
:108F20000C0E0020100E00207D5501082DE9FC419B
:108F3000074601206D49086000206D4908606D49B1
:108F400008606D4908606D490860012239466C4827
:108F500008F0A6F9064616B36A48006801280ED143
:108F600069A06FF07F41CDE90010694800684108B1
:108F70004FF47F030222002002F0E2F80DE062A02D
:108F80006FF07F41CDE900106148006841084FF45F
:108F90007F0302220020FEF762F8BDE8FC815848FA
:108FA000C4685C4800685A490968484300EB4000BF
:108FB000A04229D057480068554909684843B4EB96
:108FC000400F21D04F48006801280ED152A06FF009
:108FD0007F41CDE900104E48006841084FF47F03FF
:108FE0000222002002F0ACF80DE04BA06FF07F41B0
:108FF000CDE900104648006841084FF47F03022283
:109000000020FEF72CF8C8E73E48006801280CD184
:109010003F480068431E3F480068421E0021084642
:10902000DFF808C1DCF800C0E047334B4FF4805252
:109030003F49334808F0EEF90646002E4DD12E4840
:109040000068002849D000BF01202A4908602B4B46
:10905000020338492A4808F0DDF9064616B92748C0
:10906000006800B90FE0022022490860224BC202CA
:109070002F49234808F0CEF906461EB91E4800685D
:109080000028E1D100BF00BF1A480068012810D1B4
:10909000274D002405E015F8010B2749096888478A
:1090A000641C154800688442F5D30020114908600B
:1090B00013E01048006802280FD11E4D002405E07F
:1090C00015F8010B1C4909688847641C0B480068A7
:1090D0008442F5D3002007490860094807F0E6FFFD
:1090E00000200249086000BF57E70000F40D00208F
:1090F000F00D0020EC0D0020E40D0020E80D002014
:1091000044B90020140E00204E4F2066696C6500A3
:109110002C0E0020280E0020696D616765207369A0
:109120007A6520213D204C4344000000100E0020B1
:109130008CBD00208CCD00200C0E002008B5312005
:109140008DF8000000208DF801008DF8020001204C
:109150008DF803006846FEF775F83B208DF8000097
:1091600001208DF801006846FEF76CF800F0AAFDBA
:1091700068B90AA0FDF7FEFF0D4890F856100DA043
:10918000FDF7F8FF1049002008F074F802E00FA086
:10919000FDF7F0FF12481349086008BD53444361CE
:1091A000726420496E6974204F4B0A0D0000000064
:1091B000703B0120202053444361726454797065F0
:1091C0003D25640D0A00000014B70020534443619C
:1091D000726420496E6974204E470A0D0000000039
:1091E0007D5501080C0E00200FB47CB5054608A87B
:1091F00000901A48009A079902F0C4FB0646002026
:10920000009001201649086012222946154808F0EE
:1092100047F8044614B14FF0FF3614E01148C16816
:1092200007F04FFF044614B16FF001060BE001ABED
:1092300032460A490B4808F030FA044614B16FF080
:10924000020600E000BF074807F030FF0446002098
:109250000349086030467CBC5DF814FB8CDD0020BF
:10926000180E00208CDF00207CB50546002400206D
:109270000090019000F0EAF800F0007010B10E24A8
:1092800020467CBD3D49098888B26946FBF7AAFBA8
:1092900004460CB12046F4E7012D36D1019800F4C4
:1092A000802000282ED0354800880004344908600A
:1092B00037204860402088600020C860A80208610C
:1092C000084600F001F93720FAF70CFC04460CB10F
:1092D0002046D6E702202A49086006204860402040
:1092E00088600020C8604FF480600861084600F084
:1092F000EBF80620FAF7F6FB04460CB12046C0E76F
:109300002046BEE725242046BBE7019800F48030C4
:1093100078B31A480088000419490860372048606B
:10932000402088600020C8604FF4806008610846D3
:1093300000F0CAF83720FAF7D5FB04460CB12046F6
:109340009FE700200E4908600620486040208860A2
:109350000020C8604FF480600861084600F0B4F84F
:109360000620FAF7BFFB04460CB1204689E72046E9
:1093700087E7FFE72524204683E70000C80E00208A
:10938000E03B01200149086070470000382C014093
:109390000149086070470000382C0140014908600D
:1093A00070470000A0802542014908607047000016
:1093B0008C85254200210B4B02681A601B1D4268F8
:1093C0001A601A1D116821F0F701D0E902231A432F
:1093D00003691A4343691A431143024A0832116070
:1093E00070470000242C014010B50121C802FFF78E
:1093F00005FA00214FF40060FFF700FA10BD0000ED
:1094000001480068C0B27047102C0140014600209E
:10941000034A12680A400AB1012000E000207047A8
:10942000342C014001460020034A12680A400AB168
:10943000012000E000207047342C01400248006801
:1094400000F0030070470000002C014008B5014601
:10945000002000900248084400900098006808BD71
:10946000142C014010B500F0D5FE10BD29B1064AFC
:1094700012680243044B1A6004E0034A12688243F4
:10948000014B1A60704700003C2C014000210A4A41
:10949000116847F6FF629143027D83681A4343686F
:1094A0001A43C3681A4303681A4303691A431143F2
:1094B000014A116070470000042C01400148006817
:1094C00070470000802C01400021094B02681A609F
:1094D0001A1D11686FF30A01D0E901231A43C3680A
:1094E0001A4303691A431143014A121D1160704760
:1094F000082C01400149086070470000002C014021
:109500002DE9F04704460F46AC480068022850D1C8
:109510002078AB4909688847AA494878A84909686A
:109520008847A8490878A64909688847641CA6485E
:10953000006801281DD1A5480068401CA3490860A7
:10954000A3490968884229D10020A0490860A148A0
:109550000068401E9F4908609D480068421E0846FA
:10956000036801680020DFF870C2DCF800C0E04743
:1095700014E096480068401C9449086094490968C2
:1095800088420BD100209149086092480068401E33
:10959000904A014610600020FBF7F6FD781E03217B
:1095A000B0FBF1F6B0FBF1F201FB12008349086059
:1095B0005CE08248006801284FD1607880490968E2
:1095C000884720787E49096888477E4908787C4921
:1095D000096888477C48006801281DD17B480068DD
:1095E000401C7A4908607A490968884229D10020DC
:1095F0007649086077480068401E764908607448DC
:109600000068421E0846036801680020DFF8C8C1F0
:10961000DCF800C0E04714E06C480068401C6B496F
:1096200008606B49096888420BD1002067490860CF
:1096300068480068401E674A014610600020FBF73A
:10964000A3FDA41CB81E0321B0FBF1F6B0FBF1F2A0
:1096500001FB12005949086008E00320B7FBF0F64F
:10966000B7FBF0F100FB11705449086058480068DE
:1096700056490968A0EB0108464500D2B0460025CE
:109680000DE0A0784E490968884760784C49096820
:10969000884720784A4909688847E41C6D1C45457D
:1096A000EFD3A6EB080649480068404447490860E4
:1096B0004548006801281AD10846006844490968ED
:1096C000884226D100204149086042480068401E77
:1096D000404908603E480068421E08460368016829
:1096E0000020DFF8F4C0DCF800C0E04711E03748A4
:1096F00000683749096888420BD100203349086067
:1097000034480068401E334A014610600020FBF7D1
:109710003BFD2F48006886422DD32D480068B6FBDC
:10972000F0FA4FF000091EE000250DE0A078244972
:109730000968884760782249096888472078204965
:1097400009688847E41C6D1C214800688542EDD3F8
:1097500020480068401E1F4A014610600020FBF7A9
:1097600013FD09F10109D145DED319480068B6FBA4
:10977000F0F100FB116600250DE0A07810490968A2
:10978000884760780E490968884720780C4909683D
:109790008847E41C6D1CB542EFD30C480068304488
:1097A0000A490860002503E0605D064948556D1CC4
:1097B000024800688542F7D3BDE8F087040E002018
:1097C0000C0E0020000E0020140E0020F80D0020CA
:1097D000280E0020080E0020100E002070B5324820
:1097E0000068012820D13148006801280FD1304C91
:1097F00030480068044400202E4908602E48016863
:109800002046FFF77DFE0020284908604AE02748EF
:109810000068022846D1294801682948FFF770FEF0
:109820000020224908603DE020480068012802D05D
:10983000022836D11AE01E4C1F48006840081E4915
:10984000086000250AE014F8010B1E4909688847E2
:1098500014F8010B1B49096888476D1C16480068FD
:109860008542F0D30020114908601AE0144C1348D7
:10987000006840081149086000250AE014F8010B4F
:1098800010490968884714F8010B0E490968884790
:109890006D1C0A4800688542F0D300200349086027
:1098A00000BF00BF70BD0000F00D0020EC0D0020D7
:1098B0008CBD0020FC0D0020E40D0020E80D0020F0
:1098C0008CCD00200C0E002008B5012000909DF8E2
:1098D000000008BD70B50446002520480068032834
:1098E00002D12725284670BD1C48006838B11B48A6
:1098F0000068012803D01948006802282CD1B4F56B
:10990000805F02D127252846EDE7B4F5006F13D11B
:109910000120FFF7A9FC0546F5B90020104908759C
:109920000860486088604FF40060C86000200861EB
:109930000846FFF7ABFD0FE00020FFF795FC05465A
:1099400055B9002006490875086048608860C860FD
:1099500008610846FFF79AFD2846C4E7C40E0020B8
:10996000C83B0120F0B5014600200022C04B1B7807
:1099700081F85630BF4B1B88A1F85430BE4B1B6892
:109980001A0E93090B70C2F383034B7002F00303AA
:109990008B70B94B1B68C3F30742CA70B64B1B8868
:1099A000C3F307220A71B44B1A784A715B681A0E26
:1099B0001301CB80B04B5B68C3F30742CB8843EA0B
:1099C0001213CB8002F00F030B72AB4B9B88C3F3D7
:1099D0000722D3094B72C2F380138B72C2F3401378
:1099E000CB72C2F300130B7300234B73A04B1B68A5
:1099F0001BB19F4B1B68012B4FD193071B0D0B61B4
:109A00009D4B1A790B6943EA82030B619A4B9B6861
:109A10001A0E0B6943EA92130B61C2F3C2030B7572
:109A200002F007034B75944B9B68C3F3074253093D
:109A30008B75C2F38203CB7593075B0F0B768E4B4E
:109A40001B89C3F307220B7E43EAD2130B760B6903
:109A50005B1C0024C1E912340B7ED1E912469B1C29
:109A6000012505FA03F3DF17A4FB035C06FB03C320
:109A700004FB0733C1E912530C7A0123A3400B65A1
:109A80000027D1E912560B6DA5FB034C06FB03C35F
:109A900005FB0733C1E9124336E0754B1B68022B07
:109AA00032D1754B1A7993069B0A0B61724B9B68F6
:109AB0001A0E0B6943EA02230B616F4B9B68C3F3D9
:109AC00007420B6913430B616B4B1B89C3F30722DE
:109AD0000B6900245B1C44EB04074FF4007600255F
:109AE000A3FB064C07FB06C603FB05664FF4806527
:109AF0000027A4FB053C06FB05C504FB0754C1E990
:109B000012344FF400730B65C2F3801301F8193F50
:109B100093065B0E4B70584B1A7A4B7843EAD2137C
:109B20004B7002F07F038B70534BDB681A0ED30926
:109B3000CB70C2F341130B71C2F382034B719307D5
:109B40001B0F8B714C4BDB68C3F307428B7943EAE5
:109B500092138B71C2F34013CB7100230B7202F08E
:109B600001034B72444B9B89C3F30722D3098B72C9
:109B7000C2F38013CB72C2F340130B73C2F3001312
:109B80004B73C2F381038B7302F00303CB733A4B25
:109B90001A7B53080B7401234B74384B1B681A0E45
:109BA000CA741939354B1B68C3F307421402CC85BC
:109BB000324B1B88C3F30722CB8D1343CB852F4B2E
:109BC0001A7814060C635B681A0E0B6B43EA0244A6
:109BD0000C632A4B5B68C3F307420B6B43EA022416
:109BE0000C63264B9B88C3F307220B6B13430B6359
:109BF000224B1A7934235A54204B9B681A0E352372
:109C00005A541E4B9B68C3F3074214068C631B4BCC
:109C10001B89C3F307228B6B43EA02448C63174B07
:109C20001A7A8B6B43EA02248C63144BDB681A0E9E
:109C30008B6B13438B63114BDB68C3F307423C23ED
:109C40005B5C43EA12143C235C5413071C0DCC8765
:109C50000A4B9B89C3F30722CB8F1343CB87074B58
:109C60001A7B540840235C54012441235C54F0BD0A
:109C7000C40E0020C80E0020403B0120503B0120B4
:109C800008B500200090FFF71FFE012809D16846A3
:109C900000F026FC08B1FF2008BD0098C0F3432067
:109CA000FAE7FF20F8E710B50424FFF7E9FF0446C0
:109CB000042C01D1002010BDFF2C01D10220FAE7B5
:109CC0000120F8E708B50020009000F06DF9FFF7DB
:109CD0008BFB00F0BBF900909DF8000010B19DF8DF
:109CE000000008BD00F032F800909DF8000010B1AF
:109CF0009DF80000F5E700201249087508604860EB
:109D00008860C86008610846FFF7C0FB0E48FFF78F
:109D100029FE00909DF8000040B90B48B0F85400AF
:109D200002041046002100F0BFFB00909DF80000E7
:109D300020B94FF40060FFF7CDFD00909DF80000C2
:109D4000CFE70000C83B0120703B012038B500245C
:109D500001200090FFF772FB10B92524204638BD82
:109D600044480068042828D00020434908600220A5
:109D70004860C02088600020C8604FF4806008619F
:109D80000846FFF7A1FBF9F747FF04460CB1204650
:109D9000E5E70020FFF75AFB384908600420FFF789
:109DA00055FB364948600820FFF750FB334988606F
:109DB0000C20FFF74BFB3149C8602E48006858B1B2
:109DC0002C480068012807D02A480068062803D0DC
:109DD00028480068022816D100202749086003207F
:109DE0004860402088600020C8604FF480600861AF
:109DF0000846FFF769FB69460320F9F74FFF044661
:109E00000CB12046ABE71B48006804282ED0BDF8F3
:109E100000001B490860BDF80000000416490860F6
:109E200009204860C02088600020C8604FF480602E
:109E300008610846FFF748FBF9F7EEFE04460CB14F
:109E400020468CE70020FFF701FB0E490860042044
:109E5000FFF7FCFA0B4948600820FFF7F7FA0949B9
:109E600088600C20FFF7F2FA0649C86000242046FB
:109E700075E70000C40E0020E03B0120503B0120AC
:109E8000C80E0020403B012030B58FB004460D467F
:109E90004FF0FA511E48F9F779FF00211C48F9F7F5
:109EA0008FFF1B48F9F798FF4FF0006000901948AA
:109EB000019002940020039001200490002005905E
:109EC0004FF480600690800007908000089000208A
:109ED00009904FF440300A9004200B9003200C901E
:109EE0004FF400000D9080100E9069460848FAF774
:109EF00047F8012210210648FAF725F820210448E6
:109F0000FAF716F801210248F9F75AFF0FB030BDF1
:109F100058640240802C014030B58FB004460D4695
:109F20004FF0FA511E48F9F731FF00211C48F9F7AC
:109F300047FF1B48F9F750FF4FF0006000901948A9
:109F4000019002944020039001200490002005908D
:109F50004FF48060069080000790800008900020F9
:109F600009904FF440300A9004200B9003200C908D
:109F70004FF400000D9080100E9069460848F9F7E4
:109F8000FFFF012210210648F9F7DDFF20210448D8
:109F9000F9F7CEFF01210248F9F712FF0FB030BDEB
:109FA00058640240802C01401CB501210C20FEF7B2
:109FB000E5FB0C2208212348FAF7AEFE0C2209210A
:109FC0002048FAF7A9FE0C220A211E48FAF7A4FE3F
:109FD0000C220B211B48FAF79FFE0C221146194850
:109FE000FAF79AFE0C2202211748FAF795FE4FF471
:109FF0007060009002208DF805008DF804000020AC
:10A000008DF8060001208DF8070069460D48FAF723
:10A010003BFE0420009069460B48FAF735FE4FF4EA
:10A020008050009000208DF8070069460548FAF737
:10A030002BFE0121C802FEF7D1FB01218805FEF7A6
:10A040009DFB1CBD00080240000C0240F8B500203A
:10A050000090002500240026002776205F4908751F
:10A060000020086048608860C86008610846FFF703
:10A070000DFA0320FFF73EFA0120FFF78FF90020C9
:10A080005749086048608860C8604FF48060086184
:10A090000846FFF719FAF9F70FFD00909DF8000048
:10A0A00010B19DF80000F8BD4FF4D5704C49086020
:10A0B00008204860402088600020C8604FF480601D
:10A0C00008610846FFF700FAF9F736FE00909DF8A0
:10A0D000000020B9012043490860870712E00020F2
:10A0E0003F49086037204860402088600020C860F1
:10A0F0004FF4806008610846FFF7E6F93720F9F76A
:10A10000F1FC00900020364908603720486040206C
:10A1100088600020C8604FF4806008610846FFF73F
:10A12000D3F93720F9F7DEFC00909DF800000028F5
:10A1300051D13BE000202A49086037204860402088
:10A1400088600020C8604FF4806008610846FFF70F
:10A15000BBF93720F9F7C6FC00909DF8000010B15C
:10A160009DF800009FE7204838431D4908602920DA
:10A170004860402088600020C8604FF4806008611B
:10A180000846FFF7A1F9F9F76DFD00909DF8000072
:10A1900010B19DF8000086E70020FFF757F905464B
:10A1A000012080EAD57080F00106641C1EB94FF6CC
:10A1B000FF708442BED34FF6FF70844204D31B204D
:10A1C00000909DF800006EE705F08040051E02D06B
:10A1D0000220044908609DF8000064E7C83B0120A4
:10A1E000E03B0120C40E00200000108010B507489D
:10A1F000006800F0C05040B10120054908604FF0F0
:10A20000C25102485830F9F7C1FD10BD0064024048
:10A21000D80E002010B54FF48070FFF703F950B14D
:10A220000020254908704FF48070FFF7B1F8012035
:10A230002249086037E00220FFF7F4F830B102202D
:10A24000FFF7A6F802201C4908702CE00820FFF751
:10A25000E9F830B10820FFF79BF804201649087090
:10A2600021E02020FFF7DEF830B12020FFF790F842
:10A2700006201149087016E01020FFF7D3F830B11E
:10A280001020FFF785F805200B4908700BE04FF40C
:10A290000070FFF7C7F830B14FF40070FFF778F89F
:10A2A00007200549087000214CF23A30FFF7DEF82C
:10A2B0000148007810BD0000D00E0020D40E002010
:10A2C0002DE9F041804614461D46069E00270020D9
:10A2D00030490870304908603049086030490860EA
:10A2E000012140F22A30FFF7C1F80120FFF75CF8A6
:10A2F00031464046FFF7C8FD2A480068022808D1C9
:10A3000006020202002320462946F5F75BFF0446B9
:10A310000D4625480660102023494860402088608B
:10A320000020C8604FF4806008610846FFF7CCF851
:10A330001020F9F7D7FB074617B13846BDE8F08182
:10A340004FF0FF3019490860084646609020886049
:10A350000220C86000200861012048610846FFF71C
:10A3600029F81148046011200F4948604020886096
:10A370000020C8604FF4806008610846FFF7A4F829
:10A380001120F9F7AFFB07460FB13846D6E738463C
:10A39000D4E70000D00E0020D40E0020CC0E002008
:10A3A0002C2C0140C40E0020E03B0120F43B012096
:10A3B0002DE9F047814614461D46DDE9086800276F
:10A3C0000020324908703249086001203149086094
:10A3D000002031490860012140F22A30FFF746F899
:10A3E00008FB06F14846FFF74FFD0120FEF7DCFFB2
:10A3F0002A480068022808D10602020200232046EB
:10A400002946F5F7DFFE04460D4625480660102074
:10A4100023494860402088600020C8604FF4806075
:10A4200008610846FFF750F81020F9F75BFB074674
:10A4300017B13846BDE8F0874FF0FF301949086082
:10A4400008FB06F04860902088600220C860002069
:10A450000861012048610846FEF7ACFF104804601F
:10A4600012200F494860402088600020C8604FF4E7
:10A47000806008610846FFF727F81220F9F732FBE1
:10A4800007460FB13846D5E73846D3E7D00E00204F
:10A49000D40E0020CC0E00202C2C0140C40E002035
:10A4A000E03B0120F43B012070B504460D46002638
:10A4B0000A4804600720094948604020886000205D
:10A4C000C8604FF4806008610846FEF7FDFF072072
:10A4D000F9F708FB0646304670BD0000E03B01205E
:10A4E00070B50446002514B92625284670BD0F48CE
:10A4F000008800040E4908600D20486040208860F4
:10A500000020C8604FF4806008610846FEF7DCFF59
:10A510000D20F9F7E7FA05460DB12846E6E70020D9
:10A52000FEF794FF20602846E0E70000C80E0020F8
:10A53000E03B012010B5002400200A4908600C20EF
:10A540004860402088600020C8604FF48060086147
:10A550000846FEF7B9FF0C20F9F7C4FA0446204676
:10A5600010BD0000E03B012070B500256C1E00E02E
:10A57000641E1848006838B91748006820B91748A1
:10A58000007808B9002CF3D1002012490860441E5D
:10A5900000E0641E1248006800F4005008B1002C6E
:10A5A000F7D110480068012805D1FFF7C3FF054621
:10A5B00000200C4908600CB905B9042540F2FF5091
:10A5C000FEF7E0FE0548007810B10448007870BD41
:10A5D0002846FCE7D80E0020D40E0020D00E002024
:10A5E000342C0140CC0E002070B500256C1E00E01C
:10A5F000641E1848006838B91748006820B9174821
:10A60000007808B9002CF3D1002012490860441EDC
:10A6100000E0641E1248006800F4805008B1002C6D
:10A62000F7D110480068012805D1FFF783FF0546E0
:10A6300000200C4908600CB905B9042540F2FF5010
:10A64000FEF7A0FE0548007810B10448007870BD00
:10A650002846FCE7D80E0020D40E0020D00E0020A3
:10A66000342C0140CC0E00202DE9F04180461446E8
:10A670001D46069E002700202F4908702F490860BC
:10A680002F4908602F490860012140F22A30FEF767
:10A69000EDFE31464046FFF73FFC0120FEF784FE09
:10A6A00029480068022808D1060202020023204639
:10A6B0002946F5F787FD04460D462448066010201C
:10A6C00022494860402088600020C8604FF48060C4
:10A6D00008610846FEF7F8FE1020F9F703FA07466E
:10A6E00017B13846BDE8F0811848046018201749B2
:10A6F0004860402088600020C8604FF48060086196
:10A700000846FEF7E1FE1820F9F7ECF907460FB10D
:10A710003846E7E74FF0FF300D49086008464660CD
:10A72000902088600020C8600861012048610846C8
:10A73000FEF740FE3846D5E7D00E0020D40E0020AC
:10A74000CC0E00202C2C0140C40E0020E03B012048
:10A75000F43B01202DE9F047814615461E46DDE910
:10A760000878002400204949087049490860012000
:10A7700048490860002048490860012140F21A3029
:10A78000FEF774FE08FB07F14846FFF7C5FB012002
:10A79000FEF70AFE41480068022808D107020202BB
:10A7A000002328463146F5F70DFD05460E463C4888
:10A7B000076010203A494860402088600020C86047
:10A7C0004FF4806008610846FEF77EFE1020F9F71E
:10A7D00089F9044614B12046BDE8F0873148008865
:10A7E00000042F490860372048604020886000201E
:10A7F000C8604FF4806008610846FEF765FE3720A8
:10A80000F9F770F904460CB12046E5E72448C0F892
:10A810000080172022494860402088600020C860DE
:10A820004FF4806008610846FEF74EFE1720F9F7E6
:10A8300059F904460CB12046CEE7194805601920A5
:10A8400017494860402088600020C8604FF480604D
:10A8500008610846FEF738FE1920F9F743F9044667
:10A860000CB12046B8E74FF0FF300F49086008FBF5
:10A8700007F04860902088600020C86008610120CF
:10A8800048610846FEF796FD2046A5E7D00E002059
:10A89000D40E0020CC0E00202C2C0140C40E002031
:10A8A000E03B0120C80E0020F43B012070B50446B7
:10A8B00002211D48FAF791FA0120F9F79FFB0421C4
:10A8C0001948FAF78CFA0120F9F798FB0421164889
:10A8D000FAF783FA002521E00120F9F78FFB04F055
:10A8E0008000802804D102210F48FAF778FA03E0AB
:10A8F00002210D48FAF771FA0120F9F77FFB0421D4
:10A900000948FAF76CFA0120F9F778FB04210648A8
:10A91000FAF763FA6006040E681CC5B2082DDBDB8B
:10A920000120F9F76BFB70BD0010024070B50446C2
:10A9300002211D48FAF753FA0120F9F75FFB0421C1
:10A940001948FAF74CFA0120F9F758FB0421164888
:10A95000FAF743FA002521E00120F9F74FFB04F054
:10A960008000802804D102210F48FAF738FA03E06A
:10A9700002210D48FAF731FA0120F9F73FFB0421D3
:10A980000948FAF72CFA0120F9F738FB04210648A8
:10A99000FAF723FA6006040E681CC5B2082DDBDB4B
:10A9A0000120F9F72BFB70BD0010024010B50C48D8
:10A9B000047804F0010018B10120FAF779FD02E0F3
:10A9C0000020FAF775FD641004F0010018B10120B1
:10A9D000FAF777FD02E00020FAF773FD10BD0000E2
:10A9E000C000002010B50020FAF762FD0020FAF741
:10A9F00068FD10BD10B504461D48046000201D49C7
:10AA000008601D48006828B950220621B72000F0D0
:10AA1000ADFA12E018480068012805D1432206214A
:10AA2000B72000F0A3FA08E013480068022804D118
:10AA30004B220721B72000F099FA6420F9F7DEFADB
:10AA4000E2B2C4F30721BC2000F090FA210EC4F357
:10AA50000742BD2000F08AFAFF220F21BE2000F03D
:10AA600085FAFFF7A3FFBF2000F0F0F910BD00004A
:10AA7000C4000020C8000020BC00002010B504461F
:10AA80001C48046000201C4908601C48006828B964
:10AA900050220221B72000F069FA12E0174800683E
:10AAA000012805D143220221B72000F05FFA08E017
:10AAB00012480068022804D14B220321B72000F07D
:10AAC00055FA6420F9F79AFA22460021BC2000F0DA
:10AAD0004DFA00221146BD2000F048FA224600211E
:10AAE000BE2000F043FAFFF761FFBF2000F0AEF98F
:10AAF00010BD0000C4000020C8000020BC000020E1
:10AB00001CB501213F20FDF739FE042000900120F3
:10AB10008DF8040000208DF8060003208DF8050054
:10AB200001208DF8070069463A48FAF7ADF812207F
:10AB3000009001208DF8040000208DF8060003200D
:10AB40008DF8050001208DF8070069463148FAF7B5
:10AB50009BF80120009000208DF804008DF806007D
:10AB600003208DF8050001208DF80700694629486B
:10AB7000FAF78AF8012000908DF8040000208DF883
:10AB8000060003208DF8050001208DF807006946B6
:10AB90002148FAF779F80820009001208DF8040088
:10ABA00000208DF8060003208DF8050001208DF8A7
:10ABB000070069461748FAF767F808211548FAF7B9
:10ABC0000EF94020009001208DF8040000208DF83F
:10ABD000060003208DF8050001208DF80700694666
:10ABE0000C48FAF751F84FF48070009001208DF86E
:10ABF000040000208DF8060001208DF807000320D6
:10AC00008DF8050069460548FAF73EF800F0FCF8B3
:10AC10001CBD00000010024000080240000002407D
:10AC200010B504461D48046000201D4908601D48F9
:10AC3000006828B910220621B72000F097F912E029
:10AC400018480068012805D103220621B72000F02A
:10AC50008DF908E013480068022804D10B2207216F
:10AC6000B72000F083F96420F9F7C8F9E2B2C4F321
:10AC70000721BC2000F07AF9210EC4F30742BD2061
:10AC800000F074F9FF220F21BE2000F06FF9FFF7EA
:10AC90008DFEBF2000F0DAF810BD0000C4000020D7
:10ACA000C8000020BC00002010B504461C48046009
:10ACB00000201C4908601C48006828B910220221A5
:10ACC000B72000F053F912E017480068012805D1B9
:10ACD00003220221B72000F049F908E01248006879
:10ACE000022804D10B220321B72000F03FF9642091
:10ACF000F9F784F9E2B20021BC2000F037F9002214
:10AD00001146BD2000F032F9E2B20021BE2000F071
:10AD10002DF9FFF74BFEBF2000F098F810BD0000A2
:10AD2000C4000020C8000020BC0000200120014910
:10AD300008607047BC00002010B5FFF7E1FE042159
:10AD40000648FAF74AF810210448FAF746F800F0E6
:10AD500065F801210248FAF740F810BD00100240E2
:10AD6000000802400FB4F8B50746002408A8009078
:10AD70000798C2B22046641C22490A5409E0009890
:10AD800040C80090701C00B904E02046641C1D49B6
:10AD90000E54F4E700BFB4F5807F02D9F8BC5DF82B
:10ADA00014FB152F16D006DC032F17D0052F10D05B
:10ADB000132F19D113E0232F12D0292F05D0392FAB
:10ADC00012D12046FFF716FE0EE02046FFF728FFBF
:10ADD0000AE000BFE0B2FFF751FE05E000BF00BF90
:10ADE0002046FFF761FF00BF00BF002504E00549D2
:10ADF000485D00F039F86D1CA542F8D300200090A2
:10AE000000BFCBE72620002010B54FF48071024828
:10AE1000F9F7E3FF10BD00000000024010B54FF449
:10AE200080710348F9F7DBFF6420F9F7DBF810BD08
:10AE30000000024010B50220034908600B220321E4
:10AE4000B72000F093F810BDBC00002010B50446F8
:10AE5000FCF726FD18B12046FAF73CFB02E020463D
:10AE6000FFF724FD10BD000010B50446FFF79EFD5E
:10AE70003A480068012806D12046FFF7E7FF002086
:10AE80003649086010BDFCF70BFD00285FD0344840
:10AE9000006801280ED13348046000203249086060
:10AEA0002F4908602F490878FAF71DFB00202D492B
:10AEB00008604FE02A480068022821D1294800682C
:10AEC00040EA04202749086027480068401C2649BA
:10AED000086002280ED30020086021480068801E08
:10AEE0001F4908601F49098888B2FAF7FCFA002058
:10AEF0001C4908601B480068000A1A49086029E0DC
:10AF000017480068032825D31648006840EA044023
:10AF10001449086014480068401C1349086003285D
:10AF20000FD3002008600E480068C01E0C4908605E
:10AF30000C49096821F07F40FAF7D5FA0020094949
:10AF4000086008480068000A0649086002E02046D8
:10AF5000FFF7ECFCFFF746FD00BF93E7CC000020B5
:10AF6000C4000020D4000020C800002070B50646B0
:10AF70000C461546FFF71AFDFCF792FC38B1304637
:10AF8000FAF7A8FA45EA0420FAF7ADFA08E03046E5
:10AF9000FFF78CFC2846FFF7C9FC2046FFF7C6FCEC
:10AFA000FFF720FD70BD70470CB5002001900090A8
:10AFB0003448006840F480303249086000BF3148AE
:10AFC000006800F4003000900198401C0190009847
:10AFD00018B90198B0F5A04FF1D12A48006800F4E3
:10AFE000003010B10120009001E000200090009896
:10AFF000012846D123484030006840F08050214964
:10B00000403108602048006840F440401E49086014
:10B010001C48083000681B49083108600846006871
:10B0200040F4004008600846006840F4A050086002
:10B030001648091F0860081F006840F08070091F4B
:10B04000086000BF0F48006800F000700028F9D0C9
:10B0500040F205700E4908600A480830006820F088
:10B0600003000849083108600846006840F0020003
:10B07000086000BF03480830006800F00C00082892
:10B08000F8D10CBD00380240007000401954400750
:10B09000003C02402DE9FC5F07460D4614469846E9
:10B0A0000D9E244800EB06100090102000FB045079
:10B0B000431E082000FB0470421E29463846DFF874
:10B0C00078C0DCF800C0E0474FF000092DE0002018
:10B0D000019022E0009806784FF0000A16E04FF049
:10B0E000000B0DE006F0800020B1404613490968CE
:10B0F000884703E011490C98096888470BF1010B58
:10B10000A345EFD37006060E0AF1010ABAF1080F43
:10B11000E5D36D1C0198401C01900198A042D9D341
:10B120000098401C009009F10109B9F1100FCED32D
:10B13000BDE8FC9F64B90208DC000020D8000020B4
:10B140002DE9FC470446884615469946DDE90AA6DE
:10B150000AE04B462A4641462046CDE900A7FFF7C4
:10B1600099FF082000FB054416F8017B002FF0D161
:10B17000BDE8FC87024A1060024A11607047000077
:10B18000D8000020DC00002010B50248006880478D
:10B1900010BD0000180F002010B588B004461C2216
:10B1A00079A101A8F5F73FF80D2C1CD2DFE804F0D7
:10B1B000071C2F425568788898A8B8C8D800002185
:10B1C0000120FDF763F9FF231A4619467548FBF77E
:10B1D00053FB01210846FDF759F973A10320FCF741
:10B1E000A1FC0AF001F8CBE000210120FDF74EF9A7
:10B1F00000231A46FF216B48FBF73EFB012108465E
:10B20000FDF744F96AA10320FCF78CFCB8E00021AB
:10B210000120FDF73BF90023FF2219466148FBF7A7
:10B220002BFB01210846FDF731F962A10320FCF751
:10B2300079FCA5E000210120FDF728F9FF23002279
:10B2400011465848FBF718FB01210846FDF71EF987
:10B250005AA10320FCF766FC92E000210120FDF7D3
:10B2600015F900231A4619464E48FBF705FB012144
:10B270000846FDF70BF953A10320FCF753FC7FE0D0
:10B2800000210120FDF702F94648FBF740FB0121B0
:10B290000846FDF7FBF84DA10320FCF743FC6FE0E7
:10B2A00000210120FDF7F2F83E48FBF755FB012194
:10B2B0000846FDF7EBF84AA10320FCF733FC5FE0FA
:10B2C00000210120FDF7E2F83648FBF771FB012170
:10B2D0000846FDF7DBF847A10320FCF723FC4FE00D
:10B2E00000210120FDF7D2F82E48FBF7EEFA0121EC
:10B2F0000846FDF7CBF843A10320FCF713FC3FE021
:10B3000000210120FDF7C2F82648FBF729FA0121A8
:10B310000846FDF7BBF840A10320FCF703FC2FE033
:10B3200000210120FDF7B2F81E48FBF73BFA01218E
:10B330000846FDF7ABF83DA10320FCF7F3FB1FE047
:10B3400000210120FDF7A2F83CA0FDF7EFFD01214F
:10B350000846FDF79BF83EA10320FCF7E3FB0FE056
:10B3600000210120FDF792F83CA0FDF7DFFD01214F
:10B370000846FDF78BF83EA10320FCF7D3FB00BF86
:10B3800000BF08B010BD0000000103070B0F13172A
:10B390001B1F23272F373F4F5F6F7F8F9FAFBFCF7D
:10B3A000DFEFFF002C1E0020576869746500000065
:10B3B00052656400477265656E000000426C7565F9
:10B3C00000000000426C61636B000000496E496D33
:10B3D00067325F477261793235365F48000000009E
:10B3E000496E496D67325F477261793235365F5613
:10B3F00000000000496E496D67325F5245443235A6
:10B40000365F5600496E496D67325F475245454E7B
:10B410003235365F56000000496E496D67325F4233
:10B420004C55453235365F5600000000496E496D77
:10B4300067325F436F6C6F72426172007069637450
:10B44000757265315F31343536412E42494E000008
:10B45000706963747572653100000000706963740F
:10B46000757265325F31343536412E42494E0000E7
:10B4700070696374757265320000000010B51B4876
:10B480000068401C1949086001201949086000241F
:10B490001CE0184850F8240038B1164850F8240031
:10B4A000401E144941F824000FE0134850F83400BE
:10B4B00058B1114850F834000E4941F824000E49A3
:10B4C00001EBC4014868804702E0641C002CE0D016
:10B4D00000BF0A480068401C08490860142804D3CB
:10B4E0000020086001200649086010BD700D002092
:10B4F000780D0020800D0020840D0020740D0020A8
:10B500007C0D002070B5002104E00020184A42F8AC
:10B510003100491C0029F8D0164800684FF47A73AE
:10B52000B0FBF3F2501EB0F1807F01D301201BE08D
:10B53000501E4FF0E023586158170F23002807DAF8
:10B540001C07260E0C4C00F00F052D1F665503E05E
:10B550001C07250E094C255400BF00204FF0E023A6
:10B56000986107201861002008B100BFFEE770BD98
:10B57000840D00204C0D002018ED00E000E400E0F8
:10B5800010B51548006840F470001349086013486E
:10B59000006840F001001149086000200F4908319F
:10B5A00008600E4800680E4908400C4908600D48C4
:10B5B000091D0860081F006820F48020091F08602A
:10B5C000002006490C310860FFF7EEFC4FF00060E8
:10B5D00001498039086010BD88ED00E00038024064
:10B5E000FFFFF6FE1030002408B540F22551254833
:10B5F00000F081F8002844D0224800F035F9C0B2AC
:10B6000000902148806828B11F4901228868694656
:10B610000CF02CF91C48C06820B11B480122694677
:10B62000C36898479DF800000D2803D09DF80000DE
:10B630000A280FD115480078002807DD002014499A
:10B64000124A1278885401201249087000200F49CC
:10B6500008700DE00D4800787F2809DA9DF8001089
:10B660000A4802780078401C084B1870084881543A
:10B670000821044800F032F8012802D1014800F006
:10B68000F3F808BD0010014074220020E100002002
:10B6900088220020E200002008B540F2255107482A
:10B6A00000F029F848B1054800F0DEF8C0B200907B
:10B6B00001226946024800F02DF908BD004800400B
:10B6C0002C21002021B1828942F40052828104E0C1
:10B6D00082894DF6FF731A4082817047024600202E
:10B6E000B1F5007F00D100BF13880B400BB10120E2
:10B6F00000E00020704770B50246002400230025BA
:10B70000002040F66A16B14200D100BFC1F34215D5
:10B7100001F01F03012606FA03F3012D02D19689D9
:10B72000334006E0022D02D1168A334001E0968AAA
:10B7300033400C12012606FA04F41688344013B183
:10B740000CB1012000E0002070BDF0B503460024DC
:10B7500000260025002040F66A17B94200D100BF3C
:10B760001846C1F3421401F01F06012707FA06F537
:10B77000012C01D10C3004E0022C01D1103000E08A
:10B7800014301AB107682F43076002E00768AF431F
:10B790000760F0BD2DE9FF4705460E460024A1468F
:10B7A00000BFA046B08900B100BF2C8A24F44054E9
:10B7B000F08804432C82AC8941F20C608443B08849
:10B7C00031890843718908430443AC81AC8A24F46D
:10B7D0004074B0890443AC826846FDF71FF82048E6
:10B7E000854202D01F48854202D1DDF80C9001E06D
:10B7F000DDF80890A88900F4004040B109EBC900C9
:10B8000000EB091031684900B0FBF1F707E009EBE4
:10B81000C90000EB091031688900B0FBF1F7642022
:10B82000B7FBF0F004012009642101FB1078A8891E
:10B8300000F4004040B1322000EBC800B0FBF1F052
:10B8400000F00700044308E0322000EB08106421F8
:10B85000B0FBF1F000F00F0004432C81BDE8FF873E
:10B86000001001400014014001468888C0F3080020
:10B870007047C1F308028280704700BFFEE70000F6
:10B8800010B502210148F9F7A8FA10BD00040240E2
:10B8900010B502210148F9F7A2FA10BD00040240D8
:10B8A00010B52DED028BB0EE408AB0EE480A0620AE
:10B8B000FCF796F8BDEC028B10BD00007CB50025AE
:10B8C0000026FAF7DFFD2B210F48F4F7EEFC0446C3
:10B8D00014E0641C10E020782E2802D020782B2859
:10B8E00006D16846F4F71EFD084948556D1C04E072
:10B8F00020780DF80600641CEDE700BF032DE8DB9F
:10B900000348FAF769FD7CBD000F01081C0E0020FA
:10B910001F0E002070B504460D461646A06820B1E3
:10B9200032462946A0680BF0A1FFE06820B13246FC
:10B9300029462046E3689847002070BD0FB4054BA8
:10B9400010B503A9044A029801F06CFB10BC5DF825
:10B9500014FB0000651A0208300F00200FB4084BDA
:10B9600010B504A902AA039801F05CFB044602A9E1
:10B97000002001F0DAFE204610BC5DF814FB000048
:10B980002BD7010837B514460846064B6A462146B0
:10B9900001F048FB04466946002001F0C6FE20463F
:10B9A0003EBD00002BD7010803B401984100009868
:10B9B00050EAC12018BF04204A0D18BF40F0010012
:10B9C00040F2FF72B2EB515F08BF40F00200012865
:10B9D00008BF052002B0704700487047340F0020B0
:10B9E00030B583B0044601F037FA9FED090B0546E8
:10B9F0008DED000B002221466846F5F72CF928460C
:10BA000001F040FA9DED000B03B030BD00000000D6
:10BA100000000000000000002DED020B019820F056
:10BA2000004001909DED000B02B070470000000047
:10BA300070B5D94B00242DED020B2DED108BDDE9F7
:10BA40001010984205DA20F000429A4201D809D13C
:10BA500041B19DED100BBDEC108B02B0BDE8704004
:10BA600001F0B6B9B0F5801F26DA11430BD00028DB
:10BA700013DA012001F006FABDEC108B02B0BDE82C
:10BA8000704001F0B9B9022001F0FCF901F088F929
:10BA900051EC100B81F000419EE06FF035049FEDFA
:10BAA000C00B53EC102B9DED100B51EC100BF4F769
:10BAB000EDFCCDE91001084604EB2051C0F313045E
:10BAC000B948A1F2FF31204400F4801080F07F6279
:10BAD00082F04052224301EB20559FEDB50B1192AD
:10BAE00053EC102B9DED100B51EC100BF4F7C8FC30
:10BAF00041EC180BA01CC0F313009FEDAFDB9FEDD2
:10BB0000B0EBB14E7E4403286CD296ED000B51ECA5
:10BB1000180B53EC102BF4F711FE1DD1002D01BFB3
:10BB200096ED000BBDEC108B02B070BD2846F4F70B
:10BB30009CFD41EC180B53EC1D2BF4F7A7FC41ECDA
:10BB4000190B53EC1E2B51EC180BF4F79FFC53EC24
:10BB5000192BF4F7F4FB3FE09FED9D0B51EC180B14
:10BB600053EC102BF4F792FC9FED9B1B53EC112B25
:10BB7000F4F789FC41EC190B53EC182B51EC180B22
:10BB8000F4F784FC53EC192BF4F780FC41EC190B0F
:10BB9000002D04BF53EC192B51EC180B1AD028467A
:10BBA000F4F763FD41EC1A0B53EC1D2BF4F76EFC1C
:10BBB00053EC192BF4F767FC53EC182BF4F760FCEB
:10BBC00041EC180B53EC1E2B51EC1A0BF4F75EFCF6
:10BBD00053EC182BF4F754FCBDEC108B02B041EC85
:10BBE000100B70BD9FED7E0B51EC180B53EC102B1E
:10BBF000F4F7A5FB41EC100B51EC180B53EC102B98
:10BC0000F4F7B6FC41EC190B2846F4F72EFD41EC95
:10BC10001B0B53EC192B51EC190BF4F737FC41ECCF
:10BC20001A0B714853EC1A2B261851EC1A0BF4F727
:10BC30002DFC41EC1F0B6D48C4F1510404F5D724D1
:10BC4000B0EE4F0AF0EE6F0A0321784401F029F8B4
:10BC500053EC1F2B51EC100BF4F718FC41EC1C0BB0
:10BC60006348B0EE4F0AF0EE6F0A0421784401F009
:10BC700018F853EC1A2B51EC100BF4F707FC344373
:10BC800053EC1C2BF4F75BFB41EC1C0B002C4CDD44
:10BC90009FED510B51EC180B53EC102BF4F7F6FB06
:10BCA00053EC182BF4F7F2FB41EC1A0B55B353ECA1
:10BCB0001D2B51EC1B0BF4F7E9FB41EC1D0B53EC76
:10BCC0001C2B51EC1A0BF4F73AFB53EC192BF4F73D
:10BCD000DDFB53EC1D2BF4F732FB53EC1A2BF4F77E
:10BCE000D2FB53EC182BF4F7CBFB41EC180B53ECC5
:10BCF0001E2B51EC1B0BF4F7C9FB53EC182BF4F77C
:10BD0000BFFB69E753EC1C2B51EC1A0BF4F717FB44
:10BD100053EC192BF4F7BAFB53EC1A2BF4F7B3FBE3
:10BD200053EC182BF4F7AFFB56E735B353EC1D2B50
:10BD300051EC1B0BF4F7AAFB41EC1A0B53EC1C2B38
:10BD400051EC180BF4F79CFB53EC192BF4F79EFB0A
:10BD500053EC1A2BF4F794FB53EC182BF4F790FBED
:10BD600041EC180B53EC1E2B51EC1B0BF4F78EFB24
:10BD700053EC182BF4F784FB2EE753EC1C2B51ECFF
:10BD8000180BF4F77DFB53EC192BF4F77FFB53EC06
:10BD9000182BF4F778FB1FE70000F07F000000008D
:10BDA0000000000000005043645F09000000000034
:10BDB000000000000000F03F763C7935EF39EA3DA5
:10BDC0000000E0FE422EE63FF07801000000000097
:10BDD000555555555555D53F000000000000E03F32
:10BDE000000000000000004086EBF9FFEA76010049
:10BDF000E07601000000000010B52DED020B2DEDE6
:10BE0000088B9DED080B51EC100BF5F7E1F841ECB8
:10BE1000180B9DED080B53EC182B51EC100BF4F79D
:10BE20002FFB41EC190B09989FED2D0B10F0004FE3
:10BE300053EC102B51EC190B9FED25AB9FED26BB5E
:10BE40000DD0F4F77BFC0DD953EC1B2B51EC190BE7
:10BE5000F4F78CFC1BD213E041EC180B17E0F4F75D
:10BE60006DFC06D253EC1A2B51EC180BF4F708FBBF
:10BE7000F2E753EC1B2B51EC190BF4F777FC06D8C7
:10BE800053EC1A2B51EC180BF4F759FAE4E79FED39
:10BE9000160B51EC180B53EC102BF4F767FC08D37E
:10BEA00051EC180B9FED120B53EC102BF4F746FCE2
:10BEB00002D2012000F0E6FF51EC180BBDEC088B1C
:10BEC00002B0BDE81040F5F7C7B800000000000060
:10BED000000000000000F03F000000000000E03F14
:10BEE000000000000000E0BF0000C0FFFFFFDF41D6
:10BEF000000000000000E0C12DE9F04D2DED040B25
:10BF00002DED0E8B96B0DDE92550279CDDF890A035
:10BF100025F0004624F00048BAF1000F14BF0121BB
:10BF2000002101EB4502FC4953184A1093422AD3E1
:10BF3000002814BF0123002303EB44030B44F749FB
:10BF40008B4220D358EA00019FEDF59B76D0DFF8B5
:10BF5000D8B35D4503D1BAF1000F05D188E0BAF13D
:10BF6000000F08BF002100D0012101EB450111F5B0
:10BF7000001F08D8002814BF0121002101EB440153
:10BF800011F5001F0BD99DED261B9DED240B16B05E
:10BF9000BDEC0E8B04B0BDE8F04D00F023BF0027D0
:10BFA000002DBCBFE149884521DAE1498845A8BF99
:10BFB00002271CDAC3451ADCDE4901EB285114299B
:10BFC00008DDC1F1340220FA02F101FA02F28242E4
:10BFD0000DD108E058B9C1F1140228FA02F101FAB2
:10BFE00002F2424503D101F00101C1F1020756EA14
:10BFF0000A0124D1002C22DA002D18BF022F01D013
:10C00000012F0AD0022000F03DFF16B0BDEC0E8BD0
:10C0100004B0BDE8F04D00F0C3BE022000F032FFD6
:10C0200000F0BEFE51EC100B81F0004141EC100B12
:10C0300016B0BDEC0E8B04B0BDE8F08D18E09FED9E
:10C04000BEAB9FEDBF8B002871D1B848804522D18F
:10C0500005F1804010F5801008BFBAF1000F07D03D
:10C06000B3450ADC002CA8BF9DED260BE0DA0DE0FD
:10C07000B0EE490AF0EE690ADAE7002C06DA9DED27
:10C08000260B51EC100B81F000416FE0AE48784474
:10C0900090ED000BCCE7D8454DD1002C48DA2EB1FD
:10C0A00086423AD1BAF1000F42D126E0BAF1000F30
:10C0B00013D0022000F0E6FE00F0AEFE8DED020B84
:10C0C0009DED240B8DED000B10EE900A039961F3AA
:10C0D0001E0003909DED020BAAE78DED02AB9DEDD6
:10C0E000240B1AEE901A10EE900A8DED000B61F3FE
:10C0F0001E0003909DED020B9AE78DED028B9DEDE6
:10C10000240B18EE901A10EE900A8DED000B61F3DF
:10C110001E0003909DED020B8AE709DA9DED240BCA
:10C1200051EC190B53EC102BF4F722FA1EE020E02F
:10C130009DED240B7CE786421BDAB4F1804F0DD0D5
:10C14000A4F10050B0F1FF5013D1002D11DB9DED93
:10C15000240B51EC100B0FF067FA07E09DED240B58
:10C1600053EC102B51EC100B00F0C2BC41EC100B47
:10C170005EE79DED240B51EC100B05F095FBBAF139
:10C18000000FCDE90E0142D19FED710B46B3A6F130
:10C19000E040B0F17F600CD05E4538D1002D00DA70
:10C1A000A7B3022F0CBF01204FF0FF30F4F75DFA68
:10C1B000DCE7002D01DD002C0DDA002D01DD002C67
:10C1C0001FDB002D16DA002C14DB012F08BF9FEDBA
:10C1D000620B3FF42DAFB0EE4A0AF0EE6A0A27E791
:10C1E000022F18BF002D0CD0012F0AD1002DFFF611
:10C1F0001FAF06E0002DB8BF002C08DA012F3FF476
:10C2000017AFB0EE480AF0EE680A11E71BE0012014
:10C2100000EBE57050EA070115D0791EB0EE498AAF
:10C22000F0EE698A084308BF9FED4D8B4E4800250C
:10C23000804570DD4D494E48884514DDB0420DDB28
:10C24000002C19DB2FE0012000F01CFE16B0BDEC25
:10C250000E8B04B0BDE8F04D00F0CEBDB34502DC5E
:10C26000002C09DC1FE0864202DA002C1BDA03E016
:10C270005E452BDD002C16DD022000F003FE00F0F1
:10C28000CBFD8DED020B53EC1A2B51EC180BF4F790
:10C29000FDF8CDE900010399019861F31E000390B8
:10C2A0009DED020BC4E6022000F0ECFD00F0C4FDA1
:10C2B00010EE901A18EE900A8DED020B8DED008BAA
:10C2C00061F31E0003909DED020BB1E69DED0E0B98
:10C2D00053EC192B51EC100BF4F7D2F89FED260B11
:10C2E000CDE9080153EC102B9DED080B51EC100B20
:10C2F000F4F7CCF89FED221B53EC112BF4F7C3F8A5
:10C300009DED081B53EC112BF4F7C0F89FED1E1B9D
:10C3100053EC112B3CE08CE0FFFF1F00FFFF0F00F0
:10C32000000000000000F03F0000F03F0000F07F40
:10C330000000404301FCFFFF000000000000F07F10
:10C340000000000000000000667301000000000013
:10C350000000000000000080000000000000F0FF6E
:10C36000000000000000F0BF0000E0410000F043CA
:10C37000FFFFEF3F00000000000000000000D03F82
:10C38000555555555555D53F000000000000E03F7C
:10C39000F4F779F89DED080B41EC1A0B53EC102BD8
:10C3A00051EC100BF4F772F853EC1A2BF4F76EF80B
:10C3B00041EC1A0B9FEDFE0B53EC102B9DED080B7F
:10C3C00051EC100BF4F762F841EC1B0B9FEDFA0BEC
:10C3D00051EC1A0B53EC102BF4F758F841EC1A0BF4
:10C3E0009FEDF70B53EC102B9DED080B51EC100B50
:10C3F000F4F74CF853EC1A2BF4F742F841EC1A0B13
:10C4000051EC1B0B53EC1A2BF3F799FF0690CDE977
:10C4100006519DED060B53EC1B2B51EC100BF4F762
:10C420002FF853EC1A2BF4F72EF841EC100B00F018
:10C43000A1B90020B6F5801F0EDA9FEDE30B53EC97
:10C44000102B9DED0E0B51EC100BF4F71FF8CDE9FE
:10C450000E016FF034000E4600EB2650A0F2FF37BD
:10C46000C6F31300DA4940F07F6646F04056884232
:10C47000D8BF002408DDD7498142C8BF012403DCAE
:10C480000024A6F580167F1CD348784400EBC40036
:10C490000F9690ED00CB9DED0E0B53EC1C2B51EC49
:10C4A000100BF3F7EDFF9DED0E0B41EC1B0B53EC66
:10C4B0001C2B51EC100BF3F742FF41EC100B51EC2D
:10C4C000190B53EC102BF4F753F841EC1D0B51EC06
:10C4D0001B0B53EC1D2BF3F7D9FF41EC1A0BBF4894
:10C4E0008DED10AB7844109590ED000B4FF000509F
:10C4F00040EA660000EB84408DED080B00F500205B
:10C5000009909DED080B53EC1C2B51EC100BF3F72D
:10C51000B7FF9DED0E1B53EC112BF3F7B4FF41EC6D
:10C52000100B53EC102B9DED100B51EC100BF3F78F
:10C53000ADFF9DED080B41EC1C0B53EC102B9DED5A
:10C54000100B51EC100BF3F7A1FF53EC1B2BF3F77F
:10C550009AFF53EC1C2BF3F793FF53EC1D2BF3F7CF
:10C5600095FF41EC1C0B53EC1A2B51EC1A0BF3F713
:10C570008DFF41EC1B0B9A480621B0EE4B0AF0EE02
:10C580006B0A784400F08DFBB0EE401AF0EE601AB2
:10C59000B0EE41DAF0EE61DA53EC1B2B51EC1B0BE1
:10C5A000F3F774FF53EC1D2BF3F770FF9DED100BA9
:10C5B00041EC1B0B53EC1A2B51EC100BF3F7BFFEA5
:10C5C00053EC1C2BF3F762FF53EC1B2BF3F7B7FE76
:10C5D0009DED100B41EC1B0B53EC102B51EC100B91
:10C5E000F3F754FF41EC1D0B9FED7FEB53EC1E2B3B
:10C5F000F3F7A5FE53EC1B2BF3F7A1FE0890CDE952
:10C6000008519DED080B53EC1E2B51EC100BF3F76A
:10C6100037FF53EC1D2BF3F733FF53EC1B2BF3F7D2
:10C6200032FF9DED080B41EC1D0B53EC102B9DEDE3
:10C63000100B51EC100BF3F729FF41EC1B0B53ECE3
:10C640001A2B51EC1D0BF3F721FF9DED080B41EC6C
:10C650001A0B53EC102B51EC1C0BF3F717FF53EC98
:10C660001A2BF3F76CFE41EC1A0B51EC1B0B53EC3D
:10C670001A2BF3F764FE0C90CDE90C519DED0C0BD9
:10C6800053EC1B2B51EC100BF3F7FAFE53EC1A2B67
:10C69000F3F7F9FE41EC1B0B9FED550B53EC102B00
:10C6A0009DED0C0B51EC100BF3F7F0FE41EC1A0B67
:10C6B0009FED510B51EC1B0B53EC102BF3F7E6FEE7
:10C6C00041EC1B0B9FED4E0B53EC102B9DED0C0B17
:10C6D00051EC100BF3F7DAFE53EC1B2BF3F72FFEA4
:10C6E00041EC100B4848784400EBC40090ED001B6F
:10C6F00051EC100B53EC112BF3F721FE41EC1B0B0B
:10C700003846F3F7B2FFCDE9080153EC1B2B51EC8F
:10C710001A0BF3F714FE41EC100B3C48784400EB85
:10C72000C40090ED00CB51EC100B53EC1C2BF3F735
:10C7300006FE9DED081B53EC112BF3F700FE06904F
:10C74000CDE906519DED080B53EC102B9DED060B2A
:10C7500051EC100BF3F794FE53EC1C2BF3F790FE07
:10C7600053EC1A2BF3F78CFE53EC1B2BF3F78BFED9
:10C7700041EC100B9DED261B53EC102B8DED001B97
:10C7800000959DED260B51EC100BF3F77FFE9DED10
:10C79000000B41EC1A0B53EC102B9DED260B51ECCA
:10C7A000100BF3F76DFE9DED061B53EC112B2FE0E4
:10C7B000000000604715F73FFE822B654715F73FE5
:10C7C00044DF5DF80BAE543E000000000000404323
:10C7D0008E9803007AB60B00E26E0100106F010024
:10C7E0001A6E010000000000000000000000084078
:10C7F000000000E009C7EE3FFD033ADC09C7EE3F49
:10C80000F5015B14E02F3EBEA66C0100606C0100D8
:10C81000F3F73CFE53EC1A2BF3F791FD9DED060B5D
:10C8200041EC1A0B53EC102B9DED000B51EC100B4F
:10C83000F3F72CFECDE90C019DED0C0B51EC1A0B1E
:10C8400053EC102BF3F77BFDCDE902010C46AA490E
:10C850008C422FDB611A084318D19DED0C0B53EC71
:10C86000102B9DED020B51EC100BF3F709FE41EC80
:10C870001B0B9FEDA30B51EC1A0B53EC102BF3F792
:10C880005EFD53EC1B2BF3F771FF2DD2022000F05D
:10C89000F9FA00F0C1FA10EE901A18EE900A8DED38
:10C8A000020B8DED008B61F31E0003909DED020BDA
:10C8B000FFF7BEBB944A24F00041914214D3934940
:10C8C000214408437FF4EFAC9DED0C0B53EC102B8F
:10C8D0009DED020B51EC100BF3F7D2FD53EC1A2B2C
:10C8E000F3F744FF7FF6DFAC24F000408849894A23
:10C8F000002601EB205182422BDA481C4FF48011B4
:10C9000021FA00F02044844AC0F30A517A44A1F28B
:10C91000FF3192ED000B814A8DED080BCA4020EAF1
:10C920000202C0F3130040F48010C1F1140120FA98
:10C9300001F60992002CB8BF76429DED080B53EC2E
:10C94000102B9DED0C0B51EC100BF3F799FDCDE97D
:10C950000C019DED0C0B51EC1A0B53EC102BF3F763
:10C96000EEFC9FED6F0B0890CDE9085153EC102BB6
:10C970009DED080B51EC100BF3F788FD41EC1B0B00
:10C980009FED690B53EC102B9DED080B51EC100B38
:10C99000F3F77CFD9DED0C0B41EC1C0B53EC102BC5
:10C9A0009DED080B51EC100BF3F76AFD53EC1A2BBD
:10C9B000F3F769FD9FED5E1B53EC112BF3F766FD5A
:10C9C00053EC1C2BF3F7BBFC41EC1A0B51EC1B0B8B
:10C9D00053EC1A2BF3F7B3FCCDE902019DED020BEA
:10C9E00053EC1B2B51EC100BF3F74AFD53EC1A2BB5
:10C9F000F3F749FD9DED020B41EC1A0B53EC102BA4
:10CA000051EC100BF3F742FDCDE908014A489DEDCA
:10CA1000080B0521784400F044F99DED081B51EC0A
:10CA2000100B53EC112BF3F731FD9DED021B53EC72
:10CA3000112BF3F728FDCDE906019DED020B53EC18
:10CA40001A2B51EC100BF3F721FD53EC1A2BF3F7D3
:10CA500076FC9FED3B0B41EC1A0B53EC102B9DED3C
:10CA6000060B51EC100BF3F70BFD9DED060B41ECA3
:10CA70001B0B53EC102B9DED020B51EC100BF3F73D
:10CA800005FD53EC1B2BF3F773FD53EC1A2BF3F757
:10CA9000F7FC9DED021B53EC112BF3F7F1FC53EC6B
:10CAA000192BF3F7F0FCCDE9020101EB065001155B
:10CAB0000029C8BF039015DC9DED020B324651ECF6
:10CAC000100BF4F7C7F9FEF76FFF042808BF00F05A
:10CAD000B3F932469DED020B51EC100BF4F7BAF9A5
:10CAE000CDE902019DED020B51EC180B53EC102B1C
:10CAF000F3F7CCFCFFF73ABB0000904000000000C9
:10CB0000FE822B654715973C00CC904000346F3F68
:10CB100001FCFFFF0000E03FE86A0100FFFF0F009B
:10CB200000000000432EE63F396CA80C615C20BE7B
:10CB3000EF39FAFE422EE63FB8690100000000001E
:10CB4000000000000000004010B52DED020B2DED9F
:10CB5000088B84B09DED0C0B51EC100BF4F738FAF8
:10CB600041EC180B9DED0C0B53EC182B51EC100BFA
:10CB7000F3F786FC41EC190B0D989FED290B10F093
:10CB8000004F53EC102B51EC190B9FED21AB9FED97
:10CB900022BB0ED0F3F7D2FD0ED953EC1B2B51EC78
:10CBA000190BF3F7E3FD1CD214E000BF41EC180BA6
:10CBB00017E0F3F7C3FD06D253EC1A2B51EC180B18
:10CBC000F3F75EFCF2E753EC1B2B51EC190BF3F778
:10CBD000CDFD06D853EC1A2B51EC180BF3F7AFFB35
:10CBE000E4E78DED028B9DED0C0B18EE901A10EE24
:10CBF000900A8DED000B61F31E0003909DED020B7A
:10CC000004B0BDEC088B02B010BD000000000000B5
:10CC1000000000000000F03F000000000000E03FC6
:10CC2000000000000000E0BF00B52DED048BB0EE69
:10CC3000409AF0EE609A83B051EC190BF4F776F954
:10CC400041EC180B18EE100A18EE901A8DED008BBF
:10CC5000002818BF0120084320F00040C0F17F6089
:10CC600000F1E040C00F14D019EE101A19EE900A2E
:10CC70008DED009B002918BF0121084320F00040E2
:10CC8000C0F17F6000F1E040C00F04BF012000F060
:10CC9000F9F8B0EE480A03B0F0EE680ABDEC048B78
:10CCA00000BD70B504462DED028B4D1E00EBC50096
:10CCB000B0EE408AF0EE608A90ED000B35F0060091
:10CCC00017D053EC182B51EC100BF3F7DFFB41ECB2
:10CCD000100B6D1E04EBC50090ED001B51EC100B0A
:10CCE00053EC112BF3F72BFB41EC100B35F0060046
:10CCF000E7D1022D36D0042D1CD0062D1CBFBDEC73
:10CD0000028B70BD53EC182B51EC100BF3F7BEFBEC
:10CD100094ED0A1B53EC112BF3F711FB53EC182B7A
:10CD2000F3F7B4FB94ED081B53EC112BF3F707FB5F
:10CD300041EC100B53EC182B51EC100BF3F7A6FB46
:10CD400094ED061B53EC112BF3F7F9FA53EC182B67
:10CD5000F3F79CFB94ED040B53EC102BF3F7EFFA75
:10CD600041EC100B53EC182B51EC100BF3F78EFB2E
:10CD700094ED021B53EC112BF3F7E1FA53EC182B53
:10CD8000F3F784FB94ED001B53EC112BF3F7D7FA68
:10CD9000BDEC028B41EC100B70BD000000000000E8
:10CDA0009FED070B10B553EC102B9FED070B51ECCB
:10CDB000100BF3F7DDFB41EC100B10BD0000000081
:10CDC0000000000000000000000000000000F03F34
:10CDD00010B553EC102B51EC100BF3F7B0FA41ECFB
:10CDE000100B10BD10B553EC112B51EC100BF3F7D9
:10CDF000A6FA41EC100B10BD9FED050B10B553ECDE
:10CE0000102B51EC100BF3F7B3FB41EC100B10BDE2
:10CE100000000000000000009FED050B10B553EC72
:10CE2000102B51EC100BF3F731FB41EC100B10BD44
:10CE300000000000000000709FED050B10B553ECE2
:10CE4000102B51EC100BF3F721FB41EC100B10BD34
:10CE5000000000000000001001480068704700005A
:10CE6000340F002002E008C8121F08C1002AFAD1BE
:10CE700070477047002001E001C1121F002AFBD15A
:10CE8000704700000149086070470000340F00201F
:10CE90002DE9FF5F82B00021DDE90430020DDDF8ED
:10CEA00040B0034318D044F61050A2F2FF32424380
:10CEB0001514119801281FD0A5EB0B00401C5FEA48
:10CEC000000A4FF000064E4FDFF83891B04650464A
:10CED00015D5CAF1000413E0119801244AA30128D2
:10CEE00001D16FEA0B010298119AC0E90031C0E943
:10CEF000024206B0BDE8F09FCBF10000DFE7044638
:10CF00000021404A491842EB0450CDE9001012E0DC
:10CF1000E00707D032463B4640464946F3F7B6FAAB
:10CF20008046894632463B4610461946F3F7AEFA2C
:10CF300006460F466410002CEAD1DDE90401DDE964
:10CF40000023BAF1000F06DAF3F7A0FA42464B4687
:10CF5000F3F79CFA05E0F3F70BFB42464B46F3F779
:10CF600007FB04460E460022284BF3F7FFFB03D8CD
:10CF70004FF0FF30014607E00022254B20463146A6
:10CF8000F3F7DDF9F3F77DFF102409E0002C0ADB4D
:10CF90000A220023F3F716F9039B30321A55641E58
:10CFA00050EA0102F2D1641C039AC4F11103144443
:10CFB000119A012A03D0012208430DD10AE0084347
:10CFC00004D000204FF0110B119072E7A3EB0B057A
:10CFD0006D1E0DE05B4504DD4FF0000205F101051B
:10CFE00004E003DA4FF00002A5F10105002AECD0BD
:10CFF00002981199C0E90231C0E9004579E70000C3
:10D00000000014400000F03F300000000000F0433A
:10D010000000E03F30380A2801D20120704700208C
:10D02000704700002DE9FF4F95B09A4688460646A6
:10D030000025EEE1252877D100242746F94A012171
:10D04000039400E0044316F8013F203B01FA03F08B
:10D050001042F7D130782A2811D06FF02F033078A2
:10D06000A0F13002092A16D8039A44F0020402EB18
:10D07000820203EB42021044761C0390EFE758F85B
:10D08000042B0392002A03DA504244F40054039024
:10D0900044F00204761C30782E2816D116F8010FC1
:10D0A00044F004042A280DD06FF02F023078A0F14C
:10D0B0003003092B09D807EB870302EB4303C7189A
:10D0C000761CF3E758F8047B761C30786C280FD078
:10D0D00006DC4C2817D068280DD06A2814D104E04B
:10D0E000742810D07A280FD10DE044F400140AE01F
:10D0F00044F4801401E044F440147278824202D176
:10D1000004F58014761C761C307866280BD013DC6E
:10D11000582877D009DC002875D04528F6D0462855
:10D12000F4D047281AD193E118E0632835D0642859
:10D1300079D0652812D18BE1702873D008DC67287C
:10D14000F1D069286FD06E280DD06F2806D1ACE0E1
:10D1500073282CD0752874D0782853D0524617994C
:10D1600090476D1C54E1C4F30250022809D00328F3
:10D170000DD0D8F8001004280DD00D6008F1040877
:10D1800046E1D8F80010EA17C1E90052F6E7D8F8EE
:10D1900000100D80F2E70D70F0E718F8041B8DF811
:10D1A000001000208DF80100EB46012003E058F844
:10D1B00004BB4FF0FF3061074FF0000102D40DE0D7
:10D1C00009F101018946B9420FDA8145F8DB1BF804
:10D1D00009100029F4D108E009F1010189468142D2
:10D1E000FADB1BF809100029F6D103985346A0EB8F
:10D1F000090721463846179A00F080FA284400EBC8
:10D20000090507E044E008E10DE01BF8010B524678
:10D2100017999047B9F10109F7D25346214638468C
:10D22000179AF2E039E00A21C4F302524FF0000BE2
:10D230000091022A06D058F8040BC117032A09D01E
:10D240000AE023E008F1070020F00702F2E80201FB
:10D25000904605E000B2C117042A01D140B2C117BF
:10D26000002906DA0A460021404261EB02012D2224
:10D2700002E0220504D52B228DF80420012203E0D0
:10D28000E20701D02022F7E7914657E00A2100E0AB
:10D2900010214FF0000B00910BE010214FF0000B1C
:10D2A00044F004040827009103E008204FF0000B2D
:10D2B0000090C4F30252022A05D058F8040B002152
:10D2C000032A08D008E008F1070020F00702F2E87E
:10D2D0000201904603E080B2042A00D1C0B24FF0B0
:10D2E000000922072AD53278702A07D0DDF800C05D
:10D2F0008CF0100C5CEA0B0C05D00EE040228DF88F
:10D300000420012208E050EA010306D030238DF802
:10D3100004308DF8052002229146009B83F008031B
:10D3200053EA0B030AD150EA010201D1620705D585
:10D3300030228DF804204FF001097F1E3278582AE0
:10D3400004D039A20C920CAA02920BE03BA2F9E79E
:10D350005B46009AF2F736FF0C9B9B5C029A521ECA
:10D360000292137050EA0102F2D1029804A9081A3D
:10D3700000F1200B600702D524F4803400E001277F
:10D380005F4502DDA7EB0B0000E0002000EB0B0186
:10D39000009003984944401A0390E00306D4534692
:10D3A0002146179A039800F0A9F90544002706E0E2
:10D3B00001A85246C05D179990476D1C7F1C4F45D0
:10D3C000F6DBE0030CD553462146179A039800F08C
:10D3D00095F9054404E030205246179990476D1C9A
:10D3E0000099481E00900029F5DC08E00298029997
:10D3F00052460078491C0291179990476D1CBBF169
:10D400000001ABF1010BF1DC5BE100F065F90544D3
:10D41000761C307800287FF40DAE19B02846BDE8A0
:10D42000F08F0000092801003031323334353637AF
:10D430003839616263646566000000003031323360
:10D440003435363738394142434445460000000000
:10D45000600700D4062708F1070020F00700F0E875
:10D460000223804603F0004C5FEA0C0001D097A035
:10D4700009E0200501D596A005E0E00701D095A0C0
:10D4800001E0AFF24C001390307823F000436528A0
:10D490000CD006DC452809D046281DD047287FD16E
:10D4A0003BE0662818D067287AD136E00021112F9A
:10D4B00001DB112000E0781CCDE9000104A90CA8D3
:10D4C000FFF7E6FCDDE90D010C9A4FF0000B07F1C8
:10D4D0000109109200914EE04FF000400097CDE915
:10D4E000011004A90CA8FFF7D3FCDDE90D020C9B89
:10D4F0000F994FF0000B91461093009211B9791CCF
:10D5000000EB0109B7EB090003D4C0F1FF3B07F1C1
:10D510000109A9EB0700019042E0012F00DA012781
:10D520000021112F01DD112000E03846CDE9000176
:10D5300004A90CA8FFF7ACFCDDE90D010C9A0091E1
:10D540004FF0000BB946109221070FD4009A4A45BC
:10D5500003DA914601E0A9F10109B9F1010F05DDF6
:10D56000109AA9F10101515C3029F4D0B84202DAD5
:10D5700010F1040F03DA0121CDE9011010E00028B9
:10D5800003DC8344A9EB000102E0411C494500DDB6
:10D590008946A0EB0B00401C01904FF00040029028
:10D5A000200705D40198484502DB4FF0FF30019079
:10D5B00000208DF84B0002980DF14B07B0F1004FA1
:10D5C00025D002200C902B200D90029800280CDA18
:10D5D000404202902D200D9007E00A210298F3F7B7
:10D5E000F9F83031029007F8011D0C99481E0C9093
:10D5F0000029F2DC02980028EFD1791E0D980870FE
:10D60000307800F0200040F0450007F8020D11A826
:10D61000C01BC01D02901398007800B1012000EBE0
:10D620000901019801EBE071029801440398401A46
:10D63000401E0390E00306D453462146179A0398F0
:10D6400000F05CF805441398007818B15246179919
:10D6500090476D1CE00323D553462146179A039843
:10D6600000F04CF805441BE0BBF1000F07DB00980D
:10D67000584504DD1098179910F80B0001E0179930
:10D6800030205246904701980BF1010B401E05F1E6
:10D690000105019004D12E205246179990476D1C28
:10D6A000B9F10001A9F10109DEDC05E017F8010B71
:10D6B0005246179990476D1C0299481E0290002906
:10D6C000F4DC53462146179A03989EE62D0000008D
:10D6D0002B000000200000002DE9F0410446002549
:10D6E0001E461746880404D405E039462020B0477A
:10D6F0006D1C641EF9D52846BDE8F0812DE9F04186
:10D70000044600251E469046C80301D5302700E098
:10D710002027880404D505E041463846B0476D1CF3
:10D72000641EF9D52846BDE8F0810A68531C0B60D9
:10D730001070704710B50B46002100BF02E05C5C22
:10D740006040491C9142FADB10BD00002DE9FF5FEB
:10D750002DED028B04460F46994694ED001BB0EE6A
:10D76000410AF0EE610A9FEDFE1B53EC112B51ECC8
:10D77000100BF2F7E4FD41EC180B9FEDF90B53ECA5
:10D78000102BF2F7DBFF0ED094ED001BB0EE410A38
:10D79000F0EE610A9FEDF41B53EC112B51EC100BD2
:10D7A000F2F7CCFF06D26FF00100BDEC028B04B0A3
:10D7B000BDE8F09F94ED001BB0EE410AF0EE610A67
:10D7C000FFF732FA84ED000B012617E094ED002BF1
:10D7D000B0EE420AF0EE620A04EBC60090ED002BB8
:10D7E000B0EE421AF0EE621A53EC102B51EC110B12
:10D7F000F2F7BEFE04EBC60203C2761C781EB042EE
:10D80000E4DA0125CAE005FB075801262CE0701E6A
:10D8100000FB075B04EBCB0090ED002BB0EE420A5F
:10D82000F0EE620A04EBCB0090ED002BB0EE421A52
:10D83000F0EE621A53EC102B51EC110BF2F726FEAE
:10D8400041EC180B04EBC80090ED001BB0EE410A50
:10D85000F0EE610A53EC102B51EC180BF2F713FEAB
:10D8600004EBC80203C2761CAE42D0DD04EBC80054
:10D8700090ED001BB0EE410AF0EE610A9FEDB81B7F
:10D8800053EC112B51EC100BF2F759FD41EC180B36
:10D890009FEDB30B53EC102BF2F750FF10D004EBBD
:10D8A000C80090ED001BB0EE410AF0EE610A9FED5A
:10D8B000AE1B53EC112B51EC100BF2F73FFF02D2D1
:10D8C0006FF0010071E704EBC80090ED001BB0EEB3
:10D8D000410AF0EE610AFFF7A7F904EBC80080EDFA
:10D8E000000B781EA84258D06E1C53E005FB076B56
:10D8F0004FF0010A32E0AAF1010000FB076004EBDF
:10D90000C00090ED002BB0EE420AF0EE620AAAF1E0
:10D91000010000FB075004EBC00090ED002BB0EEBF
:10D92000421AF0EE621A53EC102B51EC110BF2F785
:10D93000ADFD41EC180B04EBCB0090ED001BB0EEFD
:10D94000410AF0EE610A53EC102B51EC180BF2F780
:10D950009AFD04EBCB0203C20AF1010AAA45CADD13
:10D9600004EBC80090ED002BB0EE420AF0EE620A24
:10D9700004EBCB0090ED002BB0EE421AF0EE621AF1
:10D9800053EC102B51EC110BF2F7F2FD04EBCB0230
:10D9900003C2761C781EB042A8DA6D1C781EA8421D
:10D9A000BFF631AF002673E094ED002BB0EE420AD3
:10D9B000F0EE620A09EBC60090ED002BB0EE421AC1
:10D9C000F0EE621A53EC102B51EC110BF2F7D0FD74
:10D9D00009EBC60203C2012556E005FB075804986F
:10D9E00005FB006B4FF0010A32E0AAF10101049837
:10D9F00001FB006009EBC00090ED002BB0EE420A85
:10DA0000F0EE620A084600FB075004EBC00090ED00
:10DA1000002BB0EE421AF0EE621A53EC102B51ECD0
:10DA2000110BF2F733FD41EC180B09EBCB0090ED35
:10DA3000001BB0EE410AF0EE610A53EC102B51ECE2
:10DA4000180BF2F720FD09EBCB0203C20AF1010A21
:10DA5000AA45CADD04EBC80090ED002BB0EE420AE7
:10DA6000F0EE620A09EBCB0090ED002BB0EE421A0B
:10DA7000F0EE621A53EC102B51EC110BF2F778FD1B
:10DA800009EBCB0203C26D1C781EA842A5DA761CF6
:10DA90000498401EB04287DA00268CE0791E049874
:10DAA00001FB006807FB07F0401E04EBC00090ED8F
:10DAB000002BB0EE420AF0EE620A09EBC80090EDCE
:10DAC000002BB0EE421AF0EE621A53EC102B51EC20
:10DAD000110BF2F74DFD09EBC80203C2A7F1010AD1
:10DAE00065E0AAF10100049900FB0168554630E0A9
:10DAF000AAF1010000FB075B049805FB006009EB3D
:10DB0000C00090ED002BB0EE420AF0EE620A04EB8A
:10DB1000CB0090ED002BB0EE421AF0EE621A53ECFF
:10DB2000102B51EC110BF2F7B1FC41EC180B09EB87
:10DB3000C80090ED001BB0EE410AF0EE610A53EC14
:10DB4000102B51EC180BF2F79EFC09EBC80203C234
:10DB50006D1C781EA842CBDAAAF1010008E0000093
:10DB6000000000000000F03F000000000000000086
:10DB700000FB07A0A0F1010B04EBCB0090ED002B04
:10DB8000B0EE420AF0EE620A09EBC80090ED002BFD
:10DB9000B0EE421AF0EE621A53EC102B51EC110B5E
:10DBA000F2F7E6FC09EBC80203C2AAF1010ABAF1D6
:10DBB000010F96DA761C0498401EB042BFF66EAF95
:10DBC0000220F2E570B50246002317E0002011E0C4
:10DBD00032F81060451C32F81550AE4209DD32F8BB
:10DBE0001040451C32F8155022F81050451C22F800
:10DBF0001540401C4D1E8542EAD85B1C8B42E5D384
:10DC000070BD00002DE9F0432DED0A8BA1B0054653
:10DC10000C4617461E46802101A8F2F71DFB05EBB6
:10DC2000C50204F5CC6000EBC20090ED040A10EED2
:10DC3000101A0846F2F76FFD41EC190B9FEDCF0B60
:10DC400053EC102BF2F792FD75D205EBC50204F5EB
:10DC5000CC6111F83200F2F719FD41EC1B0B9FED7E
:10DC6000C90B53EC102BF2F783FC41EC1A0BF2F7C3
:10DC700095FD08EE900AE06CF2F7F7FC41EC1B0B07
:10DC800097ED021BB0EE410AF0EE610A53EC1B2B3C
:10DC900051EC100BF2F76CFC41EC1A0BF2F77EFD25
:10DCA00009EE100AF0EE680AB0EE490A09F00EF823
:10DCB000B0EE408A05EBC50204F5CC6000EBC20073
:10DCC00090ED040A10EE101A0846F2F724FD41EC1C
:10DCD000190B94ED140A38EE400A10EE101A08469B
:10DCE000F2F719FD41EC1B0BB0EE4B0AF0EE6B0A9C
:10DCF000FDF792FEB0EE40AAF0EE60AA53EC192BAD
:10DD000051EC1A0BF2F732FD15D2A048006850B161
:10DD10009FA101A8FDF722FE814626B14A4601A92E
:10DD20003046336998474FF0FF3021B0BDEC0A8B85
:10DD3000BDE8F083FFE705EBC50204F5CC6000EB1E
:10DD4000C20090ED050A10EE101A0846F2F7E3FC47
:10DD500041EC190B9FED890B53EC102BF2F706FDEC
:10DD600049D205EBC50104F5CC6000EBC100D0F849
:10DD7000208005EBC50204F5CC6000EBC20090EDFD
:10DD8000050A10EE101A0846F2F7C5FC41EC190B13
:10DD90004046F2F7C0FC41EC1C0B97ED021BB0EEC5
:10DDA000410AF0EE610A53EC102BF2F76CFB41ECE8
:10DDB0001B0BB0EE4B0AF0EE6B0AFDF72DFEB0EE3A
:10DDC00040AAF0EE60AA53EC192B51EC1A0BF2F7B3
:10DDD000CDFC10D26D48006850B174A101A8FDF7C8
:10DDE000BDFD814626B14A4601A9304633699847B0
:10DDF0006FF0010099E705EBC50204F5CC6000EB7C
:10DE0000C20090ED060A10EE101A0846F2F783FCE5
:10DE100041EC190B9FED590B53EC102BF2F7A6FCBC
:10DE20007ED205EBC50204F5CC6000EBC20090ED9C
:10DE3000060A10EE101A0846F2F76DFC41EC190BB9
:10DE400005EBC50204F5CC6000EBC20090ED020AC0
:10DE500010EE101A0846F2F75EFC41EC1C0B05EBC5
:10DE6000C50104F5CC6000EBC10090ED0C1BB0EED9
:10DE7000410AF0EE610A53EC102B51EC1C0BF2F747
:10DE800002FB41EC1B0BB0EE4B0AF0EE6B0AFDF708
:10DE9000C3FDB0EE40AAF0EE60AA53EC192B51EC92
:10DEA0001A0BF2F763FC10D23848006850B145A154
:10DEB00001A8FDF753FD814626B14A4601A9304627
:10DEC000336998476FF002002FE705EBC50204F5B0
:10DED000CC6000EBC20090ED060A10EE101A084666
:10DEE000F2F719FC41EC190B05EBC50204F5CC6007
:10DEF00000EBC20090ED030A10EE101A0846F2F78C
:10DF00000AFC41EC1C0B05EBC50104F5CC6000EBF1
:10DF1000C10090ED0E1BB0EE410AF0EE610A00E088
:10DF200029E053EC102B51EC1C0BF2F7ACFA41EC4E
:10DF30001B0BB0EE4B0AF0EE6B0AFDF76DFDB0EE79
:10DF400040AAF0EE60AA53EC192B51EC1A0BF2F731
:10DF50000DFC10D20D48006850B120A101A8FDF7BA
:10DF6000FDFC814626B14A4601A9304633699847EF
:10DF70006FF00300D9E60120D7E600008DEDB5A0D3
:10DF8000F7C6B03E0000000000E06F40D40D002056
:10DF9000636865636B202020202020203A204761A1
:10DFA0006D6D61204E470D0A0000000063686563D7
:10DFB0006B202020202020203A204C76204E470D38
:10DFC0000A000000636865636B2020202020202069
:10DFD0003A2058204E470D0A000000006368656330
:10DFE0006B202020202020203A2059204E470D0A67
:10DFF0000000000070B504460D46607801232A46F3
:10E0000004F1300102F074FF08B1032070BD94F8F0
:10E010002E1294F82F0241EA00204AF65521884238
:10E0200001D00220F2E794F86900010694F8680034
:10E0300041EA004194F8670041EA002094F8661034
:10E04000084320F07F400E49884201D10020DDE7DF
:10E0500094F88500010694F8840041EA004194F8A0
:10E06000830041EA002094F88210084320F07F40AA
:10E070000349884201D10020C8E70120C6E700001B
:10E0800046415400024600E0521C107810B110784E
:10E090008842F9D1107870472DE9F74F88B0089879
:10E0A0000068019001980078303807900798092897
:10E0B0000AD8019840783A2806D10198801C01902E
:10E0C00008990198086001E000200790079818B1AE
:10E0D0000B200BB0BDE8F08FD049079851F82040D5
:10E0E000099804600CB90C20F3E7207878B16078C7
:10E0F00002F036FF804608F0010040B90A9820B1CE
:10E1000008F0040008B10A20E3E70020E1E700205E
:10E11000207007986070607802F0E3FE804608F097
:10E12000010008B10320D4E70A9820B108F00400E8
:10E1300008B10A20CDE74FF0000B59462046FFF703
:10E1400059FF054600BF012D21D14FF0000ABAF159
:10E15000000F03D0AAF1010000F0FF0A4FF4DF70B6
:10E1600000EB0A1104F130000F18387978B1F87A11
:10E170000106B87A41EA0041787A41EA0020397A0A
:10E1800040EA010B59462046FFF734FF0546032DB0
:10E1900001D101209DE70DB10D209AE73B20015DE3
:10E1A00094F83C0041EA0020B0F5007F01D00D203A
:10E1B0008FE74620015D94F8470041EA0029B9F154
:10E1C000000F0ED194F85700010694F8560041EA6A
:10E1D000004194F8550041EA002094F8541040EAB8
:10E1E0000109C4F81C904020065DE670012E03D0A2
:10E1F000022E01D00D206CE709FB06F93D20005DE1
:10E200000646A07016B1701E304008B10D2060E7C0
:10E210004120015D94F8420041EA00202081207AEB
:10E2200000F00F0008B10D2053E74320015D94F882
:10E23000440041EA00200690069870B994F8530013
:10E24000010694F8520041EA004194F8510041EA75
:10E25000002094F85010084306903E20015D94F889
:10E260003F0041EA00200290029808B90D2030E7F3
:10E2700002984844218900EB11100590DDE9050161
:10E28000814201D20D2024E7DDE90510401AA17872
:10E29000B0FBF1F00490049808B90D2019E70125AE
:10E2A00040F6F6710498884200D302254FF6F671C5
:10E2B0000498884200D303250498801CA061059827
:10E2C0005844A062029858442062032D16D1208938
:10E2D00008B10D20FDE694F85F00010694F85E0099
:10E2E00041EA004194F85D0041EA002094F85C1096
:10E2F00008436062A0698000039014E0208908B997
:10E300000D20E6E6206A48446062022D02D1A06931
:10E31000400007E0207E00F00100A16901EB41010F
:10E3200000EB51000390E169039800F2FF10B1EB9C
:10E33000502F01D20D20CCE64FF0FF30206100209D
:10E34000E060032D5CD1607194F8601094F8610076
:10E3500041EA0020584460616078012304F13001F3
:10E36000626902F0C5FDE8BB94F82E1294F82F0202
:10E3700041EA00204AF65521884241D13320005D10
:10E3800001063220005D41EA00413120005D41EA92
:10E39000002094F8301008432149884230D194F885
:10E3A0001702010694F8160241EA004194F815029A
:10E3B00041EA002094F8141208431A4988421FD1F8
:10E3C00094F81F02010694F81E0241EA004194F8F5
:10E3D0001D0241EA002094F81C120843E06094F802
:10E3E0001B0200E00CE0010694F81A0241EA004129
:10E3F00094F8190241EA002094F8181208432061A9
:10E40000257009480088401C80B207490880E080D8
:10E410000020E062207100BF5BE60000BC0E00201F
:10E420005252614172724161C00E00200246891E43
:10E430009069801E884201D8002070479378906AC6
:10E4400001FB0300F9E730B50346002409E004EBC3
:10E45000440551F825501868A84201D1012030BD6B
:10E46000641C9442F3DB00240AE004EB440501EB56
:10E47000850558686D68A84201D10120EFE7641C4A
:10E480009442F2DB00240AE004EB440501EB85052D
:10E490009868AD68A84201D10120E0E7641C94426D
:10E4A000F2DB0020DBE700002DE9F04705460C46D3
:10E4B000207820F04000401E00EB800101EBC006F8
:10E4C00000274FF0010800BF1A48C05D205C1949C1
:10E4D000C95D2144497840EA0129B8F1000F10D004
:10E4E000484603F013FA8046FF2E07D23146761CC9
:10E4F00035F8110003F00AFA404508D00020BDE8C5
:10E50000F0874FF6FF70814501D00020F7E7781CB7
:10E5100007460D28D8D3207800F0400038B1B8F174
:10E52000000F04D035F8160008B10020E7E70120FD
:10E53000E5E70000242D030800B5ADF5217D00209E
:10E54000F9F792FF0A20F5F74DFD4FF0FF335A22FD
:10E550001146F020FAF768F84FF0FF335A221146BF
:10E56000F120FAF761F84FF0FF3000210B460F223F
:10E57000CDE90010FF21FD20FAF756F84FF0FF33E8
:10E5800000225A21FF20FAF74FF84FF0FF320821FE
:10E59000D020FAF749F84FF0FF30002102910391A3
:10E5A000CDE9041000910B460A46B0200191FAF71C
:10E5B0003BF84FF0FF305623322207210090B12064
:10E5C000FAF732F84FF0FF3000231A461946009050
:10E5D000B220FAF729F84FF0FF30002100910191A5
:10E5E000FF231A46CDE90210C020FAF71DF84FF0BC
:10E5F000FF3000231A4698210090C120FAF714F842
:10E600004FF0FF30112100220692CDE9072102923E
:10E61000039204920592099001204421134604229A
:10E62000CDE900100221C220F9F7FEFF4FF0FF32C2
:10E630000021C320F9F7F8FF4FF0FF3000211891B7
:10E640001991CDE91A101491159116911791109105
:10E650001191129100200C900D900E900F90089047
:10E6600009900A900B9004900590069007900090F6
:10E670000190029003460246139103900146C52083
:10E68000F9F7D2FF4FF0FF30002102910391CDE95D
:10E690000410082003468822CDE900108521C620F9
:10E6A000F9F7C2FF4FF0FF3301225A21FF20F9F79B
:10E6B000BBFF4FF0FF300021009101910B46022279
:10E6C000CDE90210B020F9F7AFFF4FF0FF30002185
:10E6D0000B460A46CDE90010B120F9F7A5FF4FF02F
:10E6E000FF3302225A21FF20F9F79EFF4FF0FF303F
:10E6F00000217A917B917C917691779178917991B3
:10E7000072917391749175917D9000206E906F90CD
:10E71000709071906A906B906C906D90669067901D
:10E720006890699062906390649065905E905F904D
:10E73000609061905A905B905C905D90569057907D
:10E740005890599052905390549055904E904F90AD
:10E75000509051904A904B904C904D9046904790DD
:10E760004890499042904390449045903E903F900D
:10E77000409041903A903B903C903D90369037903D
:10E780003890399032903390349035902E902F906D
:10E79000309031902A902B902C902D90269027909D
:10E7A0002890299022902390249025901E901F90CD
:10E7B000209021901A901B901C901D9016901790FD
:10E7C0001890199012901390149015900E900F902D
:10E7D000109011900A900B900C900D90069007905D
:10E7E00008900990029003900490059000900346D1
:10E7F000024601460190B020F9F716FF4FF0FF30B6
:10E80000002112911391CDE914100E910F911091E6
:10E8100011910A910B910C9100200690079008909D
:10E8200009900290039004900590009003460246E0
:10E830000D910190B120F9F7F7FE4FF0FF3303225D
:10E840005A21FF20F9F7F0FE4FF0FF3000231A465F
:10E8500019460090C020F9F7E7FE4FF0FF3304227D
:10E860005A21FF20F9F7E0FE4FF0FF300021C123CD
:10E87000CDE91F31CDE9211001208523CDE91B31E0
:10E88000CDE91D1017911891CDE919100220112121
:10E89000C8220023CDE91332CDE915101046062217
:10E8A000CDE90F32CDE911300820C822CDE90B3275
:10E8B000CDE90D30104600210622CDE90712CDE941
:10E8C0000910082086220123CDE90332CDE9051085
:10E8D000C2200F22CDE90023029024231A460721EB
:10E8E000B020F9F7A1FE4FF0FF30D6217623752234
:10E8F000CDE900101421B120F9F796FE4FF0FF305A
:10E90000B8210122F423CDE91B32CDE91D100220EC
:10E91000CDE91732CDE91910CDE91332CDE9151043
:10E92000CDE90F32CDE91110CDE90B32CDE90D1053
:10E93000CDE90732CDE90910CDE90332CDE9051063
:10E94000CDE90021029002460321B220F9F76CFEC6
:10E950004FF0FF303F2100221A92CDE91B211D907C
:10E960001046602144220023CDE91632CDE918106B
:10E97000662019461A221523CDE91232CDE914106A
:10E98000322000210223CDE90E31CDE910100846D6
:10E9900033210A910B91CC220692CDE90C10CDE9DE
:10E9A00007215420099172210D221223CDE9023250
:10E9B000CDE904100120CDE90030222302220021FC
:10E9C000B320F9F731FE4FF0FF30922102220823E5
:10E9D000CDE93232CDE934100020D6210122CDE933
:10E9E0002E32CDE930105221CDE92A32CDE92C105A
:10E9F000EE21CDE92630CDE92810A221CDE9223043
:10EA0000CDE924106621CDE91E30CDE92010322158
:10EA1000CDE91A30CDE91C1092210222CDE916323F
:10EA2000CDE91810D6210122CDE91232CDE914101A
:10EA30005221CDE90E32CDE91010EE21CDE90A3098
:10EA4000CDE90C10A221CDE90630CDE908106621F0
:10EA5000CDE90230CDE90410322103460822CDE988
:10EA600000100146B420F9F7DFFD4FF0FF30002120
:10EA700002910391CDE9041008200B460A46CDE926
:10EA80000010B520F9F7D0FD4FF0FF3000210B4604
:10EA90000322CDE900100221C020F9F7C5FD4FF097
:10EAA000FF30FF210F22CDE92A12A023CDE92C103F
:10EAB000CDE926320120CDE92812CDE92212CDE997
:10EAC00024101046CDE91E12CDE92010A02101220C
:10EAD000FF23CDE91A32CDE91C100F20CDE9163005
:10EAE0001946CDE918300323CDE91230CDE91410D1
:10EAF00000200E900F901090FF231190CDE90A3066
:10EB00000C900D900F20CDE90630032100220292D7
:10EB1000CDE90830CDE90321009213461146019258
:10EB20000590C120F9F780FD4FF0FF3000210291E0
:10EB30000391CDE9041008460A2100230422CDE9FF
:10EB400000101946C220F9F76FFD4FF0FF30002189
:10EB5000A023CDE90231CDE904100120FF210B46AD
:10EB60001122CDE900101221C320F9F75DFD4FF00D
:10EB7000FF30762101220023CDE90232CDE90410D5
:10EB8000FF21CDE900130B4630222121C520F9F7E2
:10EB90004BFD4FF0FF30FF210F22CDE90212CDE9EE
:10EBA00004100B46CDE9001200221146C620F9F7E9
:10EBB0003BFD4FF0FF30FF210F22CDE90212CDE9DE
:10EBC00004100B46CDE9001200221146C720F9F7C8
:10EBD0002BFD4FF0FF30FF210F22CDE90212CDE9CE
:10EBE00004100B46CDE9001200221146C820F9F7A7
:10EBF0001BFD4FF0FF30FF210F22CDE90212CDE9BE
:10EC000004100B46CDE9001200221146C920F9F785
:10EC10000BFD4FF0FF30FF210F22CDE90212CDE9AD
:10EC200004100B46CDE9001200221146CA20F9F764
:10EC3000FBFC4FF0FF30FF210022CDE93612CDE979
:10EC40003810FC203F21F822FF23CDE93232CDE9F4
:10EC50003410184619461A460023CDE92E32CDE964
:10EC60003010FF202A902B902C902D90CDE926304B
:10EC7000289029900020FF222292CDE923203321E1
:10EC8000F223CDE91E32CDE9201225900D201A92F3
:10EC90001B92CDE91C20FF20002116911791CDE990
:10ECA00018100846FC21C023CDE91232CDE914101A
:10ECB000C320CDE90E32CDE91010CDE90A32CDE9FD
:10ECC0000C10CF20FD21D523CDE90632CDE9081067
:10ECD000DF20FC21C023CDE90232CDE90410CF2092
:10ECE000FD21FF23DB22CDE90010D721CB20F9F74E
:10ECF0009BFC4FF0FF3000210223CDE91A31CDE912
:10ED00001C1018460A210B23CDE91631CDE9181045
:10ED1000184600211F23CDE91231CDE91410084611
:10ED2000202100222123CDE90E32CDE91010062347
:10ED3000CDE90A320C9218460C210D23CDE906319B
:10ED40000D92CDE90810184600212223CDE90231A9
:10ED5000CDE904100846232100232422CDE9001028
:10ED60001946D020F9F760FC4FF0FF3000210C91DC
:10ED70000D91CDE90E106620332155222223CDE9D5
:10ED80000832CDE90A104420112100220492CDE975
:10ED9000052107901046662133225523CDE9003224
:10EDA000CDE90210222344221121D120F9F73CFCA5
:10EDB0004FF0FF3000210C910D91CDE90E10332062
:10EDC000662122225523CDE90832CDE90A1011200F
:10EDD000442100220492CDE90521079010463321F9
:10EDE00066222223CDE90032CDE9021055231122FB
:10EDF0004421D220F9F718FC4FF0FF3000213723CF
:10EE0000CDE90D31CDE90F101846194600220B232C
:10EE1000CDE90932CDE90B101620114637220592B3
:10EE2000CDE906210890104600211A461623CDE9A7
:10EE30000221CDE9001304900B460A462021D3207D
:10EE4000F9F7F2FB4FF0FF3000210E910F91CDE961
:10EE500010100A910B910C9122200023CDE906306D
:10EE600008902222CDE90232049305930093019386
:10EE70000D91099060232822F021D420F9F7D4FBCA
:10EE80004FF0FF300F2100220A92CDE90B210D90A7
:10EE9000012006920792CDE908200290CDE90302F5
:10EEA000059000900346024630210190D520F9F7E5
:10EEB000BBFB4FF0FF3000211D911E91CDE91F10CB
:10EEC00019911A911B911C9115911691179100207F
:10EED00011901290139014900D900E900F9010902E
:10EEE00009900A900B900C9005900690079008905E
:10EEF00001900290039004900346024618910090FE
:10EF00000146D620F9F790FB4FF0FF3011210B4658
:10EF10002222CDE900100021D720F9F785FB4FF020
:10EF2000FF3000210B460A46CDE900103421E020D5
:10EF3000F9F77AFB4FF0FF3305225A21FF20F9F74A
:10EF400073FB4FF0FF300B2118220F23CDE91B324A
:10EF5000CDE91D1014208A210023CDE91731CDE918
:10EF600019101620462124220F23CDE91332CDE9B2
:10EF7000151018460121F722B423CDE90F32CDE94F
:10EF80001110B5210F220B920A20CDE90D130C921E
:10EF90008A210023CDE90731CDE909101620462149
:10EFA00024220F23CDE90332CDE905100121F722F8
:10EFB000CDE901130092B4231A46B521B020F9F728
:10EFC00033FB4FF0FF30512195227523CDE90132FB
:10EFD000CDE903103320002330220F210090B1200F
:10EFE000F9F722FB4FF0FF300B210F22CDE90A1277
:10EFF000CDE90C108A2000221623CDE907200693C4
:10F000000990462024210F220292CDE90321059088
:10F010000120F721F4231A46CDE90010F521B22092
:10F02000F9F702FB4FF0FF300121D0220523CDE993
:10F030000132CDE903103320002330220321009058
:10F04000B320F9F7F1FA4FF0FF30882100220123B5
:10F05000CDE90632CDE90810902011461122332364
:10F06000CDE90232CDE90410FF20009000232222D6
:10F0700002210190B420F9F7D7FA4FF0FF300021B8
:10F08000149115910F22CDE91610CDE910121291AD
:10F0900064221391CDE90C120E910F910891099100
:10F0A0000520CDE90A1204910591CDE906106420EE
:10F0B000CDE9001000231A46CDE902100521B52044
:10F0C000F9F7B2FA4FF0FF30002121220223CDE9F7
:10F0D0002032CDE9221011202B2100221C92CDE9F3
:10F0E0001D211F90202011460E221892CDE91921D2
:10F0F0001B900C21149115910523CDE91612CDE931
:10F10000103112911846139103210A23CDE90C31D5
:10F11000CDE90E10092008210723CDE90830CDE9FB
:10F120000A10052003220223CDE905200121002237
:10F1300000920493CDE90213019207901346114601
:10F14000B620F9F771FA4FF0FF301121082204239D
:10F15000CDE92032CDE9221000221C92CDE91D23F9
:10F1600008201146012218921F93CDE919211B9006
:10F1700010461146032214920523CDE91521CDE94D
:10F180001032129213921790184606210323CDE9EC
:10F190000C31CDE90E100420089009900A900B90D4
:10F1A000052004910591CDE90610082000900190FA
:10F1B00002900346024601460390B720F9F734FA5D
:10F1C0004FF0FF30012102221F92CDE92021229031
:10F1D0001046114600220823CDE91B32CDE91D104F
:10F1E000042117911891CDE91912139114911591D9
:10F1F00016910F911091119104200623CDE90B3047
:10F200000D900793089309930A9312910E90184654
:10F2100019461A460823CDE90332009301931A4692
:10F220000293CDE905101946B820F9F7FDF94FF022
:10F23000FF3000210522CDE900120B465922CDE90D
:10F2400002102121B920F9F7EFF94FF0FF33062220
:10F250005A21FF20F9F7E8F94FF0FF300021FF2293
:10F260000123CDE915321193129313931493CDE931
:10F270001710184619461A460223CDE90D32CDE97A
:10F280000F10184619461A46C023CDE90932CDE9B8
:10F290000B1080204021FB220023CDE90532CDE96F
:10F2A0000710DF201946EA220123CDE90132CDE91A
:10F2B000031000200346102201210090B020F9F72E
:10F2C000B3F94FF0FF3307225A21FF20F9F7ACF9C9
:10F2D0004FF0FF3000219C919D91A8239E91999120
:10F2E0009A9198939B919F9008467A21002294923C
:10F2F000959296919790C72195239192909393928E
:10F300009291212106238D9201208C938F928E91D0
:10F31000CC21AD23889389928A918B9010463F210E
:10F320000122002384938592869187901046ED21D7
:10F330001A466E23809381928291839001202E2120
:10F340001C237D907C937E917F909821542379900B
:10F3500078937A917B904321BB2375907493769137
:10F360007790752164237190709372917390D82176
:10F3700093236D906C936E916F908021F62369902A
:10F3800068936A916B90AD219C236590649366911C
:10F39000679011210222C62360936192629163906B
:10F3A000B42129235D905C935E915F901046DC212F
:10F3B0000122CB23589359925A915B9010465321C6
:10F3C0000222062354935592569157901046F221EB
:10F3D00001227B23509351925291539002202B2172
:10F3E00018234D904C934E914F909F214D2349905F
:10F3F00048934A914B903A21DF234590449346919C
:10F4000047908A21752341904093429143901B215C
:10F410000322C023CDE93C32CDE93E10AA2151237D
:10F42000CDE93830CDE93A101046F2210222DB2333
:10F43000CDE93432CDE9361010468521032221234F
:10F44000CDE93032CDE932100B21B723CDE92C3292
:10F45000CDE92E124D213923CDE928320320CDE903
:10F460002A12E5217923CDE92430CDE92610642143
:10F470001323CDE92030CDE922100420A2218E23D0
:10F48000CDE91C32CDE91E10104642210422CC23C6
:10F49000CDE91832CDE91A100320B7216E23CDE94A
:10F4A0001430CDE916101046F3210322E323CDE9F1
:10F4B0001032CDE9121010469E2104221D23CDE901
:10F4C0000C32CDE90E101021CB23CDE90832CDE965
:10F4D0000A1244213823CDE904320420CDE9061272
:10F4E000F4216A23CDE9003003466122CDE9021000
:10F4F0000146B020F9F798F84FF0FF3000219C91B9
:10F500009D91CB239E9199919A9198939B919F90D5
:10F5100008468821002271239493959296919790A2
:10F52000E421A12391929093939292918B2117239E
:10F530008D9201208C938F928E91D421BF2388933A
:10F5400089928A918B9010464A2101220723849345
:10F550008592869187901046F32100227D23809327
:10F5600081928291839001203A2127237D907C9380
:10F570007E917F90AA216423799078937A917B90F1
:10F580005021D223759074937691779089217423BA
:10F590007190709372917390F421AA236D906C9383
:10F5A0006E916F9095211423699068936A916B9086
:10F5B0000220C8210122B32364936592669167906B
:10F5C000104631210222E32360936192629163909D
:10F5D0000120CD214C235D905C935E915F9010469D
:10F5E000FC210122E523589359925A915B901046D1
:10F5F0007D2102222A23549355925691579014212B
:10F60000AA23519250935392529155213C234D92EB
:10F6100002204C934F924E91D3217B2349904893E3
:10F620004A914B9063211F23459044934691479004
:10F630000320C221A8234093419242914390104657
:10F64000662103220123CDE93C32CDE93E1010466C
:10F65000E8210222A723CDE93832CDE93A10032070
:10F660003E212423CDE93430CDE93610E82177233B
:10F67000CDE93030CDE9321061212623CDE92C309F
:10F68000CDE92E100420B02103229923CDE92832A0
:10F69000CDE92A10104662210422E523CDE9243267
:10F6A000CDE926100320D2219E23CDE92030CDE9DB
:10F6B00022101A210A23CDE91C320420CDE91E12A2
:10F6C000D5214C23CDE91830CDE91A104121112361
:10F6D000CDE91430CDE91610052081217B23CDE939
:10F6E0001032CDE9121010464B210522B523CDE989
:10F6F0000C32CDE90E100420B8218423CDE9083066
:10F70000CDE90A101046E8210422F223CDE90432A3
:10F71000CDE906101046BF2105221E23CDE9003297
:10F72000CDE9021013462E220521B120F8F77CFF07
:10F730004FF0FF3000219C919D9160239E91999103
:10F740009A919B91949195919691989397919F906E
:10F7500000207421909091909C2393908D908E9096
:10F760008C9392918F903021889089908A918B9080
:10F77000C421652385908493869187903F21EC2353
:10F7800081908093829183909A2189237D907C93AC
:10F790007E917F9011210122C323789379927A91EF
:10F7A0007B90B321382375907493769177901046AF
:10F7B000F1210022DE2370937192729173901046B2
:10F7C000532101220A236C936D926E916F90104623
:10F7D000F82100226923689369926A916B90012055
:10F7E00022210F23659064936691679078212D23E1
:10F7F00061906093629163901F218D235D905C9373
:10F800005E915F9042213223599058935A915B90B8
:10F81000B121632355905493569157905321D4238B
:10F820005190509352915390882175234D904C9351
:10F830004E914F90EE219F23499048934A914B90CF
:10F840008E21222345904493469147900220D22155
:10F850000122BE23409341924291439010464C2195
:10F860000222F923CDE93C32CDE93E100120E52109
:10F870007323CDE93830CDE93A1020210A23CDE9B0
:10F8800034320220CDE9361298214323CDE93030BD
:10F89000CDE932102D21B923CDE92C30CDE92E1040
:10F8A00062214A23CDE92830CDE92A10D7217F23D0
:10F8B000CDE92430CDE926106721F423CDE92030AD
:10F8C000CDE922109B218223CDE91C30CDE91E1009
:10F8D00011210322B523CDE91832CDE91A109D215B
:10F8E0002C23CDE91430CDE916101046CD2102228B
:10F8F000B423CDE91032CDE912101046472103227E
:10F90000E523CDE90C32CDE90E100220CD21602394
:10F91000CDE90830CDE90A101046FC210222E4238B
:10F92000CDE90432CDE906101046782103221223D6
:10F93000CDE90032CDE902101346F9220221B220AE
:10F94000F8F772FE4FF0FF3308225A21FF20F8F734
:10F950006BFE4FF0FF3300227721B020F8F764FEF2
:10F960004FF0FF30172107224D23CDE90632CDE9B4
:10F97000081000202723CDE903210590CDE90103DC
:10F98000009113464D220146B120F8F74DFE4FF08D
:10F99000FF320121B420F8F747FE4FF0FF30242159
:10F9A0001A221023CDE90432CDE90610AF204623F8
:10F9B000CDE90030029050235A2201210390C0204B
:10F9C000F8F732FE4FF0FF30672145222323CDE9BF
:10F9D0001F32CDE921100120CDE91B32CDE91D10E8
:10F9E0000021FF22BF23CDE91732CDE919107F2076
:10F9F0005F213C222123CDE91332CDE915100A20E5
:10FA0000FF21BF227F23CDE90F32CDE911105F2006
:10FA10003C2121220A23CDE90B32CDE90D10002033
:10FA20000790089009900A90039004900590069022
:10FA30000090019000231A4619460290C120F8F761
:10FA4000F3FD4FF0FF30002116221592CDE916216B
:10FA50001890012011911291CDE913107C201122F0
:10FA60000D92CDE90E21109010460522CDE9091224
:10FA7000CDE90B1008463F214D224923CDE905323F
:10FA8000CDE907100120042158220223CDE90132DB
:10FA9000CDE9031032200023452201210090C2202D
:10FAA000F8F7C2FD4FF0FF30002116221592CDE984
:10FAB00016211890012011911291CDE913107C208C
:10FAC00011220D92CDE90E21109010460522CDE9AC
:10FAD0000912CDE90B1008463F214D224923CDE9FB
:10FAE0000532CDE907100120042158220223CDE977
:10FAF0000132CDE90310322000234522012100907C
:10FB0000C320F8F791FD4FF0FF3000219C919D91AB
:10FB10009E91989199919A919B919491959196919A
:10FB200097919F90002090909190929093908C90BC
:10FB30008D908E908F90889089908A908B908490F1
:10FB400085908690879080908190829083907C9021
:10FB50007D907E907F90789079907A907B90749051
:10FB600075907690779070907190729073906C9081
:10FB70006D906E906F90689069906A906B906490B1
:10FB800065906690679060906190629063905C90E1
:10FB90005D905E905F90589059905A9006225492D2
:10FBA0005B90569055925790FF20509151915291F1
:10FBB0004C914D914E914F9153900846FF21002258
:10FBC0004892499244924592469247924A914B906C
:10FBD00010461146FF22002340933C933D933E93F1
:10FBE0003F93419242914390184619461A46462344
:10FBF000CDE93832CDE93A100120CDE93430CDE9F4
:10FC00003630CDE930304621CDE93230CDE92C1007
:10FC1000CDE92E10CDE92810D023CDE92A10CDE969
:10FC20002430CDE92610CDE92030CDE92230CDE9D0
:10FC30001C30D021CDE91E30CDE91810CDE91A10C5
:10FC4000CDE914104623CDE91610CDE91030CDE9E9
:10FC50001210CDE90C30CDE90E30CDE90830462147
:10FC6000CDE90A30CDE90410CDE90610CDE9001048
:10FC700003460A46CDE902100146D020F8F7D4FC2D
:10FC80004FF0FF3000211891199108221492CDE90C
:10FC90001A10CDE91521FF201090CDE91102139023
:10FCA0000C900D900E9017910F9000200892CDE9C6
:10FCB00009200492059206920792009201920B90FD
:10FCC00013463021CDE90220D120F8F7ADFC4FF0EA
:10FCD000FF3309225A21FF20F8F7A6FC4FF0FF302E
:10FCE000C22101228623CDE90832CDE90A1010464F
:10FCF000102108220023CDE90432CDE90610104678
:10FD0000114678220E23CDE90032CDE902100023FE
:10FD10001A46B321B020F8F787FC4FF0FF300021DE
:10FD20000822C223CDE90B32CDE90D100520B82100
:10FD30000022CDE90712CDE909105C210392CDE93B
:10FD4000042133210692CDE9002113462521B1205B
:10FD50000292F8F769FC4FF0FF3000210822C2231D
:10FD6000CDE90B32CDE90D100520B8210022522338
:10FD7000CDE90732CDE9091002205C210392CDE9DB
:10FD800004210690104685210122CDE90021029030
:10FD90002121B220F8F748FC4FF0FF300021082263
:10FDA000C223CDE90B32CDE90D100520CA21022274
:10FDB000B823CDE90732CDE909100020C121012285
:10FDC0006523CDE90332CDE9051010463321002229
:10FDD0001346CDE9002102902921B320F8F724FC35
:10FDE0004FF0FF3000210822C223CDE90B32CDE9CC
:10FDF0000D100520CA2102225223CDE90732CDE998
:10FE000009101046C12101226523CDE90332CDE955
:10FE100005108521CDE9002152232D21B420029225
:10FE2000F8F702FC4FF0FF3000210C22A423CDE9AB
:10FE30000B32CDE90D100720F4210022C623CDE9B5
:10FE40000732CDE9091014210392CDE90421642180
:10FE50000692CDE9002133232521B5200292F8F73F
:10FE6000E3FB4FF0FF3000210C22A423CDE90B323D
:10FE7000CDE90D100720F42100224423CDE90732FB
:10FE8000CDE90910022014210392CDE90421069046
:10FE90001046522101222423CDE900210290212184
:10FEA000B620F8F7C1FB4FF0FF3000210C22A4234D
:10FEB000CDE90B32CDE90D1007208E210222C62399
:10FEC000CDE90732CDE909100020C1210122AD237F
:10FED000CDE90332CDE90510104664210022332319
:10FEE000CDE9002102902921B720F8F79DFB4FF0C2
:10FEF000FF3000210C22A423CDE90B32CDE90D10F7
:10FF000007208E2102224423CDE90732CDE90910D2
:10FF10001046C1210122AD23CDE90332CDE9051000
:10FF20005221CDE9002124232D21B8200292F8F797
:10FF30007BFB4FF0FF3000213022CDE90A12652310
:10FF4000CDE90C10CDE906320120CDE908125C2183
:10FF500000220292CDE9032100921346272101924B
:10FF60000590B920F8F760FB4FF0FF3000213022F8
:10FF7000CDE90A12C123CDE90C10CDE906320120EA
:10FF8000CDE9081219462E23CDE90230CDE904103F
:10FF90005C2100231A46CDE900102121BA20F8F790
:10FFA00043FB4FF0FF3000213022CDE90A126523D8
:10FFB000CDE90C10CDE906320120CDE908125C2113
:10FFC00000228523CDE90232CDE90410CDE90030CD
:10FFD00003462521BB20F8F727FB4FF0FF30002117
:10FFE0003022CDE90A12CDE90C10CDE90612292301
:10FFF000CDE90812CDE902310491012005915C217F
:020000040802F0
:1000000000231A46CDE900102321BC20F8F70CFB91
:100010004FF0FF3020210A910B912C23CDE90C10D9
:10002000CDE906310891012009911946A023CDE9B7
:100030000230CDE904100020912103460246CDE9AB
:1000400000102221BD20F8F7EFFA4FF0FF302021F9
:100050000A910B913623CDE90C10CDE906310891B8
:10006000012009911946A023CDE90230CDE9041001
:100070000020912103460246CDE900105221BE2006
:10008000F8F7D2FA4FF0FF3000210A910B91CDE939
:100090000C10084620214023CDE90631CDE9081097
:1000A00001201946A023CDE90230CDE9041000203B
:1000B000912103460246CDE900106221BF20F8F7E6
:1000C000B3FA4FF0FF3000212023CDE90A31CDE90A
:1000D0000C10184619461A464A23CDE90632CDE9D6
:1000E000081001201946A023CDE90230CDE9041003
:1000F0000020912103460246CDE900107221C02064
:10010000F8F792FA4FF0FF301F2100221E23CDE9AD
:100110003A32CDE93C101D211C23CDE93632CDE920
:1001200038121B211A23CDE932320020CDE93412D6
:1001300019211823CDE92E30CDE9301017211623CF
:10014000CDE92A30CDE92C1015211423CDE9263034
:10015000CDE9281013211223CDE92230CDE9241056
:1001600011211023CDE91E30CDE920100F210E23DF
:10017000CDE91A30CDE91C100D210C23CDE9163044
:10018000CDE918100B210A23CDE91230CDE9141066
:1001900009210823CDE90E30CDE9101007210623EF
:1001A000CDE90A30CDE90C1005210423CDE9063054
:1001B000CDE9081003210223CDE90230CDE9041076
:1001C000012103460246CDE900100146C120F8F79F
:1001D0002BFA4FF0FF3000210E910F91CDE9101056
:1001E0000A910B910C910D910691079108910020B5
:1001F0000991FE2102910391CDE90410009003467C
:10020000024601460190C720F8F70EFA4FF0FF337F
:100210000A225A21FF20F8F707FA4FF0FF30002199
:100220001423CDE91131CDE9131018460821C2235A
:10023000CDE90D31CDE90F1001208621FF23CDE955
:100240000930059306930793089301930293039350
:100250000493CDE90B10FF2003460246572100907E
:10026000B020F8F7E1F94FF0FF30042100222B23F2
:10027000CDE93032CDE932101046FD210122CDE921
:100280002C32CDE92E100020B521FC23CDE92830F9
:10029000CDE92A10FD21CDE924320120CDE9261235
:1002A000FF21FD23CDE92030CDE922102B210022B2
:1002B0000423CDE91C32CDE91E101046FC21012299
:1002C000B523CDE91832CDE91A1000202B21FF23E8
:1002D000CDE91430CDE91610FC21FD23CDE9103213
:1002E0000120CDE91212FF21FC23CDE90C30CDE92C
:1002F0000E10FD21CDE90830CDE90A10B52100220C
:100300002B23CDE90432CDE906101046FD21012250
:10031000CDE90032CDE90210002304221946B120B4
:10032000F8F782F94FF0FF30042100222B23CDE9AA
:100330003032CDE932101046FD210122CDE92C32B8
:10034000CDE92E100020B521FC23CDE92830CDE9E0
:100350002A10FD21CDE924320120CDE92612FF210A
:10036000FD23CDE92030CDE922102B2100220423EA
:10037000CDE91C32CDE91E101046FC210122B52327
:10038000CDE91832CDE91A1000202B21FF23CDE949
:100390001430CDE91610FC21FD23CDE910320120E7
:1003A000CDE91212FF21FC23CDE90C30CDE90E106E
:1003B000FD21CDE90830CDE90A10B52100222B231B
:1003C000CDE90432CDE906101046FD210122CDE928
:1003D0000032CDE90210002304221946B220F8F7BA
:1003E00023F94FF0FF30042100222B23CDE93032D6
:1003F000CDE932101046FD210122CDE92C32CDE9A4
:100400002E100020B521FC23CDE92830CDE92A109B
:10041000FD21CDE924320120CDE92612FF21FD2363
:10042000CDE92030CDE922102B2100220423CDE993
:100430001C32CDE91E101046FC210122B523CDE966
:100440001832CDE91A1000202B21FF23CDE91430FA
:10045000CDE91610FC21FD23CDE910320120CDE9B4
:100460001212FF21FC23CDE90C30CDE90E10FD2145
:10047000CDE90830CDE90A10B52100222B23CDE9C2
:100480000432CDE906101046FD210122CDE90032EB
:10049000CDE90210002304221946B320F8F7C4F86E
:1004A0004FF0FF30042100222B23CDE93032CDE97B
:1004B00032101046FD210122CDE92C32CDE92E105B
:1004C0000020B521FC23CDE92830CDE92A10FD21FB
:1004D000CDE924320120CDE92612FF21FD23CDE90B
:1004E0002030CDE922102B2100220423CDE91C323B
:1004F000CDE91E101046FC210122B523CDE91832AA
:10050000CDE91A1000202B21FF23CDE91430CDE9CD
:100510001610FC21FD23CDE910320120CDE9121285
:10052000FF21FC23CDE90C30CDE90E10FD21CDE9F2
:100530000830CDE90A10B52100222B23CDE9043281
:10054000CDE906101046FD210122CDE90032CDE9AA
:100550000210002304221946B420F8F765F84FF082
:10056000FF330B225A21FF20F8F75EF84FF0FF30DF
:1005700000212E912F91CDE930102A912B912C91B1
:1005800003202D9126912791CDE92810002022905B
:10059000239024902590012000221E92CDE91F2057
:1005A0001A921B921C921D921692179218921992EF
:1005B0002190002012901390149015900E900F909F
:1005C000109011900A900B900C90012103230D9034
:1005D000CDE90630CDE908100846002102910391CB
:1005E000CDE9041000910B460A4601918021B0200C
:1005F000F8F71AF84FF0FF30FF2101223223CDE93E
:100600000232CDE90410CDE9002111220021B120F0
:10061000F8F70AF84FF0FF3000218623CDE90531C5
:10062000CDE90710184619461A460423CDE90132D0
:100630001A460093CDE903100021C020F7F7F4FF1C
:100640004FF0FF3014210B221223CDE90332CDE904
:1006500005100820002110224823CDE90021029036
:100660001A464421D020F7F7DFFF0DF5217D00BDAC
:100670002DE9F04704468946B9F1000F06D1E76835
:1006800017B1A069B84211D801270FE049462046AA
:1006900004F0BEFC0646022E02D20120BDE8F0871F
:1006A000A069B04201D93046F8E74F463D4600BF49
:1006B0006D1CA069A84204D80225BD4201D90020C2
:1006C000ECE72946204604F0A3FC064606B909E0FB
:1006D000701C08B1012E01D13046DFE7BD42E7D1E1
:1006E0000020DBE700BF6FF070422946204607F08C
:1006F00085FD8046B8F1000F08D1B9F1000F05D093
:100700002A464946204607F079FD8046B8F1000F99
:1007100009D1E5602069401C68B12069401E206154
:100720000120607107E0B8F1010F02D14FF0FF30F6
:1007300000E0012005462846B0E700002DE9F34F10
:1007400083B082460498D0F800B001E00BF1010BB1
:100750009BF800002F28F9D09BF800005C28F5D00A
:10076000DAF81C9000252E4600BF3046761C1BF898
:100770000040202C03DB2F2C01D05C2C00D11CE08E
:10078000FF2D03D3062005B0BDE8F08FE4B20121B0
:10079000204601F095F804460CB90620F3E7802CBA
:1007A00006DA21466BA0FDF76DFC08B10620EAE7EA
:1007B00028466D1C29F81040D7E700BF0BEB060157
:1007C00004980160202C01DA042000E00020074694
:1007D00008E0681E39F81040202C02D02E2C00D0E2
:1007E00002E06D1E002DF4D100BF0DB90620CAE74E
:1007F000002029F815000B222021DAF8180006F055
:10080000EDFE002600E0761C39F816002028FAD00C
:1008100039F816002E28F6D00EB147F0030700E095
:100820006D1E25B1681E39F810002E28F8D14FF042
:100830000008CDF808800820019000BF3046761CE3
:1008400039F8104004B955E0202C03D02E2C04D1E7
:10085000AE4202D047F00307F0E7DDE9011088421D
:1008600001D2AE4216D101980B2802D147F00307FE
:1008700040E0AE4201D047F00307AE4200D939E074
:100880002E46082002900B2001904FEA88604FEA24
:100890001068D3E7802C0BDB0021204601F010F814
:1008A00004461CB1A4F180002D490C5C47F00207FE
:1008B00000BF24B121462BA0FDF7E4FB18B15F2453
:1008C00047F003070FE0412C04DB5A2C02DC48F010
:1008D000020808E0612C06DB7A2C04DC48F00108F1
:1008E000A4F1200084B2DAF818300298411C029179
:1008F0001C54A3E700BFDAF818000078E52803D1FC
:100900000520DAF8181008700198082803D14FEA7A
:1009100088604FEA106808F00C000C2803D008F03B
:100920000300032801D147F0020707F0020058B97D
:1009300008F00300012801D147F0100708F00C006F
:10094000042801D147F00807DAF81800C772002020
:1009500019E70000222A3A3C3E3F7C7F000000005D
:10096000312D03082B2C3B3D5B5D000030B52DED98
:100970000C8B8DB005460C4606A928460AF046FFAA
:10098000694620460AF042FF9DED042BB0EE420A74
:10099000F0EE620A9DED0A2BB0EE421AF0EE621AFA
:1009A00053EC102B51EC110BEFF76AFD41EC1B0BD4
:1009B0009FED361BB0EE4B0AF0EE6B0AFBF79CFA8C
:1009C000B0EE409AF0EE609A9DED022BB0EE420A36
:1009D000F0EE620A9DED082BB0EE421AF0EE621ABC
:1009E00053EC102B51EC110BEFF74AFD41EC1D0BB2
:1009F0009FED261BB0EE4D0AF0EE6D0AFBF77CFA78
:100A0000B0EE40BAF0EE60BA9DED002BB0EE420AB7
:100A1000F0EE620A9DED062BB0EE421AF0EE621A7D
:100A200053EC102B51EC110BEFF72AFD41EC1D0B91
:100A30009FED161BB0EE4D0AF0EE6D0AFBF75CFA67
:100A4000B0EE40CAF0EE60CA53EC1B2B51EC1C0B0D
:100A5000EFF775FC41EC1A0B53EC192BEFF76FFC19
:100A600041EC180B9FED0B1BB0EE480AF0EE680A44
:100A7000FBF742FAB0EE408AF0EE608AB0EE480A28
:100A8000F0EE680A0DB0BDEC0C8B30BD000000002C
:100A900000000040000000000000E03F10B5022010
:100AA000F3F7ACFA10BD70B504460D4616460CB10E
:100AB000206908B9002070BD3246294620462369C6
:100AC0009847F8E72DE9F04704460021204600F05A
:100AD000BAF9074617B13846BDE8F0874FF0FF096D
:100AE000CA4600BF2169206806F03EFE074607B1EE
:100AF00054E065692E780EB904274FE0E87A00F0DB
:100B00003F08E52E05D008F0080028B1B8F10F0F16
:100B100002D04FF0FF093AE0B8F10F0F1CD1E069A5
:100B2000A0B306F0400030B195F80DA026F04006C5
:100B3000B146E08820844E450AD1687B504507D1F4
:100B40002946E069FDF7B0FC10B1A9F1010000E011
:100B5000FF2000F0FF091AE0B9F1000F05D1284687
:100B60000AF0B2FD504500D118E04FF0FF094FF6F2
:100B7000FF702084A069C07A00F0010030B90B2218
:100B80002846A16906F046FB00B907E0FFE700210F
:100B9000204600F006F80746002FA3D000BF3846D5
:100BA0009AE72DE9F0410446884600BFE088401CE2
:100BB00086B20EB1206910B90420BDE8F08106F0BC
:100BC0000F0000286FD12069401C2061E06828B91F
:100BD00020680089B04266DC0420EEE72068807857
:100BE000401E00EA161000285DD1E168206804F07C
:100BF0000FFA0546012D01D80220DEE7681C08B96E
:100C00000120DAE720688069A84246D8B8F1000FD1
:100C100001D10420D1E7E1682068FFF729FD0546EE
:100C20000DB90720C9E7012D01D10220C5E7681CD5
:100C300008B90120C1E70021206806F095FD08B140
:100C40000120BAE7216801F130004FF40072002161
:100C500006F0C4FC29462068FDF7E8FB2168C8625D
:100C6000002710E00120216808710021206806F0AB
:100C70007BFD08B10120A0E72068C06A401C216804
:100C8000C862781CC7B220688078B842EADC206865
:100C9000C06AC01B2168C86200BFE56029462068A1
:100CA000FDF7C4FB2061E6802068303006F00F01BC
:100CB00000EB4110606100207FE72DE9F04F85B027
:100CC0000446D4F81880D4F81CB00C22414601A880
:100CD00006F0B3FA00BF9DF80F0000F0010030B33A
:100CE000002088F80B00E06101270DE03B465A46E2
:100CF00001A9404603F0FEFB2046FFF7E3FE054650
:100D000005B103E0781C87B2642FEFDB00BF642FCE
:100D100003D1072005B0BDE8F08F042D01D028468F
:100D2000F8E79DF80F0088F80B00C4F81CB09DF898
:100D30000F0000F0020070B1002601E0701C86B2C6
:100D40003BF816000028F9D106F119000D2190FB9F
:100D5000F1F086B200E001260021204600F073F891
:100D600005460DB12846D5E700200746049000BF90
:100D70002169206806F0F8FC054605B119E06069B4
:100D800090F80090B9F1E50F02D0B9F1000F08D149
:100D90000FB9E0880490781C80B20746B04201D1B8
:100DA00007E0002701212046FFF7FBFE0546002D46
:100DB000DED000BF4DBB012E27DD2046049900F098
:100DC00042F805460DBBA0690AF07EFC0090701E3B
:100DD00086B200BF2169206806F0C6FC054605B151
:100DE00012E0F2B26169E069009B00F0ABFD012006
:100DF0002168087100212046FFF7D3FE05461DB982
:100E0000701E80B2061EE5D100BFD5B921692068E9
:100E100006F0AAFC0546A5B9D4F814A020220021AA
:100E2000504606F0DBFB0B225046A16906F005FA9E
:100E3000A069C07A00F018008AF80C00012021682F
:100E40000871284666E72DE9F04104460E46E68023
:100E5000A568012D03D020688069A84202D802202D
:100E6000BDE8F0812DB920680078032801D1206801
:100E7000456A65B9E56020680089B04201DC02205E
:100E8000EEE72068406A00EB1610206120E0206841
:100E90008078070112E02946206804F0B9F8054679
:100EA000681C08B90120DBE7022D03D320688069A4
:100EB000A84201D80220D3E7F01B86B2BE42EADA8C
:100EC000E56029462068FDF7B1FA00EB16102061B5
:100ED0002068303006F00F0100EB41106061002007
:100EE000BEE701460020704703460020704700001F
:100EF0002DE9FC4180460E4614461D460027012D73
:100F00000ED1580261020A46002300903046F9F7DC
:100F1000D7F912480068012812D1F8F75FFC0FE0FA
:100F20004FF4007061020A460023CDE90005304607
:100F3000F9F73EFA09480068012801D1F8F74EFC9C
:100F4000F9F712FB074617B10120BDE8FC8100BF8D
:100F5000F8F7A9FE0128FBD00020F6E7F40D0020E9
:100F60000146002070472DE9FC4180460E4614469C
:100F70001D460027012D09D1580261020A460023AF
:100F800000903046F9F770FB07460AE04FF4007016
:100F900061020A460023CDE900053046F9F7DAFB85
:100FA0000746F9F721FB074600BF00BFF8F77BFEB5
:100FB0000028FBD1BDE8FC8100B587B014212C4886
:100FC000EFF74AF92B482A49086101210846F7F74B
:100FD000D5FB01211020F7F701FC07220921264843
:100FE000F3F79AFE07220A212348F3F795FE4FF400
:100FF000C060059002208DF818008DF819000020BF
:101000008DF81A0001208DF81B0005A91A48F3F786
:101010003BFE4FF4E13001900020ADF80800ADF840
:101020000A00ADF80C00ADF810000C20ADF80E0071
:1010300001A91248FAF7AEFB25208DF80000012027
:101040008DF8010005208DF8020001208DF80300C5
:101050006846F6F7F7F8012240F225510748FAF7FB
:1010600074FB01210548FAF72DFB014807B000BDCC
:1010700074220020B5B702080000024000100140B1
:1010800070B50446204605F059FE064616B94FF0E5
:10109000FF3070BD214630462269904705461DB19C
:1010A000304606F015FE00262846F2E770B50446E5
:1010B000204600F096FA05460DB90020206028462B
:1010C00070BD2DE9F04704460E46A18820680AF05D
:1010D00087FB8246BAF1000F02D05046BDE8F08788
:1010E000A07900F0800008B10220F7E7E068B04284
:1010F00004D2A07900F0020000B9E668D4F80890A4
:101100004FF00008C4F80880002E77D0206880785F
:101110004702B9F1000F11D0701EB0FBF7F1A9F131
:101120000100B0FBF7F0814208D3A9F10100791E5C
:101130008843A060A068361A656918E02569ADB9D2
:1011400000212068FFF794FA0546012D05D1A0790A
:1011500040F08000A0710220C0E7681C28B9A07987
:1011600040F08000A0710120B8E725616561002D85
:1011700044D029E0A07900F0020038B12946206867
:10118000FFF776FA054635B93E461FE02946206846
:1011900003F03EFF0546681C28B9A07940F08000A6
:1011A000A07101209AE7012D03D920688069A84227
:1011B00005D8A07940F08000A07102208EE765611B
:1011C000A0683844A060F61BBE42D3D800BFA06818
:1011D0003044A060C6F3080068B129462068FDF7D6
:1011E00025F98046B8F1000F06D1A07940F08000C3
:1011F000A071022072E701E008EB56282089C0F3B5
:10120000080050B3A069404527D0A07900F0400005
:1012100090B121684878012304F12401A269FFF705
:10122000A2FE28B1A07940F08000A071012055E70E
:10123000A07920F04000A07121684878012342463F
:1012400004F12401FFF754FE28B1A07940F080009A
:10125000A071012042E7C4F81880D4E90201884255
:1012600005D9A068E060A07940F02000A071504648
:1012700034E700000246012A01DB0B2070470748D3
:1012800050F822300BB10020187009B1002008700E
:10129000024840F822100020F0E70000BC0E0020B9
:1012A0002DE9F7438CB0054616460020286006F06D
:1012B0001F0626F0010203A90DA8FCF7EDFE074664
:1012C000CDF824D052480A9027B903A80D9900F010
:1012D00079FB0746089C0FB904B9062706F01C00E5
:1012E000002858D04FB1042F03D103A8FFF7E5FC25
:1012F000074646F00806089C09E0E07A00F0110075
:1013000008B1072703E006F0040000B10827002F0A
:1013100040D106F0080000283CD003F0EBFE8046E8
:1013200084F80E804FEA1821E1734FEA18412174C6
:101330004FEA186161740020E07220770021617724
:10134000A177E177A17EE07E41EA0021227D607DE8
:1013500042EA002041EA00490020A0760021E1761F
:1013600020756175012003990871B9F1000F11D042
:101370000398D0F82C804946039807F0F7F9074600
:1013800047B9A9F101000399C8604146039806F0E6
:10139000EBF907460EE06FB9E07A00F0100008B1F3
:1013A000042707E006F0020020B1E07A00F0010017
:1013B00000B1072747B906F0080008B146F020063B
:1013C0000398C06AE8612C62F7B9AE71A17EE07E35
:1013D00041EA0021227D607D42EA002041EA00408E
:1013E0002861E07F0106A07F41EA0041607F41EA79
:1013F0000020217F0843E8600020A860A8610398CE
:1014000028600398C088A88038460FB0BDE8F083F4
:101410003C3901202DE9FF4F83B0044615469A461A
:10142000DDF810B00020CAF80000A18820680AF09A
:10143000D7F90290029818B1029807B0BDE8F08F72
:10144000A07900F0800008B10220F6E7A07900F052
:10145000010008B90720F0E7D4E90210401A009013
:101460000098854200D9009DB6E02089C0F30800AD
:1014700000287DD120688078401EA16800EA5120B4
:1014800000F0FF09B9F1000F1DD1A06810B9206963
:10149000019004E06169206803F0BAFD01900198B1
:1014A000022805D2A07940F08000A0710220C4E794
:1014B0000198401C28B9A07940F08000A07101205B
:1014C000BBE70198606161692068FCF7AFFF0646E1
:1014D0002EB9A07940F08000A0710220ADE74E4403
:1014E0004FEA5528B8F1000F2DD009EB080021680C
:1014F0008978884203D920688078A0EB090808F031
:10150000FF032168487832465946FFF7F1FC28B1BD
:10151000A07940F08000A07101208EE7A07900F052
:10152000400068B1A069801B404509D2A169891BB0
:101530000BEB41204FF4007204F1240105F07DFE15
:101540004FEA48273EE0A069B04227D0A07900F0DA
:101550004000A0B121684878012304F12401A26968
:10156000FFF701FD38B1A07940F08000A07100E0E4
:1015700015E0012061E7A07920F04000A07121680A
:1015800048780123324604F12401FFF7B1FC28B169
:10159000A07940F08000A07101204EE7A66120896B
:1015A000C0F30800C0F50077AF4200D92F4620896C
:1015B000C0F3080204F1240011183A46584605F019
:1015C0003CFE00BFBB44A0683844A060DAF80000CD
:1015D0003844CAF80000ED1B002D7FF446AF002010
:1015E0002BE72DE9F0410446A18820680AF0F8F8BD
:1015F0000746002F4FD1A07900F0200000284AD0E4
:10160000A07900F0400078B121684878012304F106
:101610002401A269FFF7A7FC10B10120BDE8F08109
:10162000A07920F04000A071E169206806F09CF8E4
:101630000746002F2FD1256AE87A40F02000E87293
:10164000207B2877A089010A6977E068010CA977D7
:10165000E068010EE977207CA876208A010AE97605
:101660002069000C28752069010E697503F042FDA0
:101670000646AE75310AE975310C2976310E697668
:10168000A07920F02000A071012021680871206855
:101690000AF02AF807463846C0E72DE9FF4F83B025
:1016A000044615469B46049801900020CBF80000A4
:1016B000A18820680AF094F80290029818B1029864
:1016C00007B0BDE8F08FA07900F0800008B10220DB
:1016D000F6E7A07900F0020008B90720F0E7E0681B
:1016E0002844E168884200D20025CDE02089C0F37B
:1016F0000800002877D120688078401EA16800EAA1
:10170000512000F0FF0ABAF1000F2AD1A06858B9A1
:10171000D4F81080B8F1000F0BD100212068FEF73B
:10172000A7FF8046206104E061692068FEF7A0FF02
:101730008046B8F1000F00D1A9E0B8F1010F05D142
:10174000A07940F08000A0710220B9E708F1010003
:1017500028B9A07940F08000A0710120B0E7C4F85A
:101760001480A07900F0400090B1216848780123EE
:1017700004F12401A269FFF7F6FB28B1A07940F03B
:101780008000A07101209BE7A07920F04000A071AB
:1017900061692068FCF74AFE06462EB9A07940F040
:1017A0008000A07102208BE756444FEA5529B9F119
:1017B000000F2FD00AEB090021688978884203D9ED
:1017C00020688078A0EB0A0909F0FF0321684878B7
:1017D00032460199FFF7C7FB30B1A07940F0800095
:1017E000A07101206CE72CE0A069801B48450ED257
:1017F000A069801B019A02EB40214FF4007204F1B2
:10180000240005F01AFDA07920F04000A0714FEAF5
:1018100049272DE0A069B04212D0D4E902018842E4
:101820000ED2216848780123324604F12401FFF7E3
:101830005FFB28B1A07940F08000A07101203FE754
:10184000A6612089C0F30800C0F50077AF4200D937
:101850002F462189C1F3080204F1240150183A46A9
:10186000019905F0EAFCA07940F04000A07100BFAA
:10187000019838440190A0683844A060DBF800006B
:101880003844CBF80000ED1B002D7FF42FAF00BFD4
:10189000D4E90201884201D9A068E060A07940F053
:1018A0002000A07100200BE782B0CDE9000121F0FB
:1018B000004001909DED000B02B051EC100B704701
:1018C00010B50246802A01DA10461BE051B1FF2A0A
:1018D00001DD002304E0A2F180030B4C34F8133047
:1018E00018460FE0002007E0074B33F81030934212
:1018F00000D103E0431C98B28028F5DB00BF00F163
:101900008003D8B210BD0000782E030802460021E3
:1019100000E0491C094830F8110020B1074830F8B0
:1019200011009042F5D1054830F8110018B1044873
:1019300030F8110070471046FCE70000782F0308CC
:1019400058310308F0B504461D464D730F27CF727A
:1019500000270F738F76BC4681F81BC0571E07EB1C
:10196000870C0CEBC706002738463B4600BF4FF6F6
:10197000FF77B84203D03746761C34F81700DFF8FB
:1019800040C01CF803C001F80C000712DFF830C09B
:101990001CF803C08C448CF8017008B94FF6FF7036
:1019A0005F1C3B460D2FE2D34FF6FF77B84202D0C3
:1019B00034F816700FB942F040020A70F0BD000012
:1019C000242D03082DE9F3410446019800782F28BF
:1019D00003D0019800785C2802D10198401C019046
:1019E0000020A06001980078202807D2002120461E
:1019F000FFF729FA0646002060612FE000BF01A929
:101A00002046FEF79BFE064606B126E02046FFF77D
:101A100059F80646A069C77A46B1042E00D01CE0EA
:101A200000BF07F0040000B9052616E007F0040027
:101A300000B112E06569E87A00F0100008B90526E7
:101A40000BE0A97EE87E41EA00212A7D687D42EA1A
:101A5000002041EA0040A060D1E700BF3046BDE869
:101A6000FC81000070B504460D46E1B20548F9F767
:101A700000FF00BF0348008800F080000028F9D074
:101A8000204670BD0010014070B52DED0E8BB0B03A
:101A9000FC4D9FEDFD0AB0EE409A9FEDFC0AF0EE82
:101AA000409A9FEDFB0AB0EE408A9FEDFA0AF0EEF5
:101AB000408AA422F84907A8EEF7B5FB1C22F7A13B
:101AC0006846EEF7B0FB4022FBA12846EEF7ABFBE1
:101AD000BDEEC80A85ED130AC5ED148A1B202864E3
:101AE00040F2FF7068650020A865286C00EB40009C
:101AF000420007A905F15C00EEF795FBEF4941F6BE
:101B000064004151EE49001D4151EE494FF4C3506C
:101B10004151ED4941F66C0041510024FAE31DF8B2
:101B2000041004EBC40205F5CC6000F83210642107
:101B300004EBC40200EBC200C16204EBC40105F572
:101B4000CC6000EBC10080ED029A04EBC40105F506
:101B5000CC6000EBC100C0ED039A286C401EA0428F
:101B600040D19FEDDA0A04EBC40105F5CC6000EB2F
:101B7000C10080ED040AB1EE000A04EBC40105F5D2
:101B8000CC6000EBC10080ED050A9FEDD10A04EBAB
:101B9000C40105F5CC6000EBC10080ED060A9FEDA5
:101BA000CD0A04EBC40105F5CC6000EBC10080ED6B
:101BB000070A022104EBC40205F5CC6000EBC20069
:101BC0004170032104EBC40205F5CC6000EBC200B8
:101BD0008170002104EBC40205F5CC6000EBC2006B
:101BE0008180F7E2142C40DB9FEDBB0A04EBC401BB
:101BF00005F5CC6000EBC10080ED040A9FEDB30A4F
:101C000004EBC40105F5CC6000EBC10080ED050AD2
:101C10009FEDB20A04EBC40105F5CC6000EBC100F6
:101C200080ED060A9FEDA90A04EBC40105F5CC601E
:101C300000EBC10080ED070A022104EBC40205F5A8
:101C4000CC6000EBC2004170032104EBC40205F537
:101C5000CC6000EBC2008170002104EBC40205F5EA
:101C6000CC6000EBC2008180B4E2132C40DB9FED1E
:101C70009C0A04EBC40105F5CC6000EBC10080EDCB
:101C8000040A9FED920A04EBC40105F5CC6000EB59
:101C9000C10080ED050A9FED910A04EBC40105F532
:101CA000CC6000EBC10080ED060A9FED880A04EBD2
:101CB000C40105F5CC6000EBC10080ED070A0221EC
:101CC00004EBC40205F5CC6000EBC20041700321B7
:101CD00004EBC40205F5CC6000EBC200817000216A
:101CE00004EBC40205F5CC6000EBC200818071E218
:101CF0000D2C40DB9FED7A0A04EBC40105F5CC60A6
:101D000000EBC10080ED040A9FED700A04EBC401F2
:101D100005F5CC6000EBC10080ED050A9FED6F0A70
:101D200004EBC40105F5CC6000EBC10080ED060AB0
:101D30009FED660A04EBC40105F5CC6000EBC10021
:101D400080ED070A022104EBC40205F5CC6000EB2C
:101D5000C2004170032104EBC40205F5CC6000EB26
:101D6000C2008170002104EBC40205F5CC6000EBD9
:101D7000C20081802EE20A2C40DB9FED590A04EB61
:101D8000C40105F5CC6000EBC10080ED040A9FEDB5
:101D90004F0A04EBC40105F5CC6000EBC10080EDF7
:101DA000050A9FED500A04EBC40105F5CC6000EB79
:101DB000C10080ED060A9FED450A04EBC40105F55C
:101DC000CC6000EBC10080ED070A022104EBC402E5
:101DD00005F5CC6000EBC2004170032104EBC402A6
:101DE00005F5CC6000EBC2008170002104EBC40259
:101DF00005F5CC6000EBC2008180EBE1072C77DBBE
:101E00009FED390A04EBC40105F5CC6000EBC1007D
:101E100080ED040A9FED2D0A04EBC40105F5CC60AA
:101E200000EBC10080ED050A9FED300A04EBC40110
:101E300005F5CC6000EBC10080ED060A9FED230A9A
:101E400004EBC40105F5CC6000EBC10080ED070A8E
:101E5000022104EBC40205F5CC6000EBC200417026
:101E6000032104EBC40205F5CC6000EBC2008170D5
:101E7000002104EBC40205F5CC6000EBC2008180B8
:101E8000A8E135E0E82300209A99993EAE47A13EAB
:101E900000009644CDCC0C40082503080001030740
:101EA0000B0F13171B1F23272F373F4F5F6F7F8F9A
:101EB0009FAFBFCFDFEFFF0048424D003142020825
:101EC0003D3C0208E4D1020835830208000000000E
:101ED000A69BC43A9A99593F0AD7A33C6F12033B79
:101EE0000AD7233C0AD7233BA69B443CA69B443BF2
:101EF000062C3FDB1FED080A04EBC40105F5CC609E
:101F000000EBC10080ED040A1FED100A04EBC401D0
:101F100005F5CC6000EBC10080ED050A9FEDFE0ADF
:101F200004EBC40105F5CC6000EBC10080ED060AAE
:101F30001FED1A0A04EBC40105F5CC6000EBC100EB
:101F400080ED070A032104EBC40205F5CC6000EB29
:101F5000C200417004EBC40205F5CC6000EBC20086
:101F60008170002104EBC40205F5CC6000EBC200D7
:101F700081802FE1052C3FDB1FED250A04EBC40116
:101F800005F5CC6000EBC10080ED040A1FED310ABD
:101F900004EBC40105F5CC6000EBC10080ED050A3F
:101FA0009FEDDE0A04EBC40105F5CC6000EBC10037
:101FB00080ED060A1FED3B0A04EBC40105F5CC6079
:101FC00000EBC10080ED070A032104EBC40205F514
:101FD000CC6000EBC200417004EBC40205F5CC609C
:101FE00000EBC2008170002104EBC40205F5CC6057
:101FF00000EBC2008180EDE0042C3FDB9FEDC80ABE
:1020000004EBC40105F5CC6000EBC10080ED040ACF
:102010001FED520A04EBC40105F5CC6000EBC100D2
:1020200080ED050A9FEDBF0A04EBC40105F5CC6005
:1020300000EBC10080ED060A1FED5C0A04EBC40151
:1020400005F5CC6000EBC10080ED070A032104EB2D
:10205000C40205F5CC6000EBC200417004EBC40281
:1020600005F5CC6000EBC2008170002104EBC402D6
:1020700005F5CC6000EBC2008180ABE0032C3FDBB8
:102080009FEDA90A04EBC40105F5CC6000EBC1008B
:1020900080ED040A1FED730A04EBC40105F5CC6062
:1020A00000EBC10080ED050A9FEDA00A04EBC4011E
:1020B00005F5CC6000EBC10080ED060A1FED7D0A3E
:1020C00004EBC40105F5CC6000EBC10080ED070A0C
:1020D000032104EBC40205F5CC6000EBC2004170A3
:1020E00004EBC40205F5CC6000EBC2008170002156
:1020F00004EBC40205F5CC6000EBC200818069E00E
:10210000022C3FDB9FED8A0A04EBC40105F5CC608D
:1021100000EBC10080ED040A1FED940A04EBC4013A
:1021200005F5CC6000EBC10080ED050A1FED940AB7
:1021300004EBC40105F5CC6000EBC10080ED060A9C
:102140001FED9E0A04EBC40105F5CC6000EBC10055
:1021500080ED070A032104EBC40205F5CC6000EB17
:10216000C200417004EBC40205F5CC6000EBC20074
:102170008170002104EBC40205F5CC6000EBC200C5
:10218000818027E01FEDAF0A04EBC40105F5CC60A8
:1021900000EBC10080ED040A1FEDB40A04EBC4019A
:1021A00005F5CC6000EBC10080ED050A1FEDB90A12
:1021B00004EBC40105F5CC6000EBC10080ED060A1C
:1021C0001FEDBE0A04EBC40105F5CC6000EBC100B5
:1021D00080ED070A18EE900AEEF79DFA41EC1D0B10
:1021E0001DF8040000EE100AB8EE400ADFED510AB7
:1021F00080EE201A11EE106A3046EEF78CFA41ECB0
:102200001E0BB0EE4D1AF0EE6D1AB0EE4E0AF0EE67
:102210006E0AF9F771FEB0EE40BAF0EE60BA18EE51
:10222000100AEEF778FA41EC1C0B53EC1B2BEEF77F
:102230002DF941EC1A0BEEF7B1FA04EBC40205F5E7
:10224000CC6101EBC201086204EBC40205F5CC606D
:1022500000EBC20090ED040A10EE101A0846EEF7EB
:102260005AFA41EC1A0B9FED340B53EC102BEEF79E
:102270007DFA50D204EBC40205F5CC6000EBC2003D
:1022800090ED040A38EEC00A10EE101A0846EEF778
:1022900042FA41EC1D0B1DF8040000EE100AB8EEE6
:1022A000400ADFED240A80EE201A11EE106A304653
:1022B000EEF731FA41EC1E0BB0EE4D1AF0EE6D1A4E
:1022C000B0EE4E0AF0EE6E0AF9F716FEB0EE40BA26
:1022D000F0EE60BA18EE100AEEF71DFA41EC1C0B96
:1022E00053EC1B2BEEF7D2F841EC1A0BEEF756FA33
:1022F00004EBC40205F5CC6101EBC201486204EBBA
:10230000C40205F5CC6000EBC20090ED040A30EE8B
:10231000280A15E085E04FE06F12833B4260653B81
:102320008FC2753CBC74933B9A99193E6F12033C63
:102330000AD7233D00007F438DEDB5A0F7C6B03E20
:1023400010EE101A0846EEF7E6F941EC1D0B1DF8E9
:10235000040000EE100AB8EE400A5FED0A0A80EEB3
:10236000201A11EE106A3046EEF7D5F941EC1E0B3B
:10237000B0EE4D1AF0EE6D1AB0EE4E0AF0EE6E0AA7
:10238000F9F7BAFDB0EE40BAF0EE60BA18EE100AF6
:10239000EEF7C1F941EC1C0B53EC1B2BEEF776F872
:1023A00041EC1A0BEEF7FAF904EBC40205F5CC6127
:1023B00001EBC201886233E004EBC40105F5CC6097
:1023C00000EBC10090ED080A04EBC40105F5CC60F8
:1023D00000EBC100D0ED050A30EE200A04EBC40189
:1023E00005F5CC6000EBC10080ED090A04EBC401E7
:1023F00005F5CC6000EBC10090ED080A04EBC401C8
:1024000005F5CC6000EBC100D0ED050A30EE600AA6
:1024100004EBC40105F5CC6000EBC10080ED0A0AB5
:10242000641C286CA0423FF77AAB002030B0BDECB2
:102430000E8B70BD70B52DED0E8BB0B0FC4D9FEDC9
:10244000FD0AB0EE409A9FEDFC0AF0EE409A9FED37
:10245000FB0AB0EE408A9FEDFA0AF0EE408AA42211
:10246000F84907A8EDF7DFFE1C22F7A16846EDF753
:10247000DAFE4022FBA12846EDF7D5FEBDEEC80AE4
:1024800085ED130AC5ED148A1B20286440F2FF7005
:1024900068650020A865286C00EB4000420007A991
:1024A00005F15C00EDF7BFFEEF4941F664004151D4
:1024B000EE49001D4151EE494FF4C3504151ED49E1
:1024C00041F66C0041510024FAE31DF8041004EBBE
:1024D000C40205F5CC6000F83210642104EBC4029C
:1024E00000EBC200C16204EBC40105F5CC6000EB57
:1024F000C10080ED029A04EBC40105F5CC6000EB4D
:10250000C100C0ED039A286C401EA04240D19FED4F
:10251000DA0A04EBC40105F5CC6000EBC10080EDE4
:10252000040AB1EE000A04EBC40105F5CC6000EB2F
:10253000C10080ED050A9FEDD10A04EBC40105F549
:10254000CC6000EBC10080ED060A9FEDCD0A04EBE4
:10255000C40105F5CC6000EBC10080ED070A022143
:1025600004EBC40205F5CC6000EBC200417003210E
:1025700004EBC40205F5CC6000EBC20081700021C1
:1025800004EBC40205F5CC6000EBC2008180F7E2E9
:10259000142C40DB9FEDBB0A04EBC40105F5CC60B5
:1025A00000EBC10080ED040A9FEDB30A04EBC40107
:1025B00005F5CC6000EBC10080ED050A9FEDB20A85
:1025C00004EBC40105F5CC6000EBC10080ED060A08
:1025D0009FEDA90A04EBC40105F5CC6000EBC10036
:1025E00080ED070A022104EBC40205F5CC6000EB84
:1025F000C2004170032104EBC40205F5CC6000EB7E
:10260000C2008170002104EBC40205F5CC6000EB30
:10261000C2008180B4E2132C40DB9FED9C0A04EBE6
:10262000C40105F5CC6000EBC10080ED040A9FED0C
:10263000920A04EBC40105F5CC6000EBC10080ED0B
:10264000050A9FED910A04EBC40105F5CC6000EB8F
:10265000C10080ED060A9FED880A04EBC40105F570
:10266000CC6000EBC10080ED070A022104EBC4023C
:1026700005F5CC6000EBC2004170032104EBC402FD
:1026800005F5CC6000EBC2008170002104EBC402B0
:1026900005F5CC6000EBC200818071E20D2C40DBBF
:1026A0009FED7A0A04EBC40105F5CC6000EBC10094
:1026B00080ED040A9FED700A04EBC40105F5CC60BF
:1026C00000EBC10080ED050A9FED6F0A04EBC40129
:1026D00005F5CC6000EBC10080ED060A9FED660AAF
:1026E00004EBC40105F5CC6000EBC10080ED070AE6
:1026F000022104EBC40205F5CC6000EBC20041707E
:10270000032104EBC40205F5CC6000EBC20081702C
:10271000002104EBC40205F5CC6000EBC20081800F
:102720002EE20A2C40DB9FED590A04EBC40105F5AB
:10273000CC6000EBC10080ED040A9FED4F0A04EB72
:10274000C40105F5CC6000EBC10080ED050A9FEDEA
:10275000500A04EBC40105F5CC6000EBC10080ED2C
:10276000060A9FED450A04EBC40105F5CC6000EBB9
:10277000C10080ED070A022104EBC40205F5CC601C
:1027800000EBC2004170032104EBC40205F5CC60EC
:1027900000EBC2008170002104EBC40205F5CC609F
:1027A00000EBC2008180EBE1072C77DB9FED390A5B
:1027B00004EBC40105F5CC6000EBC10080ED040A18
:1027C0009FED2D0A04EBC40105F5CC6000EBC100C0
:1027D00080ED050A9FED300A04EBC40105F5CC60DD
:1027E00000EBC10080ED060A9FED230A04EBC40153
:1027F00005F5CC6000EBC10080ED070A022104EB77
:10280000C40205F5CC6000EBC2004170032104EB6B
:10281000C40205F5CC6000EBC2008170002104EB1E
:10282000C40205F5CC6000EBC2008180A8E135E070
:10283000583C00209A99993EAE47A13E0000F042D4
:10284000CDCC0C4064240308000103070B0F1317C1
:102850001B1F23272F373F4F5F6F7F8F9FAFBFCF48
:10286000DFEFFF00414F440015430208393E0208E4
:1028700064C102083583020800000000A69BC43A28
:102880009A99593F0AD7A33C6F12033B0AD7233CBE
:102890000AD7233BA69B443CA69B443B062C3FDB2C
:1028A0001FED080A04EBC40105F5CC6000EBC10084
:1028B00080ED040A1FED100A04EBC40105F5CC609D
:1028C00000EBC10080ED050A9FEDFE0A04EBC40198
:1028D00005F5CC6000EBC10080ED060A1FED1A0A79
:1028E00004EBC40105F5CC6000EBC10080ED070AE4
:1028F000032104EBC40205F5CC6000EBC20041707B
:1029000004EBC40205F5CC6000EBC200817000212D
:1029100004EBC40205F5CC6000EBC20081802FE11E
:10292000052C3FDB1FED250A04EBC40105F5CC6047
:1029300000EBC10080ED040A1FED310A04EBC40175
:1029400005F5CC6000EBC10080ED050A9FEDDE0AC5
:1029500004EBC40105F5CC6000EBC10080ED060A74
:102960001FED3B0A04EBC40105F5CC6000EBC10090
:1029700080ED070A032104EBC40205F5CC6000EBEF
:10298000C200417004EBC40205F5CC6000EBC2004C
:102990008170002104EBC40205F5CC6000EBC2009D
:1029A0008180EDE0042C3FDB9FEDC80A04EBC401FD
:1029B00005F5CC6000EBC10080ED040A1FED520A62
:1029C00004EBC40105F5CC6000EBC10080ED050A05
:1029D0009FEDBF0A04EBC40105F5CC6000EBC1001C
:1029E00080ED060A1FED5C0A04EBC40105F5CC601E
:1029F00000EBC10080ED070A032104EBC40205F5DA
:102A0000CC6000EBC200417004EBC40205F5CC6061
:102A100000EBC2008170002104EBC40205F5CC601C
:102A200000EBC2008180ABE0032C3FDB9FEDA90AE5
:102A300004EBC40105F5CC6000EBC10080ED040A95
:102A40001FED730A04EBC40105F5CC6000EBC10077
:102A500080ED050A1FED730A04EBC40105F5CC6097
:102A600000EBC10080ED060A1FED7D0A04EBC401F6
:102A700005F5CC6000EBC10080ED070A032104EBF3
:102A8000C40205F5CC6000EBC200417004EBC40247
:102A900005F5CC6000EBC2008170002104EBC4029C
:102AA00005F5CC6000EBC200818069E0022C3FDBC1
:102AB0009FED890A04EBC40105F5CC6000EBC10071
:102AC00080ED040A1FED940A04EBC40105F5CC6007
:102AD00000EBC10080ED050A1FED990A04EBC4016B
:102AE00005F5CC6000EBC10080ED060A1FED9E0AE3
:102AF00004EBC40105F5CC6000EBC10080ED070AD2
:102B0000032104EBC40205F5CC6000EBC200417068
:102B100004EBC40205F5CC6000EBC200817000211B
:102B200004EBC40205F5CC6000EBC200818027E015
:102B30001FEDAF0A04EBC40105F5CC6000EBC1004A
:102B400080ED040A1FEDB40A04EBC40105F5CC6066
:102B500000EBC10080ED050A1FEDB90A04EBC401CA
:102B600005F5CC6000EBC10080ED060A1FEDBE0A42
:102B700004EBC40105F5CC6000EBC10080ED070A51
:102B800018EE900AEDF7C7FD41EC1D0B1DF804008F
:102B900000EE100AB8EE400ADFED500A80EE201A6F
:102BA00011EE106A3046EDF7B6FD41EC1E0BB0EEAB
:102BB0004D1AF0EE6D1AB0EE4E0AF0EE6E0AF9F70D
:102BC0009BF9B0EE40BAF0EE60BA18EE100AEDF7DD
:102BD000A2FD41EC1C0B53EC1B2BEDF757FC41EC19
:102BE0001A0BEDF7DBFD04EBC40205F5CC6101EB3C
:102BF000C201086204EBC40205F5CC6000EBC20020
:102C000090ED040A10EE101A0846EDF784FD41EC31
:102C10001A0B9FED330B53EC102BEDF7A7FD50D2A1
:102C200004EBC40205F5CC6000EBC20090ED040A91
:102C300038EEC00A10EE101A0846EDF76CFD41ECB4
:102C40001D0B1DF8040000EE100AB8EE400ADFED7F
:102C5000230A80EE201A11EE106A3046EDF75BFD74
:102C600041EC1E0BB0EE4D1AF0EE6D1AB0EE4E0AAE
:102C7000F0EE6E0AF9F740F9B0EE40BAF0EE60BA45
:102C800018EE100AEDF747FD41EC1C0B53EC1B2B23
:102C9000EDF7FCFB41EC1A0BEDF780FD04EBC402F1
:102CA00005F5CC6101EBC201486204EBC40205F5F5
:102CB000CC6000EBC20090ED040A30EE280A13E06D
:102CC00083E04DE06F12833B4260653B8FC2753CF1
:102CD000BC74933B9A99193E7B142E3E00007F43AF
:102CE0008DEDB5A0F7C6B03E10EE101A0846EDF710
:102CF00012FD41EC1D0B1DF8040000EE100AB8EEA9
:102D0000400A5FED0A0A80EE201A11EE106A304682
:102D1000EDF701FD41EC1E0BB0EE4D1AF0EE6D1A11
:102D2000B0EE4E0AF0EE6E0AF9F7E6F8B0EE40BAF1
:102D3000F0EE60BA18EE100AEDF7EDFC41EC1C0B5A
:102D400053EC1B2BEDF7A2FB41EC1A0BEDF726FD24
:102D500004EBC40205F5CC6101EBC201886233E0EB
:102D600004EBC40105F5CC6000EBC10090ED080A4E
:102D700004EBC40105F5CC6000EBC100D0ED050A01
:102D800030EE200A04EBC40105F5CC6000EBC10075
:102D900080ED090A04EBC40105F5CC6000EBC1002D
:102DA00090ED080A04EBC40105F5CC6000EBC1000E
:102DB000D0ED050A30EE600A04EBC40105F5CC60E5
:102DC00000EBC10080ED0A0A641C286CA0423FF7AA
:102DD0007CAB002030B0BDEC0E8B70BD70B52DED1E
:102DE0000E8BB0B0F94D9FEDFA0AB0EE409A9FED10
:102DF000F90AF0EE409A9FEDF80AB0EE408A9FED96
:102E0000F70AF0EE408AA422F54907A8EDF70BFA7D
:102E10001C22F4A16846EDF706FA4022F8A12846E4
:102E2000EDF701FABDEEC80A85ED130AC5ED148A67
:102E30001B20286440F2FF7068650020A865286C9C
:102E400000EB4000420007A905F15C00EDF7EBF94B
:102E5000EF4941F664004151EE49001D4151EE49F0
:102E60004FF4C3504151ED4941F66C0041510024EB
:102E7000F1E31DF8041004EBC40205F5CC6000F882
:102E80003210642104EBC40200EBC200C16204EB07
:102E9000C40105F5CC6000EBC10080ED029A04EBA3
:102EA000C40105F5CC6000EBC100C0ED039A286CAD
:102EB000401EA0423FD19FEDDA0A04EBC40105F5A4
:102EC000CC6000EBC10080ED040AB7EE080A04EB09
:102ED000C40105F5CC6000EBC10080ED050A9FED53
:102EE000D10A04EBC40105F5CC6000EBC10080ED14
:102EF000060A9FEDCB0A04EBC40105F5CC6000EB9C
:102F0000C10080ED070A022104EBC40205F5CC6084
:102F100000EBC200417004EBC40205F5CC6000EB8D
:102F2000C2008170002104EBC40205F5CC6000EB07
:102F3000C200818075E3162C3FDB9FEDBB0A04EBDA
:102F4000C40105F5CC6000EBC10080ED040A9FEDE3
:102F5000B40A04EBC40105F5CC6000EBC10080EDC0
:102F6000050A9FEDB00A04EBC40105F5CC6000EB47
:102F7000C10080ED060A9FEDAA0A04EBC40105F525
:102F8000CC6000EBC10080ED070A022104EBC40213
:102F900005F5CC6000EBC200417004EBC40205F5FE
:102FA000CC6000EBC2008170002104EBC40205F587
:102FB000CC6000EBC200818033E3142C3FDB9FED3B
:102FC0009A0A04EBC40105F5CC6000EBC10080ED6A
:102FD000040A9FED930A04EBC40105F5CC6000EBF5
:102FE000C10080ED050A9FED8F0A04EBC40105F5D1
:102FF000CC6000EBC10080ED060A9FED890A04EB6E
:10300000C40105F5CC6000EBC10080ED070A022188
:1030100004EBC40205F5CC6000EBC200417004EB88
:10302000C40205F5CC6000EBC2008170002104EB06
:10303000C40205F5CC6000EBC2008180F1E2122CE5
:103040003FDB9FED7A0A04EBC40105F5CC6000EB91
:10305000C10080ED040A9FED720A04EBC40105F57E
:10306000CC6000EBC10080ED050A9FED6E0A04EB19
:10307000C40105F5CC6000EBC10080ED060A9FEDB0
:10308000680A04EBC40105F5CC6000EBC10080EDDB
:10309000070A022104EBC40205F5CC6000EBC20074
:1030A000417004EBC40205F5CC6000EBC2008170F6
:1030B000002104EBC40205F5CC6000EBC200818066
:1030C000AFE2112C3FDB9FED5A0A04EBC40105F57A
:1030D000CC6000EBC10080ED040A9FED510A04EBC7
:1030E000C40105F5CC6000EBC10080ED050A9FED41
:1030F0004D0A04EBC40105F5CC6000EBC10080ED86
:10310000060A9FED470A04EBC40105F5CC6000EB0D
:10311000C10080ED070A022104EBC40205F5CC6072
:1031200000EBC200417004EBC40205F5CC6000EB7B
:10313000C2008170002104EBC40205F5CC6000EBF5
:10314000C20081806DE20D2C74DB9FED390A04EB27
:10315000C40105F5CC6000EBC10080ED040A9FEDD1
:10316000300A04EBC40105F5CC6000EBC10080ED32
:10317000050A9FED2C0A04EBC40105F5CC6000EBB9
:10318000C10080ED060A9FED260A04EBC40105F597
:10319000CC6000EBC10080ED070A022104EBC40201
:1031A00005F5CC6000EBC200417004EBC40205F5EC
:1031B000CC6000EBC2008170002104EBC40205F575
:1031C000CC6000EBC20081802BE233E0C8540020C9
:1031D0009A99993EAE47A13E00001644CDCC0C40D2
:1031E000AC250308000103070B0F13171B1F232730
:1031F0002F373F4F5F6F7F8F9FAFBFCFDFEFFF0056
:103200004E6F726D616C5F42616E64310000000050
:10321000F94302083540020864E2020835830208D7
:10322000000000006F12033B8FC2F53C0AD7A33C9D
:103230000AD7233C0A2C3FDB1FED030A04EBC40131
:1032400005F5CC6000EBC10080ED040A1FED0C0A0F
:1032500004EBC40105F5CC6000EBC10080ED050A6C
:103260009FEDFD0A04EBC40105F5CC6000EBC10045
:1032700080ED060A1FED160A04EBC40105F5CC60CB
:1032800000EBC10080ED070A022104EBC40205F542
:10329000CC6000EBC200417004EBC40205F5CC60C9
:1032A00000EBC2008170002104EBC40205F5CC6084
:1032B00000EBC2008180B4E1072C3FDB9FEDE70A01
:1032C00004EBC40105F5CC6000EBC10080ED040AFD
:1032D0001FED2D0A04EBC40105F5CC6000EBC10025
:1032E00080ED050A9FEDDE0A04EBC40105F5CC6014
:1032F00000EBC10080ED060A1FED370A04EBC401A4
:1033000005F5CC6000EBC10080ED070A022104EB5B
:10331000C40205F5CC6000EBC200417004EBC402AE
:1033200005F5CC6000EBC2008170002104EBC40203
:1033300005F5CC6000EBC200818072E1052C3FDB1B
:103340009FEDC60A04EBC40105F5CC6000EBC1009B
:1033500080ED040A1FED4E0A04EBC40105F5CC60B4
:1033600000EBC10080ED050A9FEDBE0A04EBC4012D
:1033700005F5CC6000EBC10080ED060A1FED580A90
:1033800004EBC40105F5CC6000EBC10080ED070A39
:10339000022104EBC40205F5CC6000EBC2004170D1
:1033A00004EBC40205F5CC6000EBC2008170002183
:1033B00004EBC40205F5CC6000EBC200818030E173
:1033C000042C3FDB9FEDA80A04EBC40105F5CC609B
:1033D00000EBC10080ED040A1FED6F0A04EBC4018D
:1033E00005F5CC6000EBC10080ED050A9FED9F0A5A
:1033F00004EBC40105F5CC6000EBC10080ED060ACA
:103400001FED790A04EBC40105F5CC6000EBC100A7
:1034100080ED070A022104EBC40205F5CC6000EB45
:10342000C200417004EBC40205F5CC6000EBC200A1
:103430008170002104EBC40205F5CC6000EBC200F2
:103440008180EEE0032C3FDB9FED870A04EBC40193
:1034500005F5CC6000EBC10080ED040A1FED900A79
:1034600004EBC40105F5CC6000EBC10080ED050A5A
:103470009FED7F0A04EBC40105F5CC6000EBC100B1
:1034800080ED060A1FED9A0A04EBC40105F5CC6035
:1034900000EBC10080ED070A022104EBC40205F530
:1034A000CC6000EBC200417004EBC40205F5CC60B7
:1034B00000EBC2008170002104EBC40205F5CC6072
:1034C00000EBC2008180ACE0022C40DB9FED690A7A
:1034D00004EBC40105F5CC6000EBC10080ED040AEB
:1034E0001FEDB10A04EBC40105F5CC6000EBC1008F
:1034F00080ED050A1FEDB20A04EBC40105F5CC60AE
:1035000000EBC10080ED060A1FEDBB0A04EBC4010D
:1035100005F5CC6000EBC10080ED070A042104EB47
:10352000C40205F5CC6000EBC2004170032104EB3E
:10353000C40205F5CC6000EBC2008170002104EBF1
:10354000C40205F5CC6000EBC200818069E0012C6B
:103550003FDB1FEDCD0A04EBC40105F5CC6000EBA9
:10356000C10080ED040A1FEDD20A04EBC40105F589
:10357000CC6000EBC10080ED050A1FEDD70A04EB1B
:10358000C40105F5CC6000EBC10080ED060A1FED1B
:10359000DC0A04EBC40105F5CC6000EBC10080ED52
:1035A000070A032104EBC40205F5CC6000EBC2005E
:1035B000417004EBC40205F5CC6000EBC2008170E1
:1035C000002104EBC40205F5CC6000EBC200818051
:1035D00027E01FEDED0A04EBC40105F5CC6000EB1C
:1035E000C10080ED040A1FEDF20A04EBC40105F5E9
:1035F000CC6000EBC10080ED050A1FEDF70A04EB7B
:10360000C40105F5CC6000EBC10080ED060A1FED9A
:10361000FC0A04EBC40105F5CC6000EBC10080EDB1
:10362000070A18EE900AEDF776F841EC1D0B1DF82D
:10363000040000EE100AB8EE400ADFED0F0A80EE3B
:10364000201A11EE106A3046EDF765F841EC1E0BBA
:10365000B0EE4D1A12E00AE10AD7233BA69B443C88
:10366000A69B443B4260653B8FC2753CBC74933B58
:103670006F12033C8FC2753D00007F43F0EE6D1A60
:10368000B0EE4E0AF0EE6E0AF8F736FCB0EE40BA35
:10369000F0EE60BA18EE100AEDF73DF841EC1C0BA5
:1036A00053EC1B2BECF7F2FE41EC1A0BEDF776F81E
:1036B00004EBC40205F5CC6101EBC201086204EB26
:1036C000C40205F5CC6000EBC20090ED040A10EED8
:1036D000101A0846EDF71FF841EC1A0B9FED680B26
:1036E00053EC102BEDF742F87DD204EBC40205F544
:1036F000CC6000EBC20090ED040A38EEC00A10EE78
:10370000101A0846EDF707F841EC1D0B1DF80400F0
:1037100000EE100AB8EE400A5FED290A80EE201A8A
:1037200011EE106A3046ECF7F6FF41EC1E0BB0EEDE
:103730004D1AF0EE6D1AB0EE4E0AF0EE6E0AF8F782
:10374000DBFBB0EE40BAF0EE60BA18EE100AECF710
:10375000E2FF41EC1C0B53EC1B2BECF797FE41EC0A
:103760001A0BEDF71BF804EBC40205F5CC6101EB75
:10377000C201486204EBC40205F5CC6000EBC20054
:1037800090ED040A30EE280A10EE101A0846ECF705
:10379000C2FF41EC1D0B1DF8040000EE100AB8EE4C
:1037A000400A5FED4B0A80EE201A11EE106A304697
:1037B000ECF7B1FF41EC1E0BB0EE4D1AF0EE6D1AB6
:1037C000B0EE4E0AF0EE6E0AF8F796FBB0EE40BA95
:1037D000F0EE60BA18EE100AECF79DFF41EC1C0BFE
:1037E00053EC1B2B00E00DE0ECF750FE41EC1A0B04
:1037F000ECF7D4FF04EBC40205F5CC6101EBC20188
:10380000886233E004EBC40105F5CC6000EBC10035
:1038100090ED080A04EBC40105F5CC6000EBC10093
:10382000D0ED050A30EE200A04EBC40105F5CC60AA
:1038300000EBC10080ED090A04EBC40105F5CC6082
:1038400000EBC10090ED080A04EBC40105F5CC6063
:1038500000EBC100D0ED050A30EE600A04EBC401B4
:1038600005F5CC6000EBC10080ED0A0A641C286CF1
:10387000A0423FF7FEAA002030B0BDEC0E8B70BD19
:103880008DEDB5A0F7C6B03E30B5E9B00025A42255
:10389000464940A8ECF7C7FC6B1E5A221146F0209F
:1038A000F4F7C2FE6B1E5A221146F120F4F7BCFE5B
:1038B0006B1E07225A21FF20F4F7B6FE6A1E012173
:1038C000F220F4F7B1FE6A46A221B120F4F7EAFE35
:1038D00000243CE004EB44004000C0F19D001DF8D2
:1038E000000004EB44014900C1F19C011DF80110E6
:1038F00040EA01202E4921F8140004EB4400400066
:10390000C0F19F001DF8000004EB44014900C1F123
:103910009E011DF8011040EA0121254A04F11B0017
:1039200022F8101004EB44004000C0F1A1001DF883
:10393000000004EB44014900C1F1A0011DF8011091
:1039400040EA012104F1360022F81010641C1B2CFF
:10395000C0D3002425E0164830F81410154830F87C
:10396000140081420BD04FF0FF35114830F814207D
:10397000104830F8141010A0F7F7E0FF06E001251A
:103980000C4830F814100DA0F7F7D8FF601C1B216D
:1039900090FBF1F201FB120010B909A0F7F7CEFF7E
:1039A000641C512CD7D3284669B030BDB827030812
:1039B000402300204226002025642D3E25642C0053
:1039C0000D0A000030B5E9B00025A422464940A800
:1039D000ECF729FC6B1E5A221146F020F4F724FE66
:1039E0006B1E5A221146F120F4F71EFE6B1E0722B1
:1039F0005A21FF20F4F718FE6A1E0121F220F4F785
:103A000013FE6A46A221B220F4F74CFE00243CE0EB
:103A100004EB44004000C0F19D001DF8000004EBE1
:103A200044014900C1F19C011DF8011040EA012048
:103A30002E4921F8140004EB44004000C0F19F001F
:103A40001DF8000004EB44014900C1F19E011DF87E
:103A5000011040EA0121254A04F11B0022F8101050
:103A600004EB44004000C0F1A1001DF8000004EB8D
:103A700044014900C1F1A0011DF8011040EA0121F3
:103A800004F1360022F81010641C1B2CC0D3002453
:103A900025E0164830F81410154830F8140081421B
:103AA0000BD04FF0FF35114830F81420104830F893
:103AB000141010A0F7F742FF06E001250C4830F87B
:103AC00014100DA0F7F73AFF601C1B2190FBF1F2D8
:103AD00001FB120010B909A0F7F730FF641C512C4C
:103AE000D7D3284669B030BDB8270308402300204B
:103AF000B23E002025642D3E25642C000D0A0000F6
:103B000030B5E9B00025A422464940A8ECF78BFB6C
:103B10006B1E5A221146F020F4F786FD6B1E5A22C6
:103B20001146F120F4F780FD6B1E07225A21FF2079
:103B3000F4F77AFD6A1E0121F220F4F775FD6A465A
:103B4000A221B020F4F7AEFD00243CE004EB4400D9
:103B50004000C0F19D001DF8000004EB4401490045
:103B6000C1F19C011DF8011040EA01202E4921F805
:103B7000140004EB44004000C0F19F001DF8000059
:103B800004EB44014900C1F19E011DF8011040EA17
:103B90000121254A04F11B0022F8101004EB440017
:103BA0004000C0F1A1001DF8000004EB44014900F1
:103BB000C1F1A0011DF8011040EA012104F1360015
:103BC00022F81010641C1B2CC0D3002425E01648DA
:103BD00030F81410154830F8140081420BD04FF023
:103BE000FF35114830F81420104830F8141010A098
:103BF000F7F7A4FE06E001250C4830F814100DA0DC
:103C0000F7F79CFE601C1B2190FBF1F201FB1200F8
:103C100010B909A0F7F792FE641C512CD7D328469F
:103C200069B030BDB8270308402300202257002088
:103C300025642D3E25642C000D0A0000F0B5D3B09C
:103C400006460024A4212AA8ECF706FBA42270490A
:103C500001A8ECF7E8FA631E07225A21FF20F4F7C7
:103C6000E3FC0025B3E0C5F11A0136F81100C117D5
:103C700000EB1161C1F3072701A8005D2AA90F54C9
:103C800001A8005D411C4FF0FF32F220F4F7CCFC9C
:103C90004FF0FF323946B120F4F7C6FCC5F11A01E6
:103CA00036F81100C11700EB11610912A0EB0121D8
:103CB000CFB201A9601C085C2AA90F5401AA601C9C
:103CC000105C411C4FF0FF32F220F4F7ADFC4FF0D6
:103CD000FF323946B120F4F7A7FCC5F1350136F8BB
:103CE0001100C11700EB1161C1F3072701A9A01C46
:103CF000085C2AA90F5401AAA01C105C411C4FF0BB
:103D0000FF32F220F4F790FC4FF0FF323946B12039
:103D1000F4F78AFCC5F1350136F81100C11700EB44
:103D200011610912A0EB0121CFB201A9E01C085CCE
:103D30002AA90F5401AAE01C105C411C4FF0FF326D
:103D4000F220F4F771FC4FF0FF323946B120F4F75E
:103D50006BFCC5F1500136F81100C11700EB116181
:103D6000C1F3072701A9201D085C2AA90F5401AA45
:103D7000201D105C411C4FF0FF32F220F4F754FC80
:103D80004FF0FF323946B120F4F74EFCC5F1500137
:103D900036F81100C11700EB11610912A0EB0121E7
:103DA000CFB201A9601D085C2AA90F5401AA601DA9
:103DB000105C411C4FF0FF32F220F4F735FC4FF05D
:103DC000FF323946B120F4F72FFCA41D6D1C1B2DCA
:103DD000FFF449AF0FA0F7F7B1FD00250FE02AA8C7
:103DE000415D11A0F7F7AAFD681C0C2190FBF1F2D0
:103DF00001FB120010B90EA0F7F7A0FD6D1CA22D5B
:103E0000EDDB0CA0F7F79AFD002053B0F0BD0000E9
:103E1000B82703084461746120746F207772697455
:103E2000653A0D0A000000002530327820000000BD
:103E30000A0000000D0A0000F0B5D3B006460024C9
:103E4000A4212AA8ECF708FAA422704901A8ECF7EB
:103E5000EAF9631E07225A21FF20F4F7E5FB00254B
:103E6000B3E0C5F11A0136F81100C11700EB11617A
:103E7000C1F3072701A8005D2AA90F5401A8005D1E
:103E8000411C4FF0FF32F220F4F7CEFB4FF0FF322F
:103E90003946B220F4F7C8FBC5F11A0136F8110013
:103EA000C11700EB11610912A0EB0121CFB201A9EA
:103EB000601C085C2AA90F5401AA601C105C411CFC
:103EC0004FF0FF32F220F4F7AFFB4FF0FF323946EC
:103ED000B220F4F7A9FBC5F1350136F81100C1177E
:103EE00000EB1161C1F3072701A9A01C085C2AA9F6
:103EF0000F5401AAA01C105C411C4FF0FF32F220AD
:103F0000F4F792FB4FF0FF323946B220F4F78CFB06
:103F1000C5F1350136F81100C11700EB1161091226
:103F2000A0EB0121CFB201A9E01C085C2AA90F5423
:103F300001AAE01C105C411C4FF0FF32F220F4F7A4
:103F400073FB4FF0FF323946B220F4F76DFBC5F139
:103F5000500136F81100C11700EB1161C1F30727BA
:103F600001A9201D085C2AA90F5401AA201D105C7C
:103F7000411C4FF0FF32F220F4F756FB4FF0FF32B6
:103F80003946B220F4F750FBC5F1500136F8110064
:103F9000C11700EB11610912A0EB0121CFB201A9F9
:103FA000601D085C2AA90F5401AA601D105C411C09
:103FB0004FF0FF32F220F4F737FB4FF0FF32394673
:103FC000B220F4F731FBA41D6D1C1B2DFFF449AF8B
:103FD0000FA0F7F7B3FC00250FE02AA8415D11A060
:103FE000F7F7ACFC681C0C2190FBF1F201FB12000E
:103FF00010B90EA0F7F7A2FC6D1CA22DEDDB0CA0F2
:10400000F7F79CFC002053B0F0BD0000B827030870
:104010004461746120746F2077726974653A0D0A87
:104020000000000025303278200000000A00000067
:104030000D0A0000F0B5D3B006460024A4212AA83A
:10404000ECF70AF9A422704901A8ECF7ECF8631E1A
:1040500007225A21FF20F4F7E7FA0025B3E0C5F163
:104060001A0136F81100C11700EB1161C1F30727DF
:1040700001A8005D2AA90F5401A8005D411C4FF062
:10408000FF32F220F4F7D0FA4FF0FF323946B02079
:10409000F4F7CAFAC5F11A0136F81100C11700EB9E
:1040A00011610912A0EB0121CFB201A9601C085CCB
:1040B0002AA90F5401AA601C105C411C4FF0FF326A
:1040C000F220F4F7B1FA4FF0FF323946B020F4F79E
:1040D000ABFAC5F1350136F81100C11700EB1161DB
:1040E000C1F3072701A9A01C085C2AA90F5401AA43
:1040F000A01C105C411C4FF0FF32F220F4F794FA40
:104100004FF0FF323946B020F4F78EFAC5F1350191
:1041100036F81100C11700EB11610912A0EB012163
:10412000CFB201A9E01C085C2AA90F5401AAE01C27
:10413000105C411C4FF0FF32F220F4F775FA4FF09B
:10414000FF323946B020F4F76FFAC5F1500136F866
:104150001100C11700EB1161C1F3072701A9201D50
:10416000085C2AA90F5401AA201D105C411C4FF0C5
:10417000FF32F220F4F758FA4FF0FF323946B02000
:10418000F4F752FAC5F1500136F81100C11700EBEF
:1041900011610912A0EB0121CFB201A9601D085CD9
:1041A0002AA90F5401AA601D105C411C4FF0FF3278
:1041B000F220F4F739FA4FF0FF323946B020F4F725
:1041C00033FAA41D6D1C1B2DFFF449AF0FA0F7F7A8
:1041D000B5FB00250FE02AA8415D11A0F7F7AEFB63
:1041E000681C0C2190FBF1F201FB120010B90EA02B
:1041F000F7F7A4FB6D1CA22DEDDB0CA0F7F79EFBDF
:10420000002053B0F0BD0000B8270308446174617A
:1042100020746F2077726974653A0D0A00000000FF
:1042200025303278200000000A0000000D0A00004E
:1042300030B5ABB005460C46A422354902A8EBF7D1
:10424000F2FF00200AE034F81010C1F302210DF84B
:10425000001014F8101001AA1154401C0328F2DBBE
:104260004FF0FF3307225A21FF20F4F7DDF94FF01A
:10427000FF320121F220F4F7D7F99DF800104FF03A
:10428000FF32B120F4F7D0F94FF0FF320221F220D3
:10429000F4F7CAF99DF804104FF0FF32B120F4F79B
:1042A000C3F94FF0FF320321F220F4F7BDF99DF876
:1042B00001104FF0FF32B120F4F7B6F94FF0FF32A2
:1042C0000421F220F4F7B0F99DF805104FF0FF3209
:1042D000B120F4F7A9F94FF0FF320521F220F4F7ED
:1042E000A3F99DF802104FF0FF32B120F4F79CF9CA
:1042F0004FF0FF320621F220F4F796F99DF80610F0
:104300004FF0FF32B120F4F78FF900202BB030BD11
:10431000B827030830B5ABB005460C46A422354992
:1043200002A8EBF780FF00200AE034F81010C1F378
:1043300002210DF8001014F8101001AA1154401CAD
:104340000328F2DB4FF0FF3307225A21FF20F4F756
:104350006BF94FF0FF320121F220F4F765F99DF877
:1043600000104FF0FF32B220F4F75EF94FF0FF3249
:104370000221F220F4F758F99DF804104FF0FF32B3
:10438000B220F4F751F94FF0FF320321F220F4F795
:104390004BF99DF801104FF0FF32B220F4F744F9C9
:1043A0004FF0FF320421F220F4F73EF99DF805109A
:1043B0004FF0FF32B220F4F737F94FF0FF3205210A
:1043C000F220F4F731F99DF802104FF0FF32B220DD
:1043D000F4F72AF94FF0FF320621F220F4F724F91E
:1043E0009DF806104FF0FF32B220F4F71DF90020BF
:1043F0002BB030BDB827030830B5ABB005460C462E
:10440000A422354902A8EBF70EFF00200AE034F899
:104410001010C1F302210DF8001014F8101001AAB9
:104420001154401C0328F2DB4FF0FF3307225A21BE
:10443000FF20F4F7F9F84FF0FF320121F220F4F7F2
:10444000F3F89DF800104FF0FF32B020F4F7ECF8CD
:104450004FF0FF320221F220F4F7E6F89DF8041045
:104460004FF0FF32B020F4F7DFF84FF0FF320321B6
:10447000F220F4F7D9F89DF801104FF0FF32B02088
:10448000F4F7D2F84FF0FF320421F220F4F7CCF821
:104490009DF805104FF0FF32B020F4F7C5F84FF04B
:1044A000FF320521F220F4F7BFF89DF802104FF01B
:1044B000FF32B020F4F7B8F84FF0FF320621F220B7
:1044C000F4F7B2F89DF806104FF0FF32B020F4F781
:1044D000ABF800202BB030BDB827030800A0704710
:1044E00056312E322E32202D323032352E31322EB0
:1044F000392D64002DE9FC4780468A4617461C4644
:104500000B225146404602F098FE052C0ADD00BF02
:10451000601000EBC43137F8022B881884B2388859
:104520000028F5D1072500BF2046E11704EB1171E3
:104530000911A4EB0111303101F0FF09B9F1390F74
:1045400003DD09F1070000F0FF0928466D1E0DF894
:1045500000902046E11704EB1171C1F30F14002CF9
:10456000E2D17E200DF80500002600E0761CAE4268
:1045700003D218F806002028F8D100BF082D04D275
:1045800028466D1C1DF8000000E020203146761CF6
:1045900008F80100082EF1D3BDE8FC872DE9F043AF
:1045A00087B004468846264A07CA04AB07C30020E2
:1045B00001900290039000253DE0002638E000279E
:1045C00033E004A951F8251020680844019004A99B
:1045D00051F8261060680844029004A951F8271089
:1045E000A068084403900322414601A8F9F72BFF75
:1045F0008146B9F1010F17DA0198401C08B9002073
:1046000001900298401C08B9002002900398401CB9
:1046100008B9002003900198206002986060039818
:10462000A06007B0BDE8F0837F1C032FC9DB761CB8
:10463000032EC4DB6D1C032DBFDB00BFF1E70000C0
:10464000A42703087FB505460C4616464848494945
:10465000494A4A4BCDE90032CDE9021033460322E4
:1046600004F11801204600F097FE002803DA4FF00D
:10467000FF3004B070BD00204149086011E03F48A0
:104680003F49096800EBC10090ED000B3C48006811
:1046900005EBC00080ED000B39480068401C38492C
:1046A0000860374800680428E9DB31483149324A5C
:1046B000324BCDE90032CDE902103346032204F13A
:1046C0002001204600F068FE002802DA6FF00100A9
:1046D000CFE700202A49086013E0284828490968E4
:1046E00000EBC10090ED000B05F1200024490968A2
:1046F00000EBC10080ED000B21480068401C204900
:1047000008601F4800680428E7DB194819491A4A5D
:104710001A4BCDE90032CDE902103346032204F1F1
:104720002801204600F038FE002802DA6FF002006F
:104730009FE700201249086013E0104810490968FB
:1047400000EBC10090ED000B05F140000C49096839
:1047500000EBC10080ED000B09480068401C0849CF
:104760000860074800680428E7DB002081E70000B4
:10477000F03C0120B83C0120D03C0120383C012015
:10478000100F00202DE9F04F2DED088BADF51F7DAA
:104790000746884691469A46DDF8C0B2B19E4FF46E
:1047A000007106A8EBF758FD5246494686A8FFF768
:1047B00049FF00243CE0002537E086A800EB4410C8
:1047C00000EBC50090ED001BB0EE410AF0EE610A6F
:1047D000F7F722F9B0EE40AAF0EE60AA86A800EB47
:1047E000441000EBC40090ED001BB0EE410AF0EE67
:1047F000610AF7F711F9B0EE409AF0EE609A53ECC7
:104800001A2B51EC190BEBF799FF0DD286A800EB90
:10481000441000EBC50090ED000B86A800EB44109F
:1048200000EBC40080ED000B6D1C032DC5DB641C88
:10483000032CC0DB002457E0002552E0AC424FD0EF
:1048400086A800EB441000EBC50090ED001BB0EE15
:10485000410AF0EE610A9FED5C1B53EC112B51EC09
:10486000100BEBF713FE41EC1B0BB0EE4B0AF0EE16
:104870006B0AF7F7D1F8B0EE409AF0EE609A86A88E
:1048800000EB441000EBC40090ED001BB0EE410AB9
:10489000F0EE610AF7F7C0F8B0EE40AAF0EE60AAB9
:1048A00053EC192B51EC1A0BEBF748FF18D286A8E2
:1048B00000EB441000EBC40090ED001BB0EE410A89
:1048C000F0EE610A9FED401B53EC112B51EC100BE5
:1048D000EBF74EFE86AA02EB441202EBC50203C2BE
:1048E0006D1C032DAADB641C032CA5DB0BF001005F
:1048F000002846D036480068002842D035A106A8D6
:10490000F7F72CF89E9026B1336906A930469E9A97
:104910009847002428E0002518E086A800EB441002
:1049200000EBC50090ED001BB0EE410AF0EE610A0D
:1049300053EC102B2CA106A8F7F710F89E9026B187
:10494000336906A930469E9A98476D1C042DE4DB16
:1049500024A106A8F7F702F89E9026B1336906A9AC
:1049600030469E9A9847641C032CD4DB1DA106A8F0
:10497000F6F7F4FF9E9026B1336906A930469E9A59
:1049800098479FED1A8B9FED1B0B87ED000B9FED5A
:10499000190B87ED020B9FED170B87ED040B86A813
:1049A00003AB3222B0EE480AF0EE680A0321CDE9EB
:1049B0000008384600F0E0FF00200DF51F7DBDEC3B
:1049C000088BBDE8F08F00000000000000000040F0
:1049D000D40D00200D0A6E6577206F75744D6174DB
:1049E0007269783A0A00000025662C008DEDB5A0AA
:1049F000F7C6B03E00000000000000002DE9FF5F98
:104A00002DED020B2DED048BADF5527D8346154641
:104A10009846B0EE408AF0EE608ADDF8A0A3DDF89B
:104A20009893E79C0020039000261CE0D99800EBA7
:104A3000C60090ED002BB0EE420AF0EE620A0BEBDE
:104A4000C60090ED002BB0EE421AF0EE621A53EC65
:104A5000102B51EC110BEBF713FDC6AA02EBC602AB
:104A600003C2701CC6B2032EE0DBC8EBC80000F026
:104A7000FF0808F1070000EB4000A221B1EB400F56
:104A800028DD002623E000271DE008EB4800400059
:104A900006EB460200EB4200C2194FF4C350005926
:104AA00000EB820090ED000A10EE101A0846EBF7BA
:104AB00032FE06EB46022AAB03EB021202EBC70200
:104AC00003C2781CC7B2062FDFDB701CC6B2072EEC
:104AD000D9DB29E0002625E000271FE0A8F1070028
:104AE00000EB4000400006EB460200EB4200C2191A
:104AF0004FF4C350005900EB820090ED000A10EE15
:104B0000101A0846EBF707FE06EB46022AAB03EB4A
:104B1000021202EBC70203C2781CC7B2062FDDDB0C
:104B2000701CC6B2072ED7DB9FEDFD0B53EC102B8C
:104B300051EC180BEBF71AFE7ED2A06C04287BDB3D
:104B40000120039007222AA912A8FFF77BFD002667
:104B500025E0A06C401E00EB400006EB400009EB96
:104B6000800090ED000A10EE101A0846EBF7D3FD16
:104B700041EC190B4EA800EBC60090ED001BB0EE07
:104B8000410AF0EE610A53EC102B51EC190BEBF7D4
:104B900077FC06AA02EBC60203C2701CC6B2062E40
:104BA000D7DB00272CE0002626E007EB47002AA9E8
:104BB00001EB001000EBC60090ED002BB0EE421AA6
:104BC000F0EE621A06A800EBC60090ED002BB0EEE6
:104BD000420AF0EE620A53EC102B51EC110BEBF78A
:104BE000AEFBFA1C02EB42022AAB03EB021202EB11
:104BF000C60203C2701CC6B2062ED6DB781CC7B232
:104C0000072FD0DB002641E000273BE0A06CC01E50
:104C100000EB4000400006EB460200EB4200384447
:104C200009EB800090ED000A10EE101A0846EBF731
:104C300072FD06EB460200E02AE02AAB03EB02120B
:104C400002EBC70203C2A06CC01E00EB4000400094
:104C500006EB460200EB4200384409EB800090ED81
:104C6000000A10EE101A0846EBF755FD06F10A028D
:104C700002EB42022AAB03EB021202EBC70203C2B1
:104C8000781CC7B2062FC1DB701CC6B2032EBBDB7B
:104C900044E100200490039848B100200D232AAA83
:104CA000C6A9CDE9000ACCA8FFF76CFD08E00020FA
:104CB00007232AAAC6A9CDE9000ACCA8FFF762FDFE
:104CC0000026B4E0CCA800EBC60090ED001BB0EECF
:104CD000410AF0EE610A9FED941B53EC112B51EC4D
:104CE000100BEBF743FD06D29FED8F0BCCA800EB2A
:104CF000C60080ED000BCCA800EBC60090ED001BB9
:104D0000B0EE410AF0EE610A9FED891B53EC112BC6
:104D100051EC100BEBF712FD06D29FED850BCCA8E2
:104D200000EBC60080ED000BCCA800EBC60090EDB8
:104D3000001BB0EE410AF0EE610AF7F705FFB0EE96
:104D4000409AF0EE609A51EC190BEBF7ACFC059031
:104D5000CCA800EBC60090ED001BB0EE410AF0EECF
:104D6000610AF7F749F80746EBF77FFC41EC190BAE
:104D700005EBC60090ED001BB0EE410AF0EE610AB3
:104D800053EC102B51EC190BEBF7D9FA05EBC602DB
:104D900003C2A06DEBF769FC41EC190B05EBC600F3
:104DA00090ED001BB0EE410AF0EE610A53EC102BBF
:104DB00051EC190BEBF7DAFC05D2A06DEBF755FCC3
:104DC00005EBC60203C2606DEBF74FFC41EC190B1B
:104DD00005EBC60090ED001BB0EE410AF0EE610A53
:104DE00053EC102B51EC190BEBF7A8FC05D2606DBE
:104DF000EBF73BFC05EBC60203C205EBC60090EDEA
:104E0000001BB0EE410AF0EE610A9FED4B1B53EC24
:104E1000112B51EC100BEBF791FC01D10020059008
:104E2000059810B10498401C0490701CC6B2032E63
:104E3000FFF648AF0498E0B300264AE0D4E9100139
:104E4000401E814243D0616C491C226C02FB061259
:104E500004F25A2131F81200EBF718FC41EC190B5F
:104E600005EBC60090ED001BB0EE410AF0EE610AC2
:104E700053EC102B51EC190BEBF760FC0ED8616C66
:104E8000491C226C02FB061204F25A2131F812105E
:104E9000481EEBF7EAFB05EBC60203C205EBC600B2
:104EA00090ED001BB0EE410AF0EE610A9FED221B6F
:104EB00000E018E053EC112B51EC100BEBF73EFC2B
:104EC00005D29FED1D0B05EBC60080ED000B701C9D
:104ED000C6B2032EB2DB00200DF5527DBDEC048B73
:104EE00006B0BDE8F09F002616E0C6A800EBC6009D
:104EF00090ED001BB0EE410AF0EE610A9FED101B31
:104F000053EC112B51EC100BEBF7C0FAC6AA02EBD5
:104F1000C60203C2701CC6B2032EE6DBB9E600006F
:104F200000000000000008400000000000C07240C7
:104F30000000000000C072C000000000000000007F
:104F4000333333333333F33F2DE9F0412DED028B0F
:104F500004460D46164604EBC40105F5CC6010F876
:104F6000318004EBC40100EBC10090ED080AB0EE03
:104F7000408A18EE100AEBF7CEFBC6E9020104EBFB
:104F8000C40105F5CC6000EBC10090ED020A20EEF3
:104F9000080A04EBC40105F5CC6000EBC100D0EDBC
:104FA000030A80EE201A11EE107A3846EBF7B3FBB5
:104FB000C6E9000104EBC40105F5CC6000EBC100BB
:104FC00090ED020AF7EE000A30EEC00A04EBC401CD
:104FD00005F5CC6000EBC100D0ED030A30EE600AAD
:104FE00020EE080A04EBC40105F5CC6000EBC1001B
:104FF000D0ED030A80EE201A11EE107A3846EBF756
:105000008AFBC6E904010020BDEC028BBDE8F081FB
:105010002DE9F04105460C46022C02D3A869A042B6
:1050200002D80120BDE8F0812878012804D00228A8
:105030002CD003285AD13DE0274607EB5707286AB2
:1050400000EB5721284602F08FFB00B14EE0C7F37A
:10505000080105F1300010F801807F1C286A00EB80
:105060005721284602F080FB00B13FE0C7F308015A
:1050700005F13000405C48EA002804F0010010B15E
:105080004FEA1810CEE7C8F30B00CBE7286A00EB15
:105090001421284602F068FB00B127E040F2FF101F
:1050A00000EA440105F130000E183078717840EACA
:1050B0000120B7E7286A00EBD411284602F054FB20
:1050C00000B113E040F2FF1000EA840105F1300066
:1050D0000E18F0780006B17840EA0140717840EA95
:1050E00001203178084320F070409BE700BF4FF06B
:1050F000FF3097E70020704710B54FF0FF330022D4
:10510000FE211520F5F72EFE4FF0FF323821052045
:10511000F5F728FE4FF0FF33FF2251211520F5F758
:1051200021FE4FF0FF330022FE211520F5F71AFE75
:105130004FF0FF33022266211520F5F713FE4FF0E2
:10514000FF33FF2263211520F5F70CFE4FF0FF33EC
:105150004322FE211520F5F705FE4FF0FF33012213
:1051600000211520F5F7FEFD4FF0FF330022FE2150
:105170001520F5F7F7FD50220221B720F5F7F6FECE
:1051800002A10420F2F7CEFC10BD0000504C4300F9
:1051900010B54FF0FF335A221146F020F3F744FACE
:1051A0004FF0FF335A221146F120F3F73DFA4FF04A
:1051B000FF3200213820F3F737FA4FF0FF32022197
:1051C0006620F3F731FA4FF0FF32FF216320F3F747
:1051D0002BFA6420EEF706FF02A10420F2F7A2FCEE
:1051E00010BD000048424D0010B54FF0FF335A2269
:1051F0001146F020F3F718FA4FF0FF335A22114608
:10520000F120F3F711FA4FF0FF3200216620F3F797
:105210000BFA4FF0FF3200213920F3F705FA4FF077
:10522000FF32FF214A20F3F7FFF902A10420F2F731
:1052300079FC10BD69646C650000000010B54FF08A
:10524000FF335A221146F020F3F7EEF94FF0FF3307
:105250005A221146F120F3F7E7F94FF0FF3200210F
:105260006620F3F7E1F94FF0FF3200213820F3F721
:10527000DBF94FF0FF32FF215120F3F7D5F964201D
:10528000EEF7B0FE02A10420F2F74CFC10BD0000C6
:105290006E6F726D616C000010B54FF0FF334322EA
:1052A000FE211520F5F75EFD4FF0FF330022114679
:1052B0001520F5F757FD4FF0FF330022FE21152092
:1052C000F5F750FD4FF0FF3238210520F5F74AFD84
:1052D0004FF0FF33272251211520F5F743FD4FF002
:1052E000FF330022FE211520F5F73CFD4FF0FF3380
:1052F000002266211520F5F735FD50220221B72046
:10530000F5F734FE02A10420F2F70CFC10BD0000FA
:105310006E6F726D616C320010B54FF0FF33432237
:10532000FE211520F5F71EFD4FF0FF330022114638
:105330001520F5F717FD4FF0FF330022FE21152051
:10534000F5F710FD4FF0FF3238210520F5F70AFD83
:105350004FF0FF331D2251211520F5F703FD4FF0CB
:10536000FF330022FE211520F5F7FCFC4FF0FF3340
:10537000002266211520F5F7F5FC50220221B72006
:10538000F5F7F4FD02A10420F2F7CCFB10BD0000FC
:105390006E6F726D616C33002DE9F04F2DED108B47
:1053A00087B08346884616469946209F701C069013
:1053B0004846EBF75AF9069A5243521E239B03EBD9
:1053C000C20203C2002531E09FEDFE0BB0EE408A21
:1053D000F0EE608A002414E004EB440005EB40008A
:1053E0000BEBC00090ED001BB0EE410AF0EE610A3D
:1053F00053EC102B51EC180BEAF7A1FF41EC180B02
:10540000641CA9F10100A042E6DA069806FB0051EF
:10541000239800EBC10080ED008B069805FB00612E
:10542000239800EBC10080ED008B6D1C701EA8421C
:10543000CADA00244BE0254645E09FEDE20BB0EED2
:10544000408AF0EE608A4FF0000A27E00AEB4A003B
:1054500005EB40000BEBC00090ED002BB0EE420AD4
:10546000F0EE620A0AEB4A0004EB40000BEBC000CE
:1054700090ED002BB0EE421AF0EE621A53EC102BB6
:1054800051EC110BEBF702F841EC1F0B53EC182B0E
:10549000EAF755FF41EC180B0AF1010AA9F10100E6
:1054A0005045D3DA069805FB0041239800EBC10074
:1054B00080ED008B069804FB0051239800EBC1009F
:1054C00080ED008B6D1C701EA842B6DA641C701E45
:1054D000A042B0DA9FEDBB0B07EBC60080ED000BDE
:1054E00000241BE004EB440008EB001090ED002BBF
:1054F000B0EE420AF0EE620A07EBC60090ED002B18
:10550000B0EE421AF0EE621A53EC102B51EC110B74
:10551000EAF715FF07EBC60203C2641CA9F10100FC
:10552000A042DFDA00243CE09FEDA60B07EBC400AD
:1055300080ED000B00252FE005EB450008EB001087
:1055400090ED002BB0EE420AF0EE620A05EB45004A
:1055500004EB40000BEBC00090ED002BB0EE421AC4
:10556000F0EE621A53EC102B51EC110BEAF78EFFA0
:1055700041EC1F0B07EBC40090ED001BB0EE410A9D
:10558000F0EE610A53EC102B51EC1F0BEAF7D7FE3B
:1055900007EBC40203C26D1CA9F10100A842CBDADB
:1055A000641C701EA042BFDA3B4601220699239874
:1055B000F8F7CCF8002806DA6FF0010007B0BDEC70
:1055C000108BBDE8F08F9FED7FAB00241DE04846B7
:1055D000EBF74BF8CDE9020104EB440008EB0010B7
:1055E00090ED001BB0EE410AF0EE610A9DED021B4A
:1055F00053EC112B51EC100BEAF7BAFF53EC1A2BBA
:10560000EAF79DFE41EC1A0B641CA9F10100A042CF
:10561000DDDA9FED6C9B9FED6BBB9FED6ACB0024A9
:10562000C3E007EBC60090ED000BB0EE408AF0EE51
:10563000608A002525E004EB440005EB40000BEBFD
:10564000C00090ED002BB0EE420AF0EE620A07EBCC
:10565000C50090ED002BB0EE421AF0EE621A53EC4A
:10566000102B51EC110BEAF711FF41EC1F0B53EC1F
:10567000182BEAF764FE41EC180B05FB0940039078
:105680006D1C701EA842D6DA04EB440008EB001033
:1056900090ED001BB0EE410AF0EE610A53EC182BBE
:1056A00051EC100BEAF7ECFECDE9020104EB4400EB
:1056B00008EB001090ED001BB0EE410AF0EE610A1D
:1056C00053EC182B51EC100BEAF7DAFECDE9000190
:1056D0009DED020B53EC102B9DED000B51EC100BCC
:1056E000EAF7D4FE53EC192BEAF729FE41EC190B2B
:1056F00004EB440008EB001090ED001BB0EE410AF3
:10570000F0EE610A53EC1A2B51EC100BEAF7B8FEDD
:1057100041EC1F0B04EB440008EB001090ED001B64
:10572000B0EE410AF0EE610A53EC1A2B51EC100B6B
:10573000EAF7A6FE53EC1F2BCDE900019DED000B0F
:1057400051EC100BEAF7A2FE53EC1B2BCDE9020142
:105750009DED020B51EC100BEAF7F1FD41EC1B0B38
:1057600053EC182B51EC1A0BEAF78AFE41EC1F0B95
:1057700053EC182B51EC1A0BEAF782FE53EC1F2B5B
:10578000CDE900019DED000B51EC100BEAF77EFE18
:1057900053EC1C2BCDE902019DED020B51EC100BDB
:1057A000EAF7CDFD41EC1C0B641CA9F10100A042FD
:1057B000BFF637AF4846EAF758FFCDE902019DED45
:1057C000020B03E0000000000000000053EC102B6F
:1057D00051EC190BEAF7CCFE41EC1F0BB0EE4F0A6F
:1057E000F0EE6F0AF7F720FA8DED040B53EC1B2B4C
:1057F00051EC190BEAF7BCFE41EC1F0B9FED5C0B63
:1058000053EC102BEAF73FFECDE902019DED020BB0
:10581000F7F70AFAB0EE40EAF0EE60EA002592E00F
:105820001FED180BB0EE408AF0EE608A00246CE0A9
:1058300007EBC60090ED000BB0EE40DAF0EE60DA58
:105840004FF0000A25E0AA4521D004EB44000AEB02
:1058500040000BEBC00090ED002BB0EE420AF0EEE2
:10586000620A07EBCA0090ED002BB0EE421AF0EE90
:10587000621A53EC102B51EC110BEAF707FE41ECC6
:105880001F0B53EC1D2BEAF75AFD41EC1D0B0AF1DF
:10589000010A701E5045D6DA04EB440008EB0010F4
:1058A00090ED001BB0EE410AF0EE610A53EC1D2BA7
:1058B00051EC100BEAF7E4FD41EC1F0B04EB440044
:1058C00008EB001090ED001BB0EE410AF0EE610A0B
:1058D00053EC1D2B51EC100BEAF7D2FD53EC1F2BB0
:1058E000CDE900019DED000B51EC100BEAF7CEFD68
:1058F00053EC182BCDE902019DED020B51EC100B7E
:10590000EAF71DFD41EC180B641CA9F10100A0424F
:105910008EDA53EC182B51EC190BEAF729FE41EC07
:105920001F0B9FED130B53EC102BEAF7ACFDCDE9E9
:1059300002019DED020BF7F777F9229800EBC50005
:1059400080ED000B6D1C701EA842BFF669AF219858
:1059500080ED009B9DED040B219880ED020B2198BA
:1059600080ED04EB219880ED06CB012026E60000B7
:10597000000000000000F03F2DE9F04F2DED108BEE
:10598000AFB005468A46B0EE40EAF0EE60EA9346D4
:105990001E46DDF824910020306001202D909FEDFF
:1059A000FC0BB0EE409AF0EE609A7BE19FEDF80BB5
:1059B000B0EE408AF0EE608A3068401C306001270B
:1059C0001EE0CDF800903A4651462846489B00F02C
:1059D0009BFAB0EE40BAF0EE60BAB0EE4B0AF0EED1
:1059E0006B0AF6F719F88DED020B53EC182B9DEDB1
:1059F000020B51EC100BEAF7A2FC41EC180B7F1CD8
:105A00005745DEDD53EC1E2B51EC180BEAF796FEE2
:105A100002D200202D9045E1002739E105202C908D
:105A20002DE1002405EBC70090ED000BB0EE408A9D
:105A3000F0EE608A2C98401E2C9019E1022C1BDCA1
:105A40002046EAF712FE9FEDD40B53EC102BCDE964
:105A500000019DED000B51EC100BEAF717FD53EC24
:105A6000182BCDE902019DED020B51EC100BEAF76A
:105A700066FC41EC1D0B03E0B0EE49DAF0EE69DAAA
:105A800005EBC70080ED00DBCDF800907A1C514695
:105A90002846489B00F038FAB0EE40BAF0EE60BA03
:105AA000B0EE4B0AF0EE6B0AF5F7B6FF8DED000B8A
:105AB0009FEDBB0B53EC102B9DED000B51EC100B2D
:105AC000EAF73DFC9FEDB60B53EC102BCDE902013C
:105AD0009DED020B51EC100BEAF730FE03D10A24C6
:105AE00000202C90C4E0B0EE4BAAF0EE6BAAB0EE12
:105AF0004D9AF0EE6D9A24B98DED18AB8DED049BA7
:105B0000B5E018A800EBC40080ED00AB00202E909B
:105B100080464FE004A800EBC80090ED001BB0EEFB
:105B2000410AF0EE610A53EC102B51EC190BEAF725
:105B3000A7FC41EC1F0BB0EE4F0AF0EE6F0AF5F731
:105B40006BFF8DED000B9FED960B53EC102B9DED35
:105B5000000B51EC100BEAF7F2FB9FED910B53ECAD
:105B6000102BCDE902019DED020B51EC100BEAF771
:105B7000E5FD02D101202E901AE018A800EBC80024
:105B800090ED001BB0EE410AF0EE610A53EC102BD1
:105B900051EC1A0BEAF774FC53EC1F2BCDE9020110
:105BA0009DED020B51EC100BEAF7E2FC41EC190BF6
:105BB00008F101082E9810B9601E4045AADA04A821
:105BC00000EBC40080ED009B2E9830B19FED760B6A
:105BD00004A800EBC40080ED000B9FED6D0BB0EE50
:105BE000409AF0EE609AA4F101082FE004A908F1B0
:105BF000010001EBC00090ED001BB0EE410AF0EE99
:105C0000610A53EC192B51EC100BEAF798FBCDE924
:105C1000020118A800EBC80090ED001BB0EE410A8D
:105C2000F0EE610A51EC100B81F00041CDE900016A
:105C30009DED020B53EC102B9DED000B51EC100B66
:105C4000EAF796FC41EC190BA8F10108B8F1000F36
:105C5000CCDA9DED041BB0EE410AF0EE610A53EC84
:105C6000102B51EC190BEAF76AFB41EC190B641C81
:105C7000072C7FF7E3AE05EBC70080ED009B2C9867
:105C800000287FF4CEAE05EBC70080ED00DB7F1C63
:105C9000AAF10100B842BFF6C1AE3068584501D143
:105CA00000202D902D9801283FF480AE01207060D7
:105CB000CDF80090002251462846489B00F024F978
:105CC000B0EE40BAF0EE60BA05EBCA0080ED00BB62
:105CD0009FED37CB95ED000BB0EE408AF0EE608A79
:105CE00053EC1C2B51EC180BEAF729FBC5E900011A
:105CF000CDF80090002251462846489B00F004F958
:105D0000B0EE40AAF0EE60AA53EC1C2B51EC180B3D
:105D1000EAF7B6FBC5E90001CDF800900022514634
:105D20002846489B00F0F0F8B0EE409AF0EE609AFA
:105D300085ED008B53EC1B2B9FED1F0B51EC100BD3
:105D4000EAF7A4FB53EC192BCDE9020151EC1A0B35
:105D5000EAF7F5FACDE900019DED020B53EC102BAB
:105D60009DED000B51EC100BEAF78AFB41EC180B90
:105D70009FED070B53EC102B51EC180BEAF7F6FCD8
:105D800002D24FF0FF307060012401202D9096E088
:105D900000000000000000007B14AE47E17A843F61
:105DA000000000000000F03F824DC772614233479F
:105DB000F168E388B5F8E43E000000000000004010
:105DC000641C1FED050BB0EE40CAF0EE60CA002067
:105DD0002D90601E05EBC00090ED000BB0EE408AE8
:105DE000F0EE608A53EC1C2B51EC180BEAF7A7FA83
:105DF000621E05EBC20203C2CDF80090002251469C
:105E00002846489B00F080F8B0EE409AF0EE609A89
:105E100053EC1C2B51EC180BEAF732FB621E05EB1E
:105E2000C20203C2CDF80090002251462846489B8A
:105E300000F06AF8B0EE40AAF0EE60AA601E05EB32
:105E4000C00080ED008B53EC1B2B1FED250B51EC9C
:105E5000100BEAF71BFB53EC192BCDE9020151ECB7
:105E60001A0BEAF76CFACDE900019DED020B53EC39
:105E7000102B9DED000B51EC100BEAF701FB41ECF0
:105E8000180B7068EAF7F1FB53EC182BCDE9000111
:105E90009DED000B51EC100BEAF7F8FA1FED440BE7
:105EA00053EC102BCDE902019DED020B51EC100BD0
:105EB000EAF744FC03D2544501DA01202D902D98D5
:105EC00001283FF47DAF7068EAF7CFFB53EC182B45
:105ED000CDE900019DED000B51EC100BEAF7D6FA6D
:105EE0001FED550B53EC102BCDE902019DED020B7C
:105EF00051EC100BEAF73AFC01D2002070602FB091
:105F0000BDEC108BBDE8F08F0FB59DB01E981E90B4
:105F10001F9830B101287DD002287CD003287BD186
:105F2000FDE31D9890ED040B8DED0C0B209890ED8A
:105F3000140B8DED0A0B9DED0C0B53EC102B9DED0E
:105F40000A0B51EC100BEAF7A1FACDE910011D98EC
:105F500090ED020B8DED080B209890ED120B8DED5E
:105F6000060B9DED080B53EC102B9DED060B51EC31
:105F7000100BEAF78BFACDE90C011D9890ED000BA0
:105F80008DED080B209890ED100B8DED060B9DED1F
:105F9000080B53EC102B9DED060B51EC100BEAF7A0
:105FA00075FACDE90A019DED0C0B53EC102B9DED1C
:105FB0000A0B51EC100BEAF7C2F9CDE90E019DED89
:105FC000100B53EC102B9DED0E0B51EC100BEAF760
:105FD000B6F9CDE91201229890ED040B8DED100B6E
:105FE0009DED100B53EC102B9DED120B51EC100B93
:105FF000EAF746FA9FEDFE1BCDE914019DED140B67
:10600000F5F77AFF8DED180B1D9890ED040B8DEDD3
:10601000080B02E0FBE0B1E2FDE3209890ED0C0BF1
:106020008DED060B9DED080B53EC102B9DED060B33
:1060300051EC100BEAF72AFACDE90C011D9890ED0E
:10604000020B8DED040B209890ED0A0B8DED020BE9
:106050009DED040B53EC102B9DED020B51EC100B3E
:10606000EAF714FACDE908011D9890ED000B8DEDCB
:10607000040B209890ED080B8DED020B9DED040BA9
:1060800053EC102B9DED020B51EC100BEAF7FEF9CF
:10609000CDE906019DED080B53EC102B9DED060B91
:1060A00051EC100BEAF74BF9CDE90A019DED0C0B11
:1060B00053EC102B9DED0A0B51EC100BEAF73FF956
:1060C000CDE90E01229890ED020B8DED0C0B9DEDAC
:1060D0000C0B53EC102B9DED0E0B51EC100BEAF753
:1060E000CFF99FEDC31BCDE910019DED100BF5F726
:1060F00003FF8DED140B1D9890ED040B8DED080B37
:10610000209890ED040B8DED060B9DED080B53ECE4
:10611000102B9DED060B51EC100BEAF7B7F9CDE90A
:106120000C011D9890ED020B8DED040B209890ED65
:10613000020B8DED020B9DED040B53EC102B9DED2E
:10614000020B51EC100BEAF7A1F9CDE908011D98FB
:1061500090ED000B8DED040B209890ED000B8DED74
:10616000020B9DED040B53EC102B9DED020B51EC3B
:10617000100BEAF78BF9CDE906019DED080B53EC06
:10618000102B9DED060B51EC100BEAF7D8F8CDE97A
:106190000A019DED0C0B53EC102B9DED0A0B51ECFD
:1061A000100BEAF7CCF8CDE90E01229890ED000B28
:1061B0008DED0C0B9DED0C0B53EC102B9DED0E0B90
:1061C00051EC100BEAF75CF99FED891BCDE910014A
:1061D0009DED100BF5F790FE8DED120B9DED140B60
:1061E00053EC102B9DED120B51EC100BEAF7A7F8B6
:1061F000CDE916019DED180B53EC102B9DED160B00
:1062000051EC100BEAF79BF8CDE91A016AE31D98EF
:1062100090ED040B8DED0A0B209890ED140B8DED95
:10622000080B9DED0A0B53EC102B9DED080B51EC68
:10623000100BEAF72BF9CDE90E011D9890ED020B3A
:106240008DED060B209890ED120B8DED040B9DED5E
:10625000060B53EC102B9DED040B51EC100BEAF7E1
:1062600015F9CDE90A011D9890ED000B8DED060B97
:10627000209890ED100B8DED040B9DED060B53EC6B
:10628000102B9DED040B51EC100BEAF7FFF8CDE954
:1062900008019DED0A0B53EC102B9DED080B51EC02
:1062A000100BEAF74CF8CDE90C019DED0E0B53EC09
:1062B000102B9DED0C0B51EC100BEAF740F8CDE9DB
:1062C0001001229890ED040B8DED0E0B9DED0E0B41
:1062D00053EC102B9DED100B51EC100BEAF7D0F89E
:1062E000CDE91401209890ED100B8DED100B9DED74
:1062F000100B53EC102B9FED3E0B51EC100BEAF7FB
:10630000C5F8CDE912019DED140B53EC102B9DED5A
:10631000120B51EC100BEAF7B9F8CDE918011D98F2
:1063200090ED040B8DED060B209890ED0C0B8DED90
:10633000040B9DED060B53EC102B9DED040B51EC63
:10634000100BEAF7A3F8CDE90A011D9890ED020BB6
:106350008DED020B209890ED0A0B8DED000B9DED5D
:10636000020B53EC102B9DED000B51EC100BEAF7D8
:106370008DF8CDE906011D9890ED000B8DED020B17
:10638000209890ED080B8DED000B9DED020B53EC6A
:10639000102B9DED000B51EC100BEAF777F8CDE9CF
:1063A00004019DED060B53EC102B9DED040B51ECFD
:1063B000100BE9F7C4FFCDE908019DED0A0B53EC82
:1063C000102B9DED080B51EC100BE9F7B8FFCDE950
:1063D0000C01229890ED020B8DED0A0B9DED0A0B3E
:1063E00053EC102B9DED0C0B51EC100B04E0000056
:1063F0000000000000000040EAF742F8CDE910017B
:10640000209890ED080B8DED0C0B9DED0C0B53ECD3
:10641000102B1FED090B51EC100BEAF737F8CDE903
:106420000E019DED100B53EC102B9DED0E0B51EC5E
:10643000100BEAF72BF8CDE914011D9890ED040B31
:106440008DED060B209890ED040B8DED040B9DED6A
:10645000060B53EC102B9DED040B51EC100BEAF7DF
:1064600015F8CDE90A011D9890ED020B8DED020B98
:10647000209890ED020B8DED000B9DED020B53EC7F
:10648000102B9DED000B51EC100BE9F7FFFFCDE950
:1064900006011D9890ED000B8DED020B209890EDFC
:1064A000000B8DED000B9DED020B53EC102B9DEDC1
:1064B000000B51EC100BE9F7E9FFCDE904019DED6C
:1064C000060B53EC102B9DED040B51EC100BE9F770
:1064D00036FFCDE908019DED0A0B53EC102B9DED25
:1064E000080B51EC100BE9F72AFFCDE90C012298BB
:1064F00090ED000B8DED0A0B9DED0A0B53EC102B6C
:106500009DED0C0B51EC100BE9F7BAFFCDE9100132
:10651000209890ED000B8DED0C0B9DED0C0B53ECCA
:10652000102B1FED4D0B51EC100BE9F7AFFFCDE930
:106530000E019DED100B53EC102B9DED0E0B51EC4D
:10654000100BE9F7A3FFCDE912019DED140B53ECFD
:10655000102B9DED120B51EC100BE9F7F0FECDE97D
:1065600016019DED180B53EC102B9DED160B51EC05
:10657000100BE9F7E4FECDE91A0166E31D9890EDF2
:10658000040B8DED0A0B209890ED140B8DED080B8C
:106590009DED0A0B53EC102B9DED080B51EC100BED
:1065A000E9F774FFCDE90E011D9890ED020B8DED1A
:1065B000060B209890ED120B8DED040B9DED060B54
:1065C00053EC102B9DED040B51EC100BE9F75EFF23
:1065D000CDE90A011D9890ED000B8DED060B20987A
:1065E00090ED100B8DED040B9DED060B53EC102B75
:1065F0009DED040B51EC100BE9F748FFCDE90801C4
:106600009DED0A0B53EC102B9DED080B51EC100B7C
:10661000E9F795FECDE90C019DED0E0B53EC102B27
:106620009DED0C0B51EC100BE9F789FECDE9100143
:10663000229890ED040B8DED0E0B9DED0E0B53EC9F
:10664000102B9DED100B51EC100BE9F719FFCDE964
:106650001401209890ED120B8DED100B9DED100B99
:1066600053EC102B1FED9E0B51EC100BE9F70EFFB6
:10667000CDE912019DED140B53EC102B9DED120B87
:1066800051EC100BE9F702FFCDE918011D9890EDD0
:10669000040B8DED060B209890ED0C0B8DED040B8B
:1066A0009DED060B53EC102B9DED040B51EC100BE4
:1066B000E9F7ECFECDE90A011D9890ED020B8DED96
:1066C000020B209890ED0A0B8DED000B9DED020B57
:1066D00053EC102B9DED000B51EC100BE9F7D6FE9F
:1066E000CDE906011D9890ED000B8DED020B209871
:1066F00090ED080B8DED000B9DED020B53EC102B74
:106700009DED000B51EC100BE9F7C0FECDE9040143
:106710009DED060B53EC102B9DED040B00E0E2E029
:1067200051EC100BE9F70BFECDE908019DED0A0BCA
:1067300053EC102B9DED080B51EC100BE9F7FFFD0E
:10674000CDE90C01229890ED020B8DED0A0B9DED29
:106750000A0B53EC102B9DED0C0B51EC100BE9F7D1
:106760008FFECDE91001209890ED0A0B8DED0C0BFA
:106770009DED0C0B53EC102B1FEDE30B51EC100BAC
:10678000E9F784FECDE90E019DED100B53EC102BC3
:106790009DED0E0B51EC100BE9F778FECDE91401DD
:1067A0001D9890ED040B8DED060B209890ED040BD9
:1067B0008DED040B9DED060B53EC102B9DED040BA2
:1067C00051EC100BE9F762FECDE90A011D9890ED3E
:1067D000020B8DED020B209890ED020B8DED000B5E
:1067E0009DED020B53EC102B9DED000B51EC100BAB
:1067F000E9F74CFECDE906011D9890ED000B8DEDFB
:10680000020B209890ED000B8DED000B9DED020B1F
:1068100053EC102B00E017E29DED000B51EC100B38
:10682000E9F734FECDE904019DED060B53EC102B86
:106830009DED040B51EC100BE9F781FDCDE908014A
:106840009DED0A0B53EC102B9DED080B51EC100B3A
:10685000E9F775FDCDE90C01229890ED000B8DED67
:106860000A0B9DED0A0B53EC102B9DED0C0B51EC1C
:10687000100BE9F705FECDE91001209890ED020B11
:106880008DED0C0B9DED0C0B53EC102B9FEDF10BD4
:1068900051EC100BE9F7FAFDCDE90E019DED100B5F
:1068A00053EC102B9DED0E0B51EC100BE9F7EEFDA8
:1068B000CDE912019DED140B53EC102B9DED120B45
:1068C00051EC100BE9F73BFDCDE916019DED180BDE
:1068D00053EC102B9DED160B51EC100BE9F72FFD2F
:1068E000CDE91A01B1E11D9890ED040B8DED0A0B75
:1068F000209890ED140B8DED080B9DED0A0B53ECD9
:10690000102B9DED080B51EC100BE9F7BFFDCDE905
:106910000E011D9890ED020B8DED060B209890ED69
:10692000120B8DED040B9DED060B53EC102B9DED22
:10693000040B51EC100BE9F7A9FDCDE90A011D98F4
:1069400090ED000B8DED060B209890ED100B8DED6A
:10695000040B9DED060B53EC102B9DED040B51EC3D
:10696000100BE9F793FDCDE908019DED0A0B53ECFF
:10697000102B9DED080B51EC100BE9F7E0FCCDE975
:106980000C019DED0E0B53EC102B9DED0C0B51ECFF
:10699000100BE9F7D4FCCDE91001229890ED040B1F
:1069A0008DED0E0B9DED0E0B53EC102B9DED100B92
:1069B00051EC100BE9F764FDCDE91401209890ED3E
:1069C000140B8DED100B9DED100B53EC102B9FED68
:1069D000A10B51EC100BE9F759FDCDE912019DED2A
:1069E000140B53EC102B9DED120B51EC100BE9F72F
:1069F0004DFDCDE918011D9890ED040B8DED060BB2
:106A0000209890ED0C0B8DED040B9DED060B53ECD7
:106A1000102B9DED040B51EC100BE9F737FDCDE980
:106A20000A011D9890ED020B8DED020B209890ED60
:106A30000A0B8DED000B9DED020B53EC102B9DED21
:106A4000000B51EC100BE9F721FDCDE906011D9873
:106A500090ED000B8DED020B209890ED080B8DED65
:106A6000000B9DED020B53EC102B9DED000B51EC38
:106A7000100BE9F70BFDCDE904019DED060B53EC7E
:106A8000102B9DED040B51EC100BE9F758FCCDE9F0
:106A900008019DED0A0B53EC102B9DED080B51ECFA
:106AA000100BE9F74CFCCDE90C01229890ED020B9C
:106AB0008DED0A0B9DED0A0B53EC102B9DED0C0B8D
:106AC00051EC100BE9F7DCFCCDE91001209890EDBA
:106AD0000C0B8DED0C0B9DED0C0B53EC102B9FED67
:106AE0005D0B51EC100BE9F7D1FCCDE90E019DEDEA
:106AF000100B53EC102B9DED0E0B51EC100BE9F726
:106B0000C5FCCDE914011D9890ED040B8DED060B2D
:106B1000209890ED040B8DED040B9DED060B53ECCE
:106B2000102B9DED040B51EC100BE9F7AFFCCDE9F8
:106B30000A011D9890ED020B8DED020B209890ED4F
:106B4000020B8DED000B9DED020B53EC102B9DED18
:106B5000000B51EC100BE9F799FCCDE906011D98EB
:106B600090ED000B8DED020B209890ED000B8DED5C
:106B7000000B9DED020B53EC102B9DED000B51EC27
:106B8000100BE9F783FCCDE904019DED060B53ECF6
:106B9000102B9DED040B51EC100BE9F7D0FBCDE968
:106BA00008019DED0A0B53EC102B9DED080B51ECE9
:106BB000100BE9F7C4FBCDE90C01229890ED000B16
:106BC0008DED0A0B9DED0A0B53EC102B9DED0C0B7C
:106BD00051EC100BE9F754FCCDE91001209890ED31
:106BE000040B8DED0C0B9DED0C0B53EC102B9FED5E
:106BF000190B51EC100BE9F749FCCDE90E019DEDA5
:106C0000100B53EC102B9DED0E0B51EC100BE9F714
:106C10003DFCCDE912019DED140B53EC102B9DEDC5
:106C2000120B51EC100BE9F78AFBCDE916019DED33
:106C3000180B53EC102B9DED160B51EC100BE9F7D4
:106C40007EFBCDE91A0100E000BF00BF9DED1A0BED
:106C500021B000BD000000000000004010B52DED87
:106C6000088BB0EE408AF0EE608A18EE100AE9F761
:106C700052FD41EC1B0BB0EE4B0AF0EE6B0AF4F741
:106C8000D7FEB0EE40AAF0EE60AA51EC1A0BE9F77D
:106C900085FD09EE100A18EE900AE9F73CFD41EC7B
:106CA0001B0BB0EE4B0AF0EE6B0AF4F7C1FEB0EE30
:106CB00040AAF0EE60AA51EC1A0BE9F76FFD09EE5D
:106CC000900A89EE290ABDEC088B10BD10B52DED98
:106CD000088BB0EE408AF0EE608A18EE100AE9F7F1
:106CE0001AFD41EC1B0BB0EE4B0AF0EE6B0AF4F709
:106CF0009FFEB0EE40AAF0EE60AA51EC1A0BE9F745
:106D00004DFD09EE100A18EE900AE9F704FD41EC7A
:106D10001B0BB0EE4B0AF0EE6B0AF4F789FEB0EEF7
:106D200040AAF0EE60AA51EC1A0BE9F737FD09EE24
:106D3000900A89EE290ABDEC088B10BD2DE9F043BD
:106D400087B081460026002501A8EDF757FC01A871
:106D500007C804AB07C3049887B2DDF81480032288
:106D60003946104600F0B6FD054665B12C4608E0F0
:106D7000628908EB06016068E9F755FA6089064404
:106D80002468002CF4D14FF00040069908600748B1
:106D9000406900F0800020B1802004494861002053
:106DA0008860284607B0BDE8F083000000900240EC
:106DB00010B50248FAF764F910BD00003CED002060
:106DC000AEB000BF402112A8E9F746FA402102A860
:106DD000E9F742FAF1F7A2FEEFF750FC9FEDC60A81
:106DE000EFF736FCF1F74CFF01A8F0F7BDF9EDF72E
:106DF0000DFFFAF7E1F8C148C14908614FF400619D
:106E0000C048EDF7ECFFF2F799F9F1F761FBBE48E6
:106E1000BE4B4FF4E1724FF4C3710090BC48EFF7E2
:106E2000C0FDB949B948F4F7A5F9B74AB9490120F5
:106E3000F2F766F8B8A10020F0F7E3F9B7A1012056
:106E4000F0F7DFF9B6A10220F0F7DBF9B6A10320D5
:106E5000F0F7D7F9B6A10420F0F7D3F9B5A10520D2
:106E6000F0F7CFF9B3A10620F0F7CBF9B249002033
:106E7000EBF792F8B1A122A8F4F770FD22A9012046
:106E8000F0F750FE1020B44908704FF4C370B349B6
:106E900008604FF4E170B2490860B3EE040AB148EB
:106EA00080ED000A1420B0490860B0490860B0497C
:106EB00008600820AF490860AF490860AF49086022
:106EC0000020AF490870AF490870AF490870012031
:106ED000AE4908704FF4E170AD490880EDF782FFCC
:106EE0000020AC490870ACA0F0F744F90D20AE4981
:106EF00008606420AD49086048608860C860086127
:106F000048618861C861086248628862C862086333
:106F1000A7A0F0F72FF9EDF79BF8F1F7A7FEA8A1CE
:106F2000B148F4F71BFDE5E0EFF770FF0446092CCC
:106F300031D2DFE804F0AC0531AC69AC5EAC97004F
:106F4000AA480068B0B90020A94908700120A949E1
:106F500008600020A8490860EDF742F90020A74921
:106F600088628860486008602821A4482C30E9F7CE
:106F700073F910E0EDF76CF80020A1490870A1A1A9
:106F80000220F0F7CFFD9FA10320F0F7CBFD9DA1DC
:106F90000420F0F7C7FD7AE07E480078012805D08C
:106FA0009248006810B19348006800B96FE09748B4
:106FB0000068EEF7A3FE7D498D4A127851F8221041
:106FC000884200D263E0F0F72DF9904908608848C4
:106FD0000078401CC0B2864908707349096888422D
:106FE00002D300208249087081480078F4F7D4F871
:106FF0004DE068480078012802D07C48006800B95C
:1070000045E0F1F77FFC42E062480078012805D0B6
:107010007648006810B17748006800B937E07B48CF
:107020000068EEF76BFE6149714A127851F8221040
:10703000884200D22BE0F0F7F5F8744908606C48FC
:10704000007828B958480078401E6949087004E063
:1070500067480078401E6649087065480078F4F774
:107060009BF814E04B480078012802D05F48006884
:1070700000B90CE001210820EFF77EFFF0F7D2F80D
:10708000EFF7B8FC00210820EFF776FF00BF00BF44
:107090004048007801282DD15D480068012829D199
:1070A00052480068012825D10020594908605748F6
:1070B0000068401C554908603C494D4A127851F817
:1070C0002210884216D300205049086036480068D4
:1070D000401E47490978884205D945480078401C38
:1070E0004349087002E00020414908704048007898
:1070F000F4F752F818E7000033335340B5B70208ED
:107100003C1E0020001002409D840108E986010811
:107110002C1E0020D586010850574D005445000014
:10712000564444490000000056424154000000000B
:107130004D545000202000000000002054574744C8
:107140002D544F32313938412D312E38352D515390
:1071500050492D56303100004C0E0020280E0020E2
:107160002C0E0020240E0020300E0020340E0020B3
:10717000380E00203C0E0020400E0020440E00205F
:10718000480E0020490E00204A0E00204B0E002021
:10719000D0000020200000204C6F616420696D61E8
:1071A00067652E2E0A0D00000C000020780F0020CD
:1071B0004C6F616420696D616765204F4B0A0D005B
:1071C000545747442D544F32313938412D313835D9
:1071D0002D4F54502D47414D4D412D515350492D68
:1071E0005630312E6373760088B6002004000020EC
:1071F000080000207000002094000020501E002095
:107200007C00002020202020000000001000002032
:10721000780D0020F0B503461C460D46002000BF47
:10722000161EA2F1010207D014F8017B15F801CB5C
:10723000A7EB0C06301EF3D0F0BD70B503460C462C
:1072400003E014F8015B03F8015B151EA2F10102D3
:10725000F7D170BD70B5044604B970BD00BF04F02D
:10726000030040B100BF20A340F2411222A12BA095
:10727000F4F764FB00BF00BF00BF334800688442DE
:1072800003D332480068844208D300BF16A340F2FB
:1072900043122FA121A0F4F751FB00BF00BF2A48E1
:1072A0000068844203D329480068844200D3D4E7AD
:1072B000A4F1080500BF287940B900BF0AA34FF424
:1072C000AA7229A115A0F4F739FB00BF00BF002066
:1072D00028712A480068854201D22848056028465E
:1072E00000F0BCFE00BFB8E74C5749505C737263B6
:1072F0005C6D656D2E6300006D656D5F6672656522
:107300003A2073616E69747920636865636B2061EC
:107310006C69676E6D656E74000000004173736583
:107320007274696F6E2022257322206661696C6514
:1073300064206174206C696E6520256420696E206C
:1073400025730D0A00000000E80E0020EC0E00205E
:107350006D656D5F667265653A206C6567616C206E
:107360006D656D6F727900006D656D5F6672656544
:107370003A206D656D2D3E7573656400F00E00203A
:107380002DE9F047054615B90020BDE8F087E81C57
:1073900020F0030085B20C2D00DA0C2542F21070AB
:1073A000854201DD0020F0E75248008852490988F3
:1073B000401A86B296E05048006884192079002867
:1073C00075D1218806F10800081AA8426FD32188D8
:1073D00006F10800091A05F1140081421DD306F1D7
:1073E000080028441FFA80F84348006800EB0807AB
:1073F00000203871208838807E80A4F80080012029
:107400002071388842F21071884208D038883A4991
:1074100009680844A0F8028001E001202071354885
:107420000068844228D13348D0F8009005E0B9F8CC
:1074300000003149096800EB010999F8040018B10E
:107440002E4800688145F2D12A48C0F8009000BF5C
:1074500000682A49096888420CD0264800680079EB
:1074600040B100BF26A340F2632229A12FA0F4F768
:1074700065FA00BF00BF00BF00BF04F10800284448
:107480001E490968884208D900BF1DA340F267223F
:1074900031A126A0F4F752FA00BF00BF00BF04F0EC
:1074A000030050B100BF16A340F2692200E016E0CD
:1074B00035A11EA0F4F742FA00BF00BF00BF04F0E0
:1074C000030040B100BF0EA340F26B223AA117A007
:1074D000F4F734FA00BF00BF04F1080055E706488E
:1074E0000068865B42F21070401BB0423FF763AF0A
:1074F00000204AE7F00E0020E80E0020EC0E0020ED
:107500004C5749505C7372635C6D656D2E6300006F
:107510006D656D5F6D616C6C6F633A20216C667296
:1075200065652D3E757365640000000041737365E9
:107530007274696F6E2022257322206661696C6502
:1075400064206174206C696E6520256420696E205A
:1075500025730D0A000000006D656D5F6D616C6C38
:107560006F633A20616C6C6F6361746564206D6554
:107570006D6F7279206E6F742061626F7665207214
:10758000616D5F656E642E006D656D5F6D616C6C25
:107590006F633A20616C6C6F6361746564206D6524
:1075A0006D6F72792070726F7065726C7920616C8A
:1075B00069676E65642E00006D656D5F6D616C6C52
:1075C0006F633A2073616E69747920636865636BD9
:1075D00020616C69676E6D656E74000030B503469E
:1075E00001E003F8011B141EA2F10102F9D130BD24
:1075F00070B505460C4604B970BD00BF04F0030029
:1076000040B100BF09A34FF4E5720CA113A0F4F739
:1076100095F900BF00BF26461B4850F82500306092
:10762000194840F8256000BFE6E700004C57495074
:107630005C7372635C6D656D702E63006D656D705B
:107640005F667265653A206D656D2070726F70655A
:10765000726C7920616C69676E6564004173736553
:107660007274696F6E2022257322206661696C65D1
:1076700064206174206C696E6520256420696E2029
:1076800025730D0A000000000C3C012070B5054672
:1076900000BF0A2D0ADB00BF12A340F29D1215A104
:1076A0001CA0F4F74BF900BF002070BD00BF2448B8
:1076B00050F82540002C12D02149206841F82500BF
:1076C00000BF04F0030040B100BF06A34FF4D7721F
:1076D0001CA110A0F4F732F900BF00BF00BF204684
:1076E000E3E700004C5749505C7372635C6D656D55
:1076F000702E63006D656D705F6D616C6C6F633AC9
:107700002074797065203C204D454D505F4D4158A7
:1077100000000000417373657274696F6E2022254A
:107720007322206661696C6564206174206C696EE7
:107730006520256420696E2025730D0A0000000075
:107740000C3C01206D656D705F6D616C6C6F633A10
:10775000206D656D702070726F7065726C7920613C
:107760006C69676E656400002DE9F04104460D46C2
:10777000E66AAE422FD0207908B360780123324602
:1077800004F13001F9F7EFFB10B10120BDE8F08101
:1077900000202071D4E907100844B0420FD9E778DF
:1077A0000AE0E069064460780123324604F13001C2
:1077B000F9F7D9FB781EC7B2012FF2DC00BF55B133
:1077C000607801232A4604F13001F9F791FB08B1F2
:1077D0000120DBE7E5620020D8E72DE9F04104460F
:1077E0000E461546681E00EA05071FB14FF0FF3030
:1077F000BDE8F081266065600020E060A060294659
:107800002068E8F729FD0020F2E72DE9F04704465B
:107810000E461546D4E90201A0EB01094D4501D2FF
:10782000284600E0484605466168491EE068084071
:107830006168A1EB0008454501D2284600E04046BA
:1078400007466268521EE0681040226881183A4676
:107850003046E8F7E8FCEA1BF0192168E8F7E3FC9A
:10786000E0682844E0602846BDE8F0872DE9F0474D
:1078700004460F461546D4E90101401AE16800EBC1
:1078800001094D4501D2284600E048460546D4E9A5
:107890000110491E08406168A1EB0008454501D26E
:1078A000284600E040460646D4E90121521E114018
:1078B0002268881832463946E8F7B5FCAA1BB91980
:1078C0002068E8F7B0FCA0682844A0602846BDE81E
:1078D000F08700002DE9F05F83460F469146BBF12B
:1078E000000F09D0BBF1010F08D0BBF1020F07D088
:1078F000BBF1030F08D105E0362612E0222610E086
:107900000E260EE000260CE000BF00BF91A3E82287
:1079100094A19BA0F4F712F800BF00BF0020BDE8BF
:10792000F09F00BFB9F1000F7ED0B9F1010F7CD0FC
:10793000B9F1020F7AD0B9F1030F78D10920FFF71E
:10794000A5FE04460CB90020E9E784F80C9000205D
:10795000206006F110002044C01C20F0030060608D
:1079600000BF207900F0030038B100BF79A3FA22EC
:107970008EA183A0F3F7E2FF00BF00BF2781F01CB8
:1079800020F00300C0F50070B84201DD384604E085
:10799000F01C20F00300C0F50070608100BF618919
:1079A0006068014404F50470814208D900BF69A3EE
:1079B0004FF4807289A172A0F3F7C0FF00BF00BF2F
:1079C00000BFF01C20F00300C0F50070002808DCA8
:1079D00000BF60A340F203128DA169A0F3F7AEFFD0
:1079E00000BF00BF0120E081A2466089A7EB00082C
:1079F0005BE00920FFF74AFE054625B9204600F066
:107A000067F900208BE785F80C90002068732860E8
:107A1000CAF8005000BF4FF6FF7080450DDB00BF75
:107A20004CA34FF48F7203E043E06EE06EE07CE025
:107A300084A153A0F3F782FF00BF00BFA5F8088020
:107A40001FFA88F0B0F5007F02DA1FFA88F001E033
:107A50004FF40070688105F11000686000BF28795C
:107A600000F0030040B100BF3AA340F223127AA114
:107A700043A0F3F763FF00BF00BF00BF61896068E8
:107A8000014404F50470814208D900BF31A340F2DB
:107A9000251252A13AA0F3F751FF00BF00BF012009
:107AA000E8816889A8EB0008AA46B8F1000FA0DCBD
:107AB00048E006F1130121F00302F91C21F0030153
:107AC000114488B2FFF75CFC04460CB9002026E79D
:107AD00004F110003044C01C20F0030060602781D6
:107AE00067810020206084F80C9000BF207900F0AE
:107AF000030040B100BF17A34FF49F7262A120A002
:107B0000F3F71CFF00BF00BF1CE000BF0820FFF719
:107B1000BDFD04460CB9002001E70020606027810C
:107B20006781206084F80C900CE000BF00BF09A3BF
:107B30004FF4AA725FA112A0F3F700FF00BF00BFCD
:107B40000020ECE600BF0120E081002060732046A9
:107B5000E5E600004C5749505C7372635C706275D7
:107B6000662E6300706275665F616C6C6F633A20AD
:107B70006261642070627566206C617965720000D4
:107B8000417373657274696F6E20222573222066BB
:107B900061696C6564206174206C696E6520256480
:107BA00020696E2025730D0A000000007062756662
:107BB0005F616C6C6F633A207062756620702D3E59
:107BC0007061796C6F61642070726F7065726C792E
:107BD00020616C69676E656400000000636865631E
:107BE0006B20702D3E7061796C6F6164202B20706A
:107BF0002D3E6C656E20646F6573206E6F74206F10
:107C0000766572666C6F77207062756600000000A2
:107C1000504255465F504F4F4C5F42554653495A6C
:107C200045206D75737420626520626967676572AF
:107C3000207468616E204D454D5F414C49474E4D63
:107C4000454E540072656D5F6C656E203C206D6121
:107C5000785F7531365F7400706275665F616C6C59
:107C60006F633A207062756620712D3E7061796C89
:107C70006F61642070726F7065726C7920616C69DD
:107C8000676E656400000000706275665F616C6C11
:107C90006F633A20706275662D3E7061796C6F611A
:107CA000642070726F7065726C7920616C69676EA8
:107CB00065640000706275665F616C6C6F633A208A
:107CC0006572726F6E656F757320747970650000F0
:107CD0002DE9F047044674B900BF44B900BF39A389
:107CE00040F271223BA13EA0F3F728FE00BF00BF87
:107CF0000020BDE8F08700BF207B88B1207B0128F1
:107D00000ED0207B02280BD0207B032808D000BF98
:107D10002CA340F27B223DA131A0F3F70FFE00BF60
:107D200000BF002649E000BFE089002808DC00BF52
:107D300024A340F28A223BA129A0F3F7FFFD00BF54
:107D400000BFE089401E1FFA80F8A4F80E80B8F149
:107D5000000F30D12768257B607B00F0020098B1CE
:107D6000A14600BFD9F8100040B900BF15A34FF4D9
:107D7000267232A11AA0F3F7E1FD00BF00BF204632
:107D8000D9F81010884712E0032D04D121460920AC
:107D9000FFF72EFC0BE0012D01D0022D04D121466E
:107DA0000820FFF725FC02E02046FFF753FA701C7D
:107DB000C6B23C4600E0002400BF002CB3D13046E0
:107DC00097E700004C5749505C7372635C706275B2
:107DD000662E63007020213D204E554C4C00000063
:107DE000417373657274696F6E2022257322206659
:107DF00061696C6564206174206C696E652025641E
:107E000020696E2025730D0A0000000070627566FF
:107E10005F667265653A2073616E6520747970657E
:107E200000000000706275665F667265653A2070DA
:107E30002D3E726566203E203000000070632D3EAE
:107E4000637573746F6D5F667265655F66756E638B
:107E500074696F6E20213D204E554C4C000000008F
:107E60002DE9F04704460E4617461D46DDF82090E2
:107E70004FF00008002020723B4632462221204667
:107E800000F034F830E0207A03281ED1A069407851
:107E900032280BD195B1A069811D28462269E8F7E7
:107EA000C2F9002020722069BDE8F087E168A0696E
:107EB000E8F7D2F900202072801EF5E7E168A0699A
:107EC000E8F7CAF900202072EEE708F10108C8457A
:107ED00007DDE168A069E8F7BFF900202072401EC5
:107EE000E2E70120ECF77EF8CDE700002DE9FE4F38
:107EF00080468B46174699460020009001900290DC
:107F000000248246002600254FF488513448E8F7C3
:107F1000A3F998F809008DF800008DF801B09DF8DC
:107F200000002F4908709DF801004870AD1C00BF8B
:107F300005E057F82400E8F7C2F90644641C4C45F4
:107F4000F7DBCDF802602648C0F802602D1D002046
:107F50008DF8060098F80A008DF80700012407E064
:107F60009DF806001DF8041048408DF80600641CBA
:107F7000062CF5DB00241DE057F82400E8F79FF9F4
:107F800006464FF0000A0AE09DF8060057F8241054
:107F900011F80A1048408DF806000AF1010AB245AE
:107FA000F2DB57F824100E4A50193246E8F73BF935
:107FB0003544641C4C45DFDB09482844BDF80610F5
:107FC0000180AD1C2A460649D8F82400F8F76BFD5D
:107FD000002803DA4FF0FF30BDE8FE8F0020FBE7FA
:107FE000241001200FB430B587B004461648406A0B
:107FF00018B116480078012805D14FF0FF3007B0BE
:1080000030BC5DF814FB0021114880F801110CA868
:1080100006901048069A0B99F3F7B4FC00200690DE
:108020000D4BD3E90020D3E9021303AD0BC5029237
:10803000039441F288300023042202A900900248F0
:10804000FFF70EFFDBE70000700F01206CED002052
:108050006CFD00206DFE0020242B030870B5044643
:1080600000BF35480068844207D200BF33A3F22224
:1080700036A13CA0F3F762FC00BF00BF00BF44483C
:108080000068844207D300BF2CA3F32241A135A08E
:10809000F3F754FC00BF00BF00BF207938B100BF28
:1080A00026A3F42242A12FA0F3F748FC00BF00BF93
:1080B00000BF208842F21071884207DD00BF1FA375
:1080C000F72242A127A0F3F739FC00BF00BF2088A8
:1080D000194909684518AC4215D0287998B92C4837
:1080E000006885420FD044480068A84201D1424848
:1080F00004602888208010480088201A29880E4AA9
:1081000012681144488060880B4909684618A642E5
:1081100011D0307978B938480068A04201D136488A
:1081200006602088308004480088301A2188024A7E
:1081300012681144488070BDE80E00204C57495029
:108140005C7372635C6D656D2E630000706C7567A7
:108150005F686F6C65733A206D656D203E3D2072DF
:10816000616D0000417373657274696F6E20222522
:108170007322206661696C6564206174206C696E8D
:108180006520256420696E2025730D0A000000001B
:10819000EC0E0020706C75675F686F6C65733A2039
:1081A0006D656D203C2072616D5F656E640000003E
:1081B000706C75675F686F6C65733A206D656D2DC7
:1081C0003E75736564203D3D20300000706C75671E
:1081D0005F686F6C65733A206D656D2D3E6E6578D6
:1081E00074203C3D204D454D5F53495A455F414CFD
:1081F00049474E4544000000F00E00202DE9F047AD
:1082000005460E461746022E02D3A869B04202D890
:108210004FF002088AE02878012804D0022841D0D3
:1082200003287DD154E0B14609EB5909286A00EBD7
:1082300059212846FFF798FA8046B8F1000F00D080
:1082400071E0C9F3080105F130000C1806F00100D7
:1082500020B1F9B2207861F31F1000E03846207099
:1082600009F1010901202871286A00EB59212846EB
:10827000FFF77AFA8046B8F1000F00D053E0C9F357
:10828000080105F130000C1806F0010010B1C7F329
:10829000071005E0207800F0F000C7F30321084341
:1082A000207040E0286A00EB16212846FFF75CFAB0
:1082B0008046B8F1000F00D035E040F2FF1000EA30
:1082C000460105F130000C182770380A60702AE06A
:1082D000286A00EBD6112846FFF746FA8046B8F127
:1082E000000F00D01FE040F2FF1000EA860105F108
:1082F00030000C18E0780006A17840EA014061786F
:1083000040EA01202178084300F0704007432770BD
:10831000380A6070380CA070380EE07003E0FFE798
:108320004FF0020800BF00BF012028714046BDE8A1
:10833000F0870000F0B52DED068B83B006460C46A5
:1083400015469FED760B84ED000B9FED740B84EDCD
:10835000020B9FED720B84ED040B002745E001AB8F
:1083600002AA69460120E9F7D3FD9DED020A10EE4D
:10837000101A0846E8F7CFF941EC180B94ED001BF2
:10838000B0EE410AF0EE610A53EC102BE7F7D7FF8D
:10839000C4E900019DED010A10EE101A0846E8F745
:1083A000BAF941EC180B94ED021BB0EE410AF0EE65
:1083B000610A53EC102BE7F7C2FFC4E902019DEDFF
:1083C000000A10EE101A0846E8F7A5F941EC180B60
:1083D00094ED041BB0EE410AF0EE610A53EC102B51
:1083E000E7F7ADFFC4E904017F1CB742B7DB3046B5
:1083F000E8F74CF941EC180B94ED001BB0EE410A84
:10840000F0EE610A53EC182B51EC100BE8F7B0F8C2
:10841000C4E900013046E8F739F941EC180B94ED56
:10842000021BB0EE410AF0EE610A53EC182B51EC3E
:10843000100BE8F79DF8C4E902013046E8F726F989
:1084400041EC180B94ED041BB0EE410AF0EE610A0A
:1084500053EC182B51EC100BE8F78AF8C4E904012F
:1084600094ED002BB0EE420AF0EE620A94ED042B7C
:10847000B0EE421AF0EE621A53EC102B51EC110BD5
:10848000E8F704F841EC180B94ED021BB0EE410A3A
:10849000F0EE610A53EC102BE8F76AF8C5E9000129
:1084A00094ED040B85ED020B94ED001BB0EE410A38
:1084B000F0EE610A53EC102B9FED1A1B51EC110BDF
:1084C000E7F7DEFF41EC1A0B94ED021BB0EE410A18
:1084D000F0EE610A53EC102BE7F7D2FF41EC190BD9
:1084E00094ED041BB0EE410AF0EE610A53EC102B40
:1084F000E7F7CCFF41EC180B94ED021BB0EE410AFC
:10850000F0EE610A53EC102BE8F732F8C5E90401EC
:10851000002003B0BDEC068BF0BD000000000000A1
:1085200000000000000000000000F03F2DE9FE4FB9
:1085300082460F4615469846DDF83090BB208DF8F0
:1085400000008DF801A005EB0900CDF8020006211E
:108550006846E9F763F9002803DA4FF0FF30BDE819
:10856000FE8F00208DF80600EE208DF80700012612
:1085700007E09DF806001DF8061048408DF806003B
:10858000761C062EF5DB002406E09DF80600395D1A
:1085900048408DF80600641CAC42F6D3002407E086
:1085A0009DF8060018F8041048408DF80600641C79
:1085B0004C45F5D329463846E9F730F9002802DA68
:1085C0004FF0FF30CBE749464046E9F727F900284E
:1085D00002DA4FF0FF30C2E702210DF10600E9F7A1
:1085E0001DF9002802DA4FF0FF30B8E70020B6E7A7
:1085F0002DE9FE4381460D4614461E46BB208DF8EC
:1086000000008DF80160012E03D0201DCDF802007E
:1086100002E00420CDF80200ADF80650ADF80840A5
:108620000A216846E9F7FAF8002803DA4FF0FF302C
:10863000BDE8FE8300208DF80A00EE208DF80B00C7
:108640004FF0010808E09DF80A001DF808104840A6
:108650008DF80A0008F10108B8F10A0FF3DB012ECA
:1086600016D0002708E09DF80A00791919F80110C2
:1086700048408DF80A007F1CA742F4DB09EB050097
:108680002146E9F7CBF8002802DA4FF0FF30CFE7B8
:1086900002210DF10A00E9F7C1F8002802DA4FF0D3
:1086A000FF30C5E70020C3E72DE9F04104460D4641
:1086B000002600276069EDF721FB8046EEF7B2FD4A
:1086C0006061B8F1320F04D92078032801D000206E
:1086D0002070207840B96078A84244D101202070F1
:1086E000A081206905703EE02078012817D1A1897A
:1086F00020694554A089401CA081A089062832DB4E
:108700002069D0F80200A060D4E901010A38814252
:1087100002D90020207026E00220207023E020787B
:10872000022820D1A18920694554A089401CA0813C
:10873000A189A068C01D814215D30027012603E04E
:108740002069805D4740761CA068801DB042F7D844
:10875000A068801D2169085CB84202D10320207006
:1087600001E0002020702078BDE8F0812DE9F04183
:1087700004460E46022E02D3A069B04201D8022759
:1087800025E000271FE031462046FCF741FC054666
:1087900005B91BE0012D01D1022717E0681C08B9BB
:1087A000012713E0002231462046FFF727FD074648
:1087B00007B10BE02069401C20B12069401C2061FA
:1087C000012060712E46A069B042DCD800BF384657
:1087D000BDE8F08110B52DED088BB0EE408A18EEA3
:1087E000100AE7F798FF41EC190B9FED230B53ECB0
:1087F000102BE7F7BBFF20D218EE100AE7F78BFF2C
:1088000041EC1B0B9FED1E0B53EC102BE7F73EFECC
:1088100041EC1A0B9FED1C1BB0EE4A0AF0EE6A0AFF
:10882000F3F76AFBB0EE409AF0EE609A51EC190B48
:10883000E7F7B4FF08EE900A19E018EE100AE7F720
:108840006AFF41EC1B0B9FED120B53EC102BE7F76B
:108850001DFE41EC1A0B9FED100B53EC102BE7F7AC
:108860006EFD41EC190BE7F799FF08EE900AB0EEA8
:10887000680ABDEC088B10BD9A2C8FD25423823F1E
:10888000000000000000F03F555555555555D53FA7
:10889000D9CEF753E3251F40967B1A61B9A7C13F94
:1088A00013B5ADF5B16DADF5405D00200DF540514E
:1088B000C1F81C05FE48006868B1FE48FEA10268C8
:1088C00087A8F3F74BF8FD4987A8F0F78DFCFCA1CA
:1088D00087A8F0F789FC4FF4FF710DF54050D0F8F0
:1088E000880500F25A20E7F7B7FC0DF54050D0F8A4
:1088F000880500F58050D0F868180DF54050869135
:10890000D0F8880500F25A2088470DF55650ECF74C
:108910002CFC0DF5405191F88205022807D0E9A002
:10892000EEF728FC0120EEF761FC00BFFEE70DF535
:108930004051D1F88805006C401E8690FDE302F09E
:10894000ABFE0DF54051C1F82405D1F824050028EF
:1089500006DA6FF004000DF5B26D0DF5405D10BD47
:108960000DF540508699D0F8880541640DF54050CA
:10897000D0F88805016C491E8698411A8591002916
:1089800001DB859801E0859840420DF54051C1F822
:108990001C058698C1B243F248526A440DF5405016
:1089A0008591D0F888158598FCF7CEFA0DF54050E2
:1089B000D0F88805006C401E869988426BD10DF571
:1089C0004050D0F8880500F58050D0F8600890ED50
:1089D000000ABCEEC00A10EE100A81B20DF540503C
:1089E000A0F87815D0F8880500F58050D0F8600818
:1089F00090ED010ABCEEC00A10EE100A81B20DF52E
:108A00004050A0F87A15D0F8880500F58050D0F8CD
:108A1000600890ED020ABCEEC00A10EE100A81B2A6
:108A20000DF54050A0F87C15D0F8880500F5805071
:108A3000D0F86008016808468591E7F76CFE0A46A1
:108A400001460DF5405000F5AC6306C3D0F888052B
:108A500000F58050D0F86008416808468591E7F736
:108A60005AFE0A4601460DF5405000F5AD6306C3B7
:108A7000D0F8880500F58050D0F860088168084675
:108A80008591E7F748FE0A4601460DF5405000F58E
:108A9000AE6306C389E00020859082E00DF540506A
:108AA000D0F8880500F58050D0F860180DF54050DA
:108AB000D0F81C05401EC0EBC00000EB40028598BA
:108AC00000EB420051F8201008467D91E7F723FEA5
:108AD000819180900DF54050D0F8880500F58050C8
:108AE000D0F860180DF54050D0F81C05C0EBC00060
:108AF00000EB4002859800EB420051F82010084638
:108B00007B91E7F708FE7D917C9043F260516944C8
:108B1000859801EBC00090ED000B8DED7A0B9DED7B
:108B20007A0B53EC102B9DED7C0B51EC100BE7F7FF
:108B300006FC7F917E909DED800B53EC102B9DEDFC
:108B40007E0B51EC100BE7F79BFC839182909DED1F
:108B5000820B51EC100BE7F7A6FD8490E7F785FD3B
:108B6000024643F260546C44859804EBC000C0E9AF
:108B700000212246859802EBC00090ED000B8DEDA0
:108B8000820B9DED820B51EC100BE7F7ABFD82B22F
:108B900004F11803859823F810208598401CC0B272
:108BA000859085980328FFF679AF4A480068A0B100
:108BB0000DF54051D1F88805006C401E8590D1F824
:108BC000880500F58050D0F86418849143F27851FC
:108BD0006944849A859890472FE0869800EBC001FD
:108BE0000DF54050D0F8880500F5CC6010F8311034
:108BF00085914FF4007105A8E7F72EFB0DF5405065
:108C0000D0F8880500F58050D0F8681805A80491C0
:108C100088470DF54051D1F88805406C0490D1F893
:108C2000880500F58050D0F86418039143F278511C
:108C30006944DDE90320904700BF869800EBC0023D
:108C40000DF54051D1F8880500F5CC6000EBC2006D
:108C500030308590869800EBC002D1F8880500F589
:108C6000CC6000EBC20040788490D1F8880500F514
:108C70008050D0F86C0801F5A6628390839B85999B
:108C800084989847869800EBC0010DF54053D3F8BF
:108C9000880500F5CC6000EBC10080888590EBF77B
:108CA000A1F9869800EBC0020DF5405114E00000D8
:108CB000DC0D0020E00D002025730000990E00203F
:108CC0000D0A00004750552056657273696F6E207B
:108CD0004E470A00D80D0020D1F8880500F5CC6079
:108CE00000EBC20030308590869800EBC0010DF596
:108CF0004050D0F8880500F5CC6000EBC1008178C9
:108D00000DF540508491D0F8880500F58050D0F8DA
:108D10006C1843F230526A448391839B85998498FE
:108D20009847869800EBC0010DF54053D3F88805AD
:108D300000F5CC6000EBC100C0698190E7F7EBFC67
:108D4000839182909DED820BF2F766FE8DED840B90
:108D50009FEDFE0B53EC102B9DED840B51EC100B93
:108D6000E7F7ECFC22D3869800EBC0010DF54050EC
:108D7000D0F8880500F5CC6000EBC1008169084699
:108D80008191E7F7C8FC839182909DED820BF2F709
:108D900043FE8DED840B9FEDED0B53EC102B9DED01
:108DA000840B51EC100BE7F7C9FC06D29FEDE90AE2
:108DB0000DF5505080ED4B0A12E043F248516944E2
:108DC000A1F11800F7F7D2FD8DED840B9DED840B1A
:108DD00051EC100BE7F7E2FC0DF54051C1F82C0502
:108DE000869800EBC0010DF54050D0F8880500F5DD
:108DF000CC6010F83100FF285FD0869800EBC001EE
:108E00000DF54050D0F8880500F5CC6010F8310021
:108E1000F0B3869800EBC0010DF54050D0F88805FE
:108E200000F5CC6010F8311008467F91E7F72EFC72
:108E30009FEDC90B53EC102B819180909DED800B21
:108E400051EC100BE7F794FB839182909DED820B20
:108E500051EC100BE7F7A2FC0DF540518590D1F8CD
:108E60008805C06C7F90E7F700FC819180900DF53C
:108E7000505090ED4E0B8DED7E0B9DED800B53EC25
:108E8000102B9DED7E0B51EC100BE7F771FB00E012
:108E900013E0839182909DED820B51EC100BE7F76C
:108EA0007DFC8490DDED850A9DED840AFDF70EFFC3
:108EB0000DF5505181ED4A0A05E09FEDA60A0DF52A
:108EC000505080ED4A0AA648006800287ED0869857
:108ED00000EBC0010DF54050D0F8880500F5CC60DE
:108EE00010F831100A4685919EA18FA8F2F736FD41
:108EF00001460DF54050C0F82015D0F88C0570B132
:108F00000DF54050D0F88C0501690DF54050859164
:108F10008FA9D0F82025D0F88C05859B9847869896
:108F200000EBC0010DF54050D0F8880500F5CC608D
:108F300000EBC100016908466D91E7F7ECFB8591F4
:108F400084900DF54050D0F88805016D08466D916C
:108F5000E7F7E1FB839182900DF54050D0F82805AA
:108F6000E7F7D9FB81918090869800EBC0010DF561
:108F70004050D0F8880500F5CC6000EBC100816A54
:108F800008466D91E7F7C7FB7F917E90869800EBCE
:108F9000C0010DF54050D0F8880500F5CC6000EB1D
:108FA000C100416A08466D91E7F7B5FB7D917C9061
:108FB000869800EBC0010DF54050D0F8880500F50B
:108FC000CC6000EBC100016A084600E01CE16D9135
:108FD000E7F7A1FB7B917A90869800EBC0010DF535
:108FE0004050D0F8880500F5CC6000EBC1008169E5
:108FF00008466D91E7F78FFB79917890869800EBA2
:10900000C0010DF54050D0F8880500F5CC6000EBAC
:10901000C100C16808466D91E7F77DFB77917690B6
:10902000869800EBC0010DF54050D0F8880500F59A
:10903000CC6000EBC100816908466D91E7F76BFBDE
:1090400075917490869800EBC0010DF54050D0F8F2
:10905000880500F5CC6000EBC100816808466D9181
:10906000E7F759FB73917290869800EBC0010DF5FC
:109070004050D0F8880500F5CC6000EBC100C16914
:1090800008466D91E7F747FB719170900DF54050E0
:10909000D0F82C05E7F73FFB6F916E908599849887
:1090A000CDE92A0183998298CDE928018199809898
:1090B000CDE926010DF54050B0F87C15B0F87A25C1
:1090C000B0F87805CDE923212290869800EBC00105
:1090D0000DF54050D0F8880500F5CC6000EBC100DC
:1090E00090ED100B8DED200B869800EBC0010DF577
:1090F0004050D0F8880500F5CC6000EBC10090ED41
:109100000E0B8DED1E0B869800EBC0010DF5405047
:10911000D0F8880500F5CC6000EBC10090ED0C0B99
:109120008DED1C0B7F997E98CDE91A017D997C9875
:10913000CDE918017B997A9800E0FCE3CDE91601AE
:1091400079997898CDE91401779915E08DEDB5A05E
:10915000F7C6B03E000000000000000000E06F40D5
:10916000D40D00200D0A6C6576656C20202020202F
:1091700020203A2025640A007698CDE912017599DD
:109180007498CDE9100173997298CDE90E010DF52F
:10919000505090ED500B8DED0C0B90ED4E0B8DED76
:1091A0000A0B90ED4C0B8DED080B90ED560B8DEDF1
:1091B000060B90ED540B8DED040B90ED520B8DEDE5
:1091C000020B71997098CDE900019DED6E0B53EC87
:1091D000102BFE498FA8F2F7C1FB01460DF5405058
:1091E000C0F82015D0F88C0570B10DF54050D0F8BE
:1091F0008C0501690DF5405085918FA9D0F8202587
:10920000D0F88C05859B98478698C1B20DF54050E3
:10921000859100F5A66200F5B1610AC98598F4F759
:10922000F1FC012870D1869800EBC0010DF540508B
:10923000D0F8880500F5CC6000EBC100D0ED070A3E
:109240000DF5505090ED4B0AF4EEC00AF1EE10FA15
:109250005ADBDF48006840B3869800EBC0010DF58B
:109260004050D0F8880500F5CC6010F831100B465E
:109270008591D8A18FA8869AF2F770FB01460DF56B
:109280004050C0F82015D0F88C0570B10DF5405055
:10929000D0F88C0501690DF5405085918FA9D0F863
:1092A0002025D0F88C05859B9847D148006840B1AF
:1092B00087AB59220DF540508699D0F88805EDF717
:1092C000E8FE002085901AE043F2785169448598C1
:1092D00031F810200DF54050D0F88805036C8599C1
:1092E000869803FB01010DF54050D0F8880500F287
:1092F0005A2020F811208598401CC1B2859185988C
:109300000328E1DBFDE3FFE7869800EBC0010DF5E4
:109310004050D0F8880500F5CC6000EBC100D0EDDE
:10932000070A0DF5505090ED4B0AF4EEC00AF1EE2D
:1093300010FA18D2AFA18FA8F2F710FB0DF540512B
:10934000C1F82005D1F88C0568B10846D0F88C0525
:1093500001690DF5405085918FA9D0F82025D0F8EE
:109360008C05859B984700208590FDE30DF54050C6
:109370008599D0F8880581640DF54050D0F82C050A
:10938000E7F7C9F9839182900DF5405000F5B1607F
:1093900003C80DF23C62CDE9002002910DF540506A
:1093A000D0F81C05C1B281919DED820B0B4643F2B2
:1093B00060526A44A2F1300101F11800FBF71EFB74
:1093C000002084901AE043F260516944849801EBD4
:1093D000C00090ED000B8DED820B9DED820B51ECEA
:1093E000100BE7F77FF981B243F278526A44849810
:1093F00022F810108498401CC1B2849184980328EC
:10940000E1DB82480068A8B10DF54051D1F888052C
:10941000006C401E84900846D0F8880500F5805006
:10942000D0F86418839143F278516944839A849800
:10943000904736E0869800EBC0010DF54050D0F81B
:10944000880500F5CC6010F8311084914FF400715C
:1094500004A8E6F701FF0DF54050D0F8880500F5A7
:109460008050D0F8681804A803918847849A114660
:109470001046EDF751F90DF54050D0F88805416CD4
:109480000DF540500391D0F8880500F58050D0F8D4
:109490006418029143F278516944DDE90220904753
:1094A00000BF869800EBC0020DF54051D1F8880549
:1094B00000F5CC6000EBC20030308490869800EB61
:1094C000C002D1F8880500F5CC6000EBC2004078FE
:1094D0008390D1F8880500F58050D0F86C0801F52C
:1094E000A6628290829B849983989847869800EB25
:1094F000C0010DF54053D3F8880500F5CC6000EBB2
:10950000C10080888490EAF76DFD869800EBC00268
:109510000DF54051D1F8880500F5CC6000EBC20094
:1095200030308490869800EBC0010DF54050D0F8A3
:10953000880500F5CC6000EBC10081780DF5405046
:109540008391D0F8880500F58050D0F86C1843F26C
:1095500030526A448291829B849983989847002074
:1095600084905EE043F260516944849801EBC0004E
:1095700090ED000B8DED820B9DED820B51EC100BED
:10958000E7F70CF90146859800EB4002849800EB60
:1095900042000DF23C6242F8201043F2305169441F
:1095A000849801EBC00090ED000B8DED820B9DEDDA
:1095B000820B51EC100BE7F7F1F80146859800EBB0
:1095C0004000032202EB4002849821E03C3603086D
:1095D000D40D00200A6E756D3A202564202C6C6530
:1095E0006176653A20256420206F6B0A0000000038
:1095F000DC0D0020636865636B2020202020202084
:109600003A204465204E470D0A000000D80D002086
:1096100010440DF23C6242F820108498401CC1B204
:109620008491849803289DDB869800EBC0010DF59A
:109630004050D0F8880500F5CC6000EBC100C1694E
:1096400008467F91E7F767F8819180909DED800B48
:10965000F2F7E2F98DED820B9FEDFE0B53EC102B30
:109660009DED820B51EC100BE7F768F822D386983A
:1096700000EBC0010DF54050D0F8880500F5CC6036
:1096800000EBC100816908467F91E7F744F88191BA
:1096900080909DED800BF2F7BFF98DED820B9FED71
:1096A000ED0B53EC102B9DED820B51EC100BE7F7FB
:1096B00045F806D29FEDE90A0DF5505080ED4B0AB2
:1096C00012E043F248516944A1F11800F7F74EF94E
:1096D0008DED820B9DED820B51EC100BE7F75EF8E0
:1096E0000DF54051C1F82C05869800EBC0010DF531
:1096F0004050D0F8880500F5CC6010F83100FF2804
:1097000060D0869800EBC0010DF54050D0F8880578
:1097100000F5CC6010F83100E8B3869800EBC0018A
:109720000DF54050D0F8880500F5CC6010F83110E8
:1097300008467D91E6F7AAFF9FEDC90B53EC102B6D
:109740007F917E909DED7E0B51EC100BE6F710FFA4
:10975000819180909DED800B51EC100BE7F71EF886
:1097600084900DF54050D0F88805C16C08467D9175
:10977000E6F77BFF7F917E900DF5505090ED4E0BFC
:109780008DED7C0B9DED7E0B53EC102B9DED7C0B3A
:1097900051EC100B00E015E0E6F7EAFE81918090B5
:1097A0009DED800B51EC100BE6F7F8FF8390DDED9B
:1097B000840A9DED830AFDF789FA0DF5505181ED7C
:1097C0004A0A05E09FEDA50A0DF5505080ED4A0AC2
:1097D000A548006800287DD0869800EBC0010DF5F3
:1097E0004050D0F8880500F5CC6000EBC10001695D
:1097F00008466B91E6F78FFF839182900DF54050FC
:10980000D0F88805016D08466B91E6F784FF8191D9
:1098100080900DF54050D0F82805E6F77CFF7F9149
:109820007E90869800EBC0010DF54050D0F8880579
:1098300000F5CC6000EBC100816A08466B91E6F749
:109840006AFF7D917C90869800EBC0010DF5405039
:10985000D0F8880500F5CC6000EBC100416A0846ED
:109860006B91E6F758FF7B917A90869800EBC001E8
:109870000DF54050D0F8880500F5CC6000EBC10034
:10988000016A08466B91E6F746FF799178908698D1
:1098900000EBC0010DF54050D0F8880500F5CC6014
:1098A00000EBC100816908466B91E6F734FF7791C0
:1098B0007690869800EBC0010DF54050D0F88805F1
:1098C00000F5CC6000EBC100C16808466B91E6F77B
:1098D00022FF00E0F2E075917490869800EBC001E1
:1098E0000DF54050D0F8880500F5CC6000EBC100C4
:1098F000816908466B91E6F70EFF73917290869826
:1099000000EBC0010DF54050D0F8880500F5CC60A3
:1099100000EBC100816808466B91E6F7FCFE71918F
:109920007090869800EBC0010DF54050D0F8880586
:1099300000F5CC6000E0AFE100EBC100C169084672
:109940006B91E6F7E8FE6F916E900DF54050D0F800
:109950002C05E6F7E0FE6D916C9083998298CDE935
:109960002C0181998098CDE92A017F997E98CDE9D3
:1099700028010DF54050B0F87C15B0F87A25B0F804
:109980007805CDE925212490869800EBC0010DF5DE
:109990004050D0F8880500F5CC6000EBC10090ED98
:1099A000100B8DED220B869800EBC0010DF5405099
:1099B000D0F8880500F5CC6000EBC10090ED0E0BEF
:1099C0008DED200B869800EBC0010DF54050D0F8CE
:1099D000880500F5CC6000EBC10090ED0C0B8DED1F
:1099E0001E0B7D997C98CDE91C017B997A98CDE975
:1099F0001A0179997898CDE9180177997698CDE987
:109A0000160175997498CDE9140173997298CDE98E
:109A1000120171997098CDE910010DF5505090ED3B
:109A2000500B8DED0E0B90ED4E0B8DED0C0B90ED64
:109A30004C0B8DED0A0B90ED560B8DED080B90ED58
:109A4000540B8DED060B90ED520B8DED040B6F99C1
:109A50006E980BE08DEDB5A0F7C6B03E000000009B
:109A60000000000000E06F40D40D0020CDE90201AD
:109A70006D996C98CDE900010DF54050D0F888053E
:109A8000816C0A466B91C3498FA8F1F767FF0146C5
:109A90000DF54050C0F82015D0F88C0570B10DF5CB
:109AA0004050D0F88C0501690DF5405084918FA984
:109AB000D0F82025D0F88C05849B98478698C1B2B1
:109AC0000DF54050849100F5A66200F5B1610AC918
:109AD0008498F4F797F8012875D1869800EBC001B7
:109AE0000DF54050D0F8880500F5CC6000EBC100C2
:109AF000D0ED070A0DF5505090ED4B0AF4EEC00A78
:109B000000E0C6E0F1EE10FA5DDBA348006848B360
:109B1000869800EBC0010DF54050D0F8880500F59F
:109B2000CC6010F831100B468491AFF258518FA8D9
:109B3000869AF1F713FF01460DF54050C0F8201545
:109B4000D0F88C0570B10DF54050D0F88C05016946
:109B50000DF5405084918FA9D0F82025D0F88C05C0
:109B6000849B98478D4800E081E0006840B187AB56
:109B700059220DF540508699D0F88805EDF789FAFD
:109B8000002084901AE043F278516944849831F8B7
:109B900010200DF54050D0F88805036C8499869804
:109BA00003FB01010DF54050D0F8880500F25A2062
:109BB00020F811208498401CC1B284918498032815
:109BC000E1DB64E0FFE7869800EBC0010DF5405053
:109BD000D0F8880500F5CC6000EBC100D0ED070A95
:109BE0000DF5505090ED4B0AF4EEC00AF1EE10FA6C
:109BF00019D2AFF200618FA8F1F7B0FE0DF5405118
:109C0000C1F82005D1F88C0568B10846D0F88C055C
:109C100001690DF5405084918FA9D0F82025D0F826
:109C20008C05849B9847869800EBC0010DF5405049
:109C3000D0F8880500F5CC6000EBC100C06A401E7A
:109C4000859988420FDC5548006840B187AB4E22A9
:109C50000DF540508699D0F88805EDF71AFA4FF0C7
:109C6000FF30FEF778BE8598401CC1B2859186987A
:109C700000EBC0010DF54050D0F8880500F5CC6030
:109C800000EBC100C16A859881423FF76FAB00BF0E
:109C900000BF8698401E8690869800283EF74FAEFB
:109CA0003D480068E8B30DF540503DA1D0F8882547
:109CB0008FA8F1F753FE01460DF54050C0F820156E
:109CC000D0F88C0501690DF5405086918FA90346A7
:109CD000D0F82025D3F88C05869B984701208690E4
:109CE0004AE08698411E0DF54050D0F8880500F2F4
:109CF0005A2030F811100A4685912BA18FA8F1F750
:109D00002DFE01460DF54050C0F82015D0F88C0509
:109D100001690DF5405085918FA90346D0F82025A3
:109D200000E034E0D3F88C05859B98470DF540534F
:109D3000D3F88805016C869890FBF1F201FB1200C4
:109D4000B8B98698A8B119A18FA8F1F707FE0DF54B
:109D50004051C1F820050846D0F88C0501690DF581
:109D6000405085918FA9D0F82025D0F88C05859B8F
:109D700098478698401C86900DF54051D1F888058B
:109D8000006C00EB4000401C86998842A9DC012051
:109D900067E70000343D0308D40D0020DC0D0020EF
:109DA0000D0A25733A0D0A0025642C000D0A0000E7
:109DB00003B52DED020BADF21C7D24210DF2B46034
:109DC000E6F74AFA0020CDF8B0064FF48061A5A866
:109DD000E6F742FA802185A8E6F73EFA0120CDF8A1
:109DE0009806F648006868B1F548F6A1026885A8AB
:109DF000F1F7B4FDF44985A8EFF7F6F9F3A185A8CA
:109E0000EFF7F2F94FF4FF71DDF8240700F25A2062
:109E1000E6F722FADDF8240700F58050D0F868084C
:109E20008490DDF8240700F25A2084998847DDF8F1
:109E30002407006C411EDDF824075C3030F8110067
:109E4000CDF80807DDF82407006C4100491EDDF855
:109E500024075C3030F81100CDF80C07DDF824073A
:109E6000006C00EB4001491EDDF824075C3030F83F
:109E70001100CDF81007DDF82407006C411EDDF855
:109E800024075C3030F81100ADF81407DDF8240722
:109E9000006C4100491EDDF824075C3030F81100E9
:109EA000ADF81607DDF82407006C00EB4001491EF1
:109EB000DDF824075C3030F81100ADF81807DDF844
:109EC0002407006C401E8490F9E3DDF82417849881
:109ED00048648498C0B20DF5DE628390DDF82417E3
:109EE000FBF732F8BA48006888B1DDF82407006C47
:109EF000401E8390DDF8240700F58050D0F86408F8
:109F00000DF214718290829A839890472EE0849883
:109F100000EBC001DDF8240700F5CC6010F831003B
:109F200083904FF4007103A8E6F796F9DDF8240753
:109F300000F58050D0F86808029003A8029988477D
:109F4000839A11461046ECF7E7FBDDF82407406CD6
:109F50000290DDF8240700F58050D0F864080DF277
:109F600014710190DDE90120904700BF849800EB57
:109F7000C001DDF8240700F5CC6000EBC1003030F3
:109F80008390849800EBC001DDF8240700F5CC60D5
:109F900000EBC10040788290DDF8240700F5805086
:109FA000D0F86C080DF5DB628190819B83998298D3
:109FB0009847849800EBC001DDF8240700F5CC60D9
:109FC00000EBC10080888390EAF70CF8849800EBDE
:109FD000C001DDF8240700F5CC6000EBC100303093
:109FE0008390849800EBC001DDF8240700F5CC6075
:109FF00000EBC10080788290DDF8240700F58050E6
:10A00000D0F86C080DF5DB628190819B8399829872
:10A010009847849800EBC001DDF8240700F5CC6078
:10A0200000EBC100C0697F90E6F775FB81918090DD
:10A030009DED800BF1F7F0FC8DED820B9FED650B34
:10A0400053EC102B9DED820B51EC100BE6F776FBD9
:10A050001FD3849800EBC001DDF8240700F5CC6025
:10A0600000EBC10080697F90E6F755FB81918090FD
:10A070009DED800BF1F7D0FC8DED820B9FED550B24
:10A0800053EC102B9DED820B51EC100BE6F756FBB9
:10A0900006D29FED520A0DF5806080EDAB0A0FE00D
:10A0A0000DF5DE610DF5DB60F6F760FC8DED820BE2
:10A0B0009DED820B51EC100BE6F770FBCDF8AC0672
:10A0C000849800EBC001DDF8240700F5CC6010F89F
:10A0D0003100FF2870D0849800EBC001DDF8240720
:10A0E00000F5CC6010F83100002865D0849800EBB2
:10A0F000C001DDF8240700F5CC6010F831007B903A
:10A10000E6F7C4FA9FED360B53EC102B7D917C9053
:10A110009DED7C0B51EC100BE6F7B8F99FED320B7F
:10A1200053EC102B7F917E909DED7E0B51EC100B2C
:10A13000E6F71EFA819180909DED800B51EC100B9B
:10A14000E6F72CFB8390DDF82407C16C08467B9171
:10A15000E6F78BFA9FED220B53EC102B7D917C9050
:10A160009DED7C0B51EC100BE6F790F97F917E9002
:10A170000DF5806090EDB80B8DED7C0B9DED7E0BA9
:10A1800053EC102B9DED7C0B51EC100BE6F7F0F926
:10A19000819180909DED800B51EC100BE6F7FEFA5B
:10A1A0008290DDED830A9DED820AFCF757FD0DF5E7
:10A1B000806181EDAA0A21E01AE00000DC0D002098
:10A1C000E00D002025730000B00D00200D0A0000F6
:10A1D000D80D00208DEDB5A0F7C6B03E0000000000
:10A1E000000000000000F03F0000000000E06F40B1
:10A1F0001FED060A0DF5806080EDAA0AFE48006892
:10A2000000287DD0849800EBC001DDF8240700F51C
:10A21000CC6010F831000246F8A18390A5A8F1F7B0
:10A220009DFBCDF89406DDF8280750B1DDF828072E
:10A2300000698390A5A9839BDDF89426DDF82807A3
:10A240009847849800EBC001DDF8240700F5CC6046
:10A2500000EBC10000696B90E6F75DFA8391829094
:10A26000DDF82407016D08466B91E6F754FA8191F9
:10A270008090DDF8A806E6F74EFA7F917E908498EC
:10A2800000EBC001DDF8240700F5CC6000EBC10055
:10A29000816A08466B91E6F73EFA7D917C9084983E
:10A2A00000EBC001DDF8240700F5CC6000EBC10035
:10A2B000416A08466B91E6F72EFA7B917A90849872
:10A2C00000EBC001DDF8240700F5CC6000EBC10015
:10A2D000016A08466B91E6F71EFA799178908498A6
:10A2E00000EBC001DDF8240700F5CC6000EBC100F5
:10A2F000816908466B91E6F70EFA7791769000E057
:10A30000D3E0849800EBC001DDF8240700F5CC60B1
:10A3100000EBC100C16808466B91E6F7FCF9759146
:10A320007490849800EBC001DDF8240700F5CC6040
:10A3300000EBC100816908466B91E6F7ECF9739177
:10A340007290849800EBC001DDF8240700F5CC6022
:10A3500000EBC100816808466B91E6F7DCF971916A
:10A360007090849800EBC001DDF8240700F5CC6004
:10A3700000EBC100C16908466B91E6F7CCF96F911B
:10A380006E90DDF8AC06E6F7C6F96D916C90839996
:10A390008298CDE92A0181998098CDE928017F9999
:10A3A0007E98CDE92601BDF81817BDF81607BDF84F
:10A3B0001427CDE922202491849800EBC001DDF818
:10A3C000240700F5CC6000EBC10090ED100B8DED83
:10A3D000200B849800EBC001DDF8240700F5CC6069
:10A3E00000EBC10090ED0E0B8DED1E0B849800EB81
:10A3F000C001DDF8240700F5CC6000EBC10090ED52
:10A400000C0B8DED1C0B7D997C98CDE91A017B9985
:10A410007A98CDE9180179997898CDE9160177995C
:10A420007698CDE9140175997498CDE91201739964
:10A430007298CDE9100171997098CDE90E010DF572
:10A44000806090EDBA0B8DED0C0B90EDB80B8DED9F
:10A450000A0B90EDB60B8DED080B90EDC00B8DED5A
:10A46000060B90EDBE0B8DED040B90EDBC0B8DED4E
:10A47000020B6F996E98CDE900019DED6C0B53ECCA
:10A48000102B6349A5A8F1F769FACDF89406DDF819
:10A49000280750B1DDF8280700698390A5A9839BA0
:10A4A000DDF89426DDF8280798478498C0B2839099
:10A4B0000DF5DB620DF224710AC9F3F7A3FB002846
:10A4C0007EDD849800EBC001DDF8240700F5CC6048
:10A4D00000EBC100D0ED070A0DF5806090EDAB0AEE
:10A4E000F4EEC00AF1EE10FA6ADB43480068F8B1F6
:10A4F000849800EBC001DDF8240700F5CC6010F86B
:10A5000031000346839043A1A5A8849AF1F726FA67
:10A51000CDF89406DDF8280750B1DDF8280700696A
:10A520008390A5A9839BDDF89426DDF8280798473A
:10A530003F48006830B185AB59228499DDF8240783
:10A54000ECF7A7FD0020839037E0DDF82407416C8D
:10A55000006C401E81422DD0DDF82407406C401C69
:10A56000DDF824170A6C839902FB0101DDF824074A
:10A5700000F25A2030F811200DF21471839831F84E
:10A580001000824216DCDDF82407406C401CDDF828
:10A5900024170A6C839902FB0101DDF8240700F2FD
:10A5A0005A2030F81100401E81B20DF214728398C7
:10A5B00022F810108398401C83908398032800E0B1
:10A5C00052E0C2DBDDF82407006C401E849988420B
:10A5D0000ED10DF5806090EDB80B8DED820B9DEDE9
:10A5E000820B51EC100BE6F75EF8DDF82417C86417
:10A5F0000020839034E00000D40D00200D0A6C652B
:10A6000076656C202020202020203A2025640A0036
:10A610003C3603080A74696D65733A202564202C62
:10A620006C656176653A20256420206F6B0A000016
:10A63000DC0D00200DF21471839831F81020DDF844
:10A640002407036C8499839803FB0011DDF8240729
:10A6500000F25A2020F811208398401CC0B2839049
:10A6600083980328E6DBFCE3849800EBC001DDF867
:10A67000240700F5CC6000EBC100D0ED070A0DF512
:10A68000806090EDAB0AF4EEC00AF1EE10FA13D23E
:10A69000FEA1A5A8F1F762F9CDF89406DDF8280728
:10A6A00050B1DDF8280700698390A5A9839BDDF8E8
:10A6B0009426DDF82807984700208390FDE3FDE30A
:10A6C000DDF8241783988864002082903CE00DF523
:10A6D000DB61829801EBC00090ED000B8DED7E0BED
:10A6E0001831829801EBC00090ED000B8DED7C0BD2
:10A6F0009DED7E0B53EC102B9DED7C0B51EC100B64
:10A70000E5F7BEFE819180909DED800B51EC100B22
:10A71000E6F744F80DF29C62829942F82100114656
:10A72000829801EB8000D0ED000A0DF5806090ED7D
:10A73000C70A20EE800A829801EB800080ED000AB3
:10A740008298401CC0B2829082980328BFDBEBE065
:10A750000020829081908090C5E00DF29C618098ED
:10A7600001EB800090ED000AB5EEC00AF1EE10FAA0
:10A7700005D2DDF89806401CCDF8980604E0DDF817
:10A780009806401FCDF89806DDF898060C2819DDCC
:10A790000C20CDF898060DF5806090EDC70ADFED2E
:10A7A000C10A20EE200A80EDC70A90EDC70ADFED4E
:10A7B000BE0AB4EEE00AF1EE10FA03DD9FEDBA0A2C
:10A7C00080EDC70A0DF29C61809801EB800090ED4E
:10A7D000000ADFEDB60AB4EEE00AF1EE10FA06DD8B
:10A7E0009FEDB20A809801EB800080ED000A0DF227
:10A7F0009C61809801EB800090ED000ADFEDAC0ACF
:10A80000B4EEE00AF1EE10FA06D29FEDA90A8098A4
:10A8100001EB800080ED000A0DF29C61809851F8F8
:10A8200020007B90E5F777FF7D917C909DED7C0B80
:10A83000F2F78AF98DED7E0B9DED7E0B51EC100B3E
:10A84000E5F731FF8290829810B18198401C819089
:10A850000DF29C61809851F8201008467D91E5F733
:10A860005AFF7F917E909DED7E0BF1F7C5FA014670
:10A870000DF5E162809852F820000144809842F87A
:10A8800020101146809851F82010DDF82407406D03
:10A89000814205DDDDF82407416D809842F82010E3
:10A8A0000DF5E161809851F82010DDF82407806DE6
:10A8B000814207DADDF824070DF5E162816D8098A9
:10A8C00042F820100DF5E161809851F82000002831
:10A8D00005DA00210DF5E162809842F82010809899
:10A8E000401CC0B2809080980328FFF636AF819854
:10A8F00000B11AE00020809012E00DF29C61809877
:10A9000001EB800090ED000ADFED6A0A20EE200ADC
:10A91000809801EB800080ED000A8098401C8090B8
:10A9200080980328E9DB00BF12E700BF0020829077
:10A9300036E0DDF82407416C006C401E81422CD0CB
:10A94000DDF82407406C401CDDF824170A6C82995E
:10A9500002FB0101DDF8240700F25A2030F8111043
:10A960000DF5E162829852F82000814215DCDDF895
:10A970002407406C401CDDF824170A6C829902FB06
:10A980000101DDF8240700F25A2030F81100401EC2
:10A990000DF5E162829942F821008298401C829074
:10A9A00082980328C5DB0DF2B4610DF5E160F9F77B
:10A9B000F5FD002082901CE00DF5E161829831F8F0
:10A9C000200081B20DF21472829822F810100DF559
:10A9D000E161829851F82010DDF8B00600EB4000EC
:10A9E000603A02EB8002829842F820108298401C64
:10A9F000829082980328DFDBDDF8B006401CCDF89A
:10AA0000B006022802DD0020CDF8B0062A48006812
:10AA100088B1DDF82407006C401E8290DDF8240721
:10AA200000F58050D0F864080DF214718190819A7D
:10AA30008298904747E0849800EBC001DDF8240736
:10AA400000F5CC6010F8310082904FF4007102A83C
:10AA5000E5F702FCDDF8240700F58050D0F868081F
:10AA6000019002A801998847829A11461046EBF797
:10AA700053FEDDF82407406C0190DDF8240700F553
:10AA80008050D0F864080DF2147117E063686563B4
:10AA90006B202020202020203A204465204E470DA6
:10AAA0000A0000000AD7833F0000484300004842E4
:10AAB000000048C29A99993FD80D00200090DDE926
:10AAC0000020904700BF849800EBC001DDF8240708
:10AAD00000F5CC6000EBC10030308290849800EB30
:10AAE000C001DDF8240700F5CC6000EBC100407820
:10AAF0008190DDF8240700F58050D0F86C080DF542
:10AB0000DB628090809B829981989847849800EBC3
:10AB1000C001DDF8240700F5CC6000EBC10080889F
:10AB20008290E9F75FFA849800EBC001DDF8240712
:10AB300000F5CC6000EBC10030308290849800EBCF
:10AB4000C001DDF8240700F5CC6000EBC10080787F
:10AB50008190DDF8240700F58050D0F86C080DF5E1
:10AB6000DB628090809B829981989847849800EB63
:10AB7000C001DDF8240700F5CC6000EBC100C0691E
:10AB80007D90E5F7C8FD7F917E909DED7E0BF0F7FF
:10AB900043FF8DED800B9FEDFE0B53EC102B9DEDD5
:10ABA000800B51EC100BE5F7C9FD1FD3849800EB27
:10ABB000C001DDF8240700F5CC6000EBC10080691E
:10ABC0007D90E5F7A8FD7F917E909DED7E0BF0F7DF
:10ABD00023FF8DED800B9FEDEE0B53EC102B9DEDC5
:10ABE000800B51EC100BE5F7A9FD06D29FEDEA0AA8
:10ABF0000DF5806080EDAB0A0FE00DF5DE610DF51F
:10AC0000DB60F5F7B3FE8DED800B9DED800B51EC15
:10AC1000100BE5F7C3FDCDF8AC06849800EBC0013E
:10AC2000DDF8240700F5CC6010F83100FF2871D062
:10AC3000849800EBC001DDF8240700F5CC6010F823
:10AC40003100E0B3849800EBC001DDF8240700F583
:10AC5000CC6010F831007990E5F718FD9FEDCF0B2F
:10AC600053EC102B7B917A909DED7A0B51EC100BED
:10AC7000E5F70CFC9FEDCB0B53EC102B7D917C90FA
:10AC80009DED7C0B51EC100BE5F772FC7F917E90F3
:10AC90009DED7E0B51EC100BE5F780FD8290DDF809
:10ACA0002407C16C08467991E5F7DFFC9FEDBB0BEB
:10ACB00053EC102B7B917A909DED7A0B00E029E00C
:10ACC00051EC100BE5F7E2FB7D917C900DF5806077
:10ACD00090EDB80B8DED7A0B9DED7C0B53EC102BAA
:10ACE0009DED7A0B51EC100BE5F742FC7F917E90C5
:10ACF0009DED7E0B51EC100BE5F750FD8190DDEDE5
:10AD0000820A9DED810AFBF7A9FF0DF5806181EDB7
:10AD1000AA0A05E09FEDA00A0DF5806080EDAA0A61
:10AD2000A248006800287DD0849800EBC001DDF8BF
:10AD3000240700F5CC6000EBC10000696790E5F7DF
:10AD4000EAFC81918090DDF82407016D0846679147
:10AD5000E5F7E1FC7F917E90DDF8A806E5F7DBFCE6
:10AD60007D917C90849800EBC001DDF8240700F50C
:10AD7000CC6000EBC100816A08466791E5F7CBFC27
:10AD80007B917A90849800EBC001DDF8240700F5F0
:10AD9000CC6000EBC100416A08466791E5F7BBFC57
:10ADA00079917890849800EBC001DDF8240700F5D4
:10ADB000CC6000EBC100016A08466791E5F7ABFC87
:10ADC00077917690849800EBC001DDF8240700F5B8
:10ADD000CC6000EBC100816908466791E5F79BFCF8
:10ADE00075917490849800EBC001DDF8240700F59C
:10ADF000CC6000EBC100C16808466791E5F78BFCA9
:10AE000073917290849800EBC001DDF8240700F57F
:10AE1000CC6000EBC100816908466791E5F77BFCD7
:10AE2000719100E0D8E07090849800EBC001DDF8EB
:10AE3000240700F5CC6000EBC100816808466791EB
:10AE4000E5F769FC6F916E90849800EBC001DDF826
:10AE5000240700F5CC6000EBC100C169084667918A
:10AE600000E0B7E1E5F757FC6D916C90DDF8AC06BA
:10AE7000E5F751FC6B916A90DDF81C07E5F74BFC98
:10AE80006991689081998098CDE92E017F997E988B
:10AE9000CDE92C017D997C98CDE92A01BDF81807F0
:10AEA000BDF81617BDF81427CDE9262128908498FF
:10AEB00000EBC001DDF8240701E07BE18DE100F546
:10AEC000CC6000EBC10090ED100B8DED240B84984D
:10AED00000EBC001DDF8240700F5CC6000EBC100F9
:10AEE00090ED0E0B8DED220B849800EBC001DDF888
:10AEF000240700F5CC6000EBC10090ED0C0B8DED4C
:10AF0000200B7B997A98CDE91E0179997898CDE943
:10AF10001C0177997698CDE91A0175997498CDE955
:10AF2000180173997298CDE9160171997098CDE95D
:10AF300014016F996E98CDE912010DF5806090EDC6
:10AF4000BA0B8DED100B90EDB80B8DED0E0B90ED57
:10AF5000B60B8DED0C0B90EDC00B8DED0A0B90ED4B
:10AF6000BE0B8DED080B90EDBC0B8DED060B6D99B6
:10AF70006C98CDE904016B996A98CDE90201699951
:10AF80006898CDE900010A49A5A8839A12E000005B
:10AF90008DEDB5A0F7C6B03E000000000000000037
:10AFA0000000F03F0000000000E06F40D40D0020E2
:10AFB00088340308F0F7D2FCCDF89406DDF82807B2
:10AFC00050B1DDF8280700698290A5A9829BDDF8C1
:10AFD0009426DDF8280798478498C0B282900DF532
:10AFE000DB620DF224710AC9F2F70CFE002874DD51
:10AFF000849800EBC001DDF8240700F5CC6000EB7D
:10B00000C100D0ED070A0DF5806090EDAB0AF4EEBB
:10B01000C00AF1EE10FA60DBA9480068F8B1849824
:10B0200000EBC001DDF8240700F5CC6010F831001A
:10B0300003468290A3A1A5A8849AF0F78FFCCDF8CF
:10B040009406DDF8280750B1DDF8280700698290E2
:10B05000A5A9829BDDF89426DDF828079847A0482B
:10B06000006830B185AB59228499DDF82407ECF7EC
:10B0700010F8DDF82407006C401E849988420ED138
:10B080000DF5806090EDB80B8DED800B9DED800B84
:10B0900051EC100BE5F707FBDDF82417C86400201E
:10B0A000829015E00DF21471829831F81020DDF8CD
:10B0B0002407036C8499829803FB0011DDF82407B0
:10B0C00000F25A2020F811208298401CC0B28290D1
:10B0D00082980328E6DB7BE0FFE7849800EBC00161
:10B0E000DDF8240700F5CC6000EBC100D0ED070AC5
:10B0F0000DF5806090EDAB0AF4EEC00AF1EE10FAA7
:10B1000014D2AFF27861A5A8F0F728FCCDF8940628
:10B11000DDF8280750B1DDF8280700698290A5A95D
:10B12000829BDDF89426DDF828079847849800EB89
:10B13000C001DDF8240700F5CC6000EBC100C06A57
:10B14000801E8399884231DA5D480068F8B184989E
:10B1500000EBC001DDF8240700F5CC6010F83100E9
:10B16000034682905FA1A5A8849AF0F7F7FBCDF87B
:10B170009406DDF8280750B1DDF8280700698290B1
:10B18000A5A9829BDDF89426DDF828079847544846
:10B19000006830B185AB4E228499DDF82407EBF7C7
:10B1A00078FF4FF0FF300DF22C7D00BD8398401CDE
:10B1B000C0B28390849800EBC001DDF8240700F54D
:10B1C000CC6000EBC100C16A839881423FF778AA46
:10B1D00000BF00BF8498401E8490849800283EF7EA
:10B1E00074AE37480068E0B345A0EBF7C3FF46A153
:10B1F000A5A8DDF82427F0F7B1FBCDF89406DDF81B
:10B20000280700698490A5A9849BDDF89426DDF8C1
:10B2100028079847A5A93E48EDF7E6FF012084904E
:10B2200043E08498411EDDF8240700F25A2030F8EC
:10B230001100024637A18390A5A8F0F78FFBCDF847
:10B240009406DDF8280700698390A5A9839BDDF8A3
:10B250009426DDF828079847A5A92D48EDF7C4FFE7
:10B2600000E02BE0DDF82407016C849890FBF1F2FC
:10B2700001FB1200B0B98498A0B127A1A5A8F0F7EE
:10B280006DFBCDF89406DDF8280700698390A5A929
:10B29000839BDDF89426DDF828079847A5A91C486C
:10B2A000EDF7A2FF8498401C8490DDF82407006C21
:10B2B00000EB4000401C84998842B2DC012072E718
:10B2C000D40D00200A6E756D3A202564202C6C6523
:10B2D0006176653A20256420206F6B0A000000002B
:10B2E000DC0D00200A6E756D3A202564202C6C65FB
:10B2F0006176653A20256420204E470A0000000050
:10B3000031323334353600000D0A25733A0D0A0008
:10B3100088B6002025642C000D0A00002DE9F047B6
:10B3200004460E469146F001A0F500774FF0000864
:10B330000125E1B22A0AC020EBF760F92A46601C19
:10B34000C1B2C020EBF75AF9C7F3014040EA090047
:10B35000042E01D10C2300E0002340EA0302A01CCC
:10B36000C1B2C020EBF74AF9E01CC1B2C7F3072213
:10B37000C020EBF743F9FAB2201DC1B2C020EBF7B1
:10B380003DF905F47020C8F3034343EA1032601D11
:10B39000C1B2C020EBF732F9A01DC1B2C8F3072239
:10B3A000C020EBF72BF908F0FF02E01DC1B2C0206E
:10B3B000EBF724F9BDE8F0872DE9F04704468A460B
:10B3C00016461D4600EE106AF8EE400A00EE105ACE
:10B3D000B8EE401A80EE810ADFED2F0A20EE200A37
:10B3E000BCEEC00A10EE107A802000FB0A70A0F5B7
:10B3F000007700EE106AF8EE400A00EE105AB8EE40
:10B40000400A80EE801A9FED240A21EE000ABCEE6D
:10B41000C00A10EE108AF00105FB1808A946E1B237
:10B42000C9F30722C020EBF7E9F809F0FF02601C1E
:10B43000C1B2C020EBF7E2F8A01CC1B2C7F30142D1
:10B44000C020EBF7DBF8E01CC1B2C7F30722C02035
:10B45000EBF7D4F8FAB2201DC1B2C020EBF7CEF85A
:10B4600009F47020C8F3034343EA1032601DC1B2EF
:10B47000C020EBF7C3F8A01DC1B2C8F30722C0205B
:10B48000EBF7BCF808F0FF02E01DC1B2C020EBF7FB
:10B49000B5F8BDE8F08700000000004338B56A4603
:10B4A000B721C020EBF778F80446002C02DA4FF001
:10B4B000FF3038BD9DF8000000F0C000C02802D069
:10B4C0004FF0FF30F5E70120F3E700002DE9F05FD2
:10B4D0002DED028B0446274D2748B0FBF4F707F00B
:10B4E000010000B17F1E07FB04F82448844202D902
:10B4F00004274FEA8408224EB8FBF5F000F0FF0B5A
:10B50000B8FBF5F005FB108900EE109AB8EE400A82
:10B51000B0EE408A30460021E5F799F800EE100AB7
:10B5200020EE080AB0EE408A00EE105AB8EE400A4B
:10B53000C8EE000AB0EE608ABCEEC80A10EE10AA8F
:10B540003346524659461A20FFF736FF0022394645
:10B550002A20FFF7E3FEA022B121C020EBF74EF82E
:10B560004F221021C020EBF749F8BDEC028BBDE85B
:10B57000F09F000040787D0100E9A43580D1F008FB
:10B58000FFFF0F002DE9F05F2DED028B0646224CE8
:10B590002248B0FBF6F505F0010000B16D1E05FB79
:10B5A00006F7B7FBF4F000F0FF0AB7FBF4F004FB7A
:10B5B000107800EE108AB8EE400AB0EE408A9FED97
:10B5C000180A28EE000AB0EE408A00EE104AB8EEE3
:10B5D000400AC8EE000AB0EE608ABCEEC80A10EE5F
:10B5E000109ADFF840B05B464A4651462220FFF7EA
:10B5F000E3FE002229463220FFF790FEA022B1216F
:10B60000C020EAF7FBFF6F221121C020EAF7F6FF06
:10B61000BDEC028BBDE8F09F40787D0100E9A435C8
:10B62000F0FF7F49FFFF0F0000B52DED048B83B0C5
:10B6300041EC190BE5F77AFC41EC180B18EE100AF7
:10B6400018EE901A8DED008B002818BF01200843DA
:10B6500020F00040C0F17F6000F1E040C00F14D046
:10B6600019EE101A19EE900A8DED009B002918BFF3
:10B670000121084320F00040C0F17F6000F1E0406C
:10B68000C00F04BF0120F1F7FDFB51EC180B03B014
:10B69000BDEC048B00BD000010B50948006868B11E
:10B6A0000848006850B9002005490860E8F7D0FC58
:10B6B0001420E8F797FC01200249086010BD000043
:10B6C000940000209000002030B5014600200B229D
:10B6D00000BF431003EBC01411F8015B6319D8B22B
:10B6E000531E1A1EF5D130BD70B504460021204608
:10B6F000FCF73AF80546002D59D1207803284FD1A0
:10B70000607900284CD00020E0624FF400720021E4
:10B7100004F13000FBF762FF552184F82E12AA21B4
:10B7200084F82F12522084F8300052213120015524
:10B73000612132200155412133200155722184F8C5
:10B74000141284F81512412184F81612612184F82C
:10B750001712217C84F81812208A010A84F8191221
:10B760002069010C84F81A122069010E84F81B125A
:10B77000217B84F81C12A089010A84F81D12E0685C
:10B78000010C84F81E12E068010E84F81F12607824
:10B79000012304F130016269F5F7E5FB00206071D7
:10B7A000607800221146F5F79FFB00B1012528467D
:10B7B00070BD000010B503460BE000BF07480088CD
:10B7C00000F040000028F9D00878044CA080521EF8
:10B7D000491C002AF1DC002010BD000000100140CF
:10B7E00070B504460D4624B1207810B1E088A84217
:10B7F00001D0092070BD6078F5F7B2FB00F00100C0
:10B8000008B10320F6E70020F4E7000070B52DED45
:10B81000088B04460D4694ED001BB0EE410AF0EE95
:10B82000610A9FED421B53EC112B51EC100BE4F716
:10B830009FFE41EC1A0BE4F7B1FF08EE900A94ED7D
:10B84000021BB0EE410AF0EE610A9FED3A1B53EC89
:10B85000112B51EC100BE4F78BFE41EC1A0BE4F7C3
:10B860009DFF08EE100A94ED041BB0EE410AF0EEC5
:10B87000610A9FED321B53EC112B51EC100BE4F7D6
:10B8800077FE41EC1A0BE4F789FF09EE100AB0EEDF
:10B89000680AFCF79FFFF0EE408AB0EE480AFCF71A
:10B8A00099FFB0EE408AB0EE490AFCF793FFB0EE84
:10B8B000409A18EE100AE4F72EFF41EC1B0B9FEDA7
:10B8C000210B53EC102BE4F7E1FD41EC1A0B9FED3B
:10B8D0001F0B53EC102BE4F7D3FDC5E9000138EE44
:10B8E000C80A10EE101A0846E4F715FF41EC1A0BCF
:10B8F0009FED180B53EC102BE4F7C8FDC5E90201CE
:10B9000038EE490A10EE101A0846E4F704FF41EC3D
:10B910001A0B9FED120B53EC102BE4F7B7FDC5E9A2
:10B9200004010020BDEC088B70BD000010E9B7AF2A
:10B93000031B58400000000000005940764F1E16BF
:10B940006AA154400000000000005D4000000000BB
:10B95000000030400000000000407F400000000078
:10B96000000069400000000000000000000000002E
:10B970000000000000007E81A58181BD9981817E4B
:10B980000000000000007EFFDBFFFFC3E7FFFF7E3B
:10B9900000000000000000006CFEFEFEFE7C38107F
:10B9A000000000000000000010387CFE7C38100011
:10B9B00000000000000000183C3CE7E7E718183CD6
:10B9C00000000000000000183C7EFFFF7E18183CBD
:10B9D00000000000000000000000183C3C180000BF
:10B9E00000000000FFFFFFFFFFFFE7C3C3E7FFFF0B
:10B9F000FFFFFFFF00000000003C664242663C0083
:10BA000000000000FFFFFFFFFFC399BDBD99C3FF0A
:10BA1000FFFFFFFF00001E0E1A3278CCCCCCCC7892
:10BA20000000000000003C666666663C187E181840
:10BA30000000000000003F333F3030303070F0E055
:10BA40000000000000007F637F6363636367E7E6D5
:10BA5000C00000000000001818DB3CE73CDB1818B1
:10BA6000000000000080C0E0F0F8FEF8F0E0C080C8
:10BA7000000000000002060E1E3EFE3E1E0E0602E4
:10BA8000000000000000183C7E1818187E3C1800CA
:10BA90000000000000006666666666666600666610
:10BAA0000000000000007FDBDBDB7B1B1B1B1B1B84
:10BAB00000000000007CC660386CC6C66C380CC63E
:10BAC0007C0000000000000000000000FEFEFEFE02
:10BAD000000000000000183C7E1818187E3C187EFC
:10BAE000000000000000183C7E18181818181818DC
:10BAF000000000000000181818181818187E3C18CC
:10BB0000000000000000000000180CFE0C180000EF
:10BB10000000000000000000003060FE6030000007
:10BB200000000000000000000000C0C0C0FE0000D7
:10BB3000000000000000000000286CFE6C280000DF
:10BB400000000000000000001038387C7CFEFE0081
:10BB50000000000000000000FEFE7C7C3838100071
:10BB600000000000000000000000000000000000D5
:10BB7000000000000000183C3C3C18181800181881
:10BB8000000000000066666624000000000000005F
:10BB9000000000000000006C6CFE6C6C6CFE6C6CB5
:10BBA0000000000018187CC6C2C07C060686C67C51
:10BBB0001818000000000000C2C60C183060C686CD
:10BBC000000000000000386C6C3876DCCCCCCC7601
:10BBD0000000000000303030600000000000000075
:10BBE0000000000000000C18303030303030180CED
:10BBF00000000000000030180C0C0C0C0C0C18306D
:10BC0000000000000000000000663CFF3C660000F1
:10BC100000000000000000000018187E1818000046
:10BC200000000000000000000000000000181818CC
:10BC30003000000000000000000000FE00000000D6
:10BC400000000000000000000000000000001818C4
:10BC5000000000000000000002060C183060C080E8
:10BC6000000000000000386CC6C6D6D6C6C66C38C8
:10BC70000000000000001838781818181818187EEE
:10BC80000000000000007CC6060C183060C0C6FE34
:10BC90000000000000007CC606063C060606C67CC6
:10BCA0000000000000000C1C3C6CCCFE0C0C0C1EB8
:10BCB000000000000000FEC0C0C0FC060606C67CF6
:10BCC0000000000000003860C0C0FCC6C6C6C67CCC
:10BCD000000000000000FEC606060C1830303030B0
:10BCE0000000000000007CC6C6C67CC6C6C6C67C76
:10BCF0000000000000007CC6C6C67E0606060C7862
:10BD000000000000000000001818000000181800D3
:10BD10000000000000000000181800000018183093
:10BD200000000000000000060C18306030180C06FF
:10BD30000000000000000000007E00007E00000007
:10BD4000000000000000006030180C060C18306085
:10BD50000000000000007CC6C60C18181800181857
:10BD6000000000000000007CC6C6DEDEDEDCC07C19
:10BD700000000000000010386CC6C6FEC6C6C6C66D
:10BD8000000000000000FC6666667C66666666FC75
:10BD90000000000000003C66C2C0C0C0C0C2663CDB
:10BDA000000000000000F86C6666666666666CF867
:10BDB000000000000000FE6662687868606266FE4F
:10BDC000000000000000FE6662687868606060F055
:10BDD0000000000000003C66C2C0C0DEC6C6663A75
:10BDE000000000000000C6C6C6C6FEC6C6C6C6C65F
:10BDF0000000000000003C18181818181818183C0B
:10BE00000000000000001E0C0C0C0C0CCCCCCC78FC
:10BE1000000000000000E666666C78786C6666E6F6
:10BE2000000000000000F06060606060606266FE1C
:10BE3000000000000000C6EEFEFED6C6C6C6C6C69E
:10BE4000000000000000C6E6F6FEDECEC6C6C6C68E
:10BE50000000000000007CC6C6C6C6C6C6C6C67CBA
:10BE6000000000000000FC6666667C60606060F0B8
:10BE70000000000000007CC6C6C6C6C6C6D6DE7C72
:10BE80000C0E00000000FC6666667C6C666666E66A
:10BE90000000000000007CC6C660380C06C6C67CE8
:10BEA0000000000000007E7E5A1818181818183C70
:10BEB000000000000000C6C6C6C6C6C6C6C6C67C10
:10BEC000000000000000C6C6C6C6C6C6C66C381054
:10BED000000000000000C6C6C6C6D6D6D6FEEE6C70
:10BEE000000000000000C6C66C7C38387C6CC6C6FA
:10BEF000000000000000666666663C181818183CD2
:10BF0000000000000000FEC6860C183060C2C6FEAD
:10BF10000000000000003C30303030303030303C29
:10BF20000000000000000080C0E070381C0E060217
:10BF30000000000000003C0C0C0C0C0C0C0C0C3C29
:10BF40000000000010386CC6000000000000000077
:10BF500000000000000000000000000000000000E1
:10BF600000FF00003030180000000000000000005A
:10BF7000000000000000000000780C7CCCCCCC76E7
:10BF8000000000000000E06060786C666666667C19
:10BF90000000000000000000007CC6C0C0C0C67CDD
:10BFA0000000000000001C0C0C3C6CCCCCCCCC760F
:10BFB0000000000000000000007CC6FEC0C0C67C7F
:10BFC000000000000000386C6460F060606060F0A9
:10BFD00000000000000000000076CCCCCCCCCC7C73
:10BFE0000CCC78000000E060606C7666666666E601
:10BFF0000000000000001818003818181818183C25
:10C000000000000000000606000E060606060606F2
:10C0100066663C000000E06060666C78786C66E6FE
:10C020000000000000003818181818181818183CDC
:10C03000000000000000000000ECFED6D6D6D6C6F8
:10C04000000000000000000000DC666666666666B0
:10C050000000000000000000007CC6C6C6C6C67C0A
:10C06000000000000000000000DC66666666667C7A
:10C070006060F000000000000076CCCCCCCCCC7C22
:10C080000C0C1E000000000000DC7666606060F0B2
:10C090000000000000000000007CC660380CC67C78
:10C0A000000000000000103030FC30303030361C12
:10C0B000000000000000000000CCCCCCCCCCCC7642
:10C0C00000000000000000000066666666663C181E
:10C0D000000000000000000000C6C6D6D6D6FE6CE8
:10C0E000000000000000000000C66C3838386CC644
:10C0F000000000000000000000C6C6C6C6C6C67E1E
:10C10000060CF8000000000000FECC183060C6FEEF
:10C110000000000000000E18181870181818180EEB
:10C120000000000000001818181800181818181837
:10C13000000000000000701818180E181818187069
:10C1400000000000000076DC00000000000000009D
:10C15000000000000000000010386CC6C6C6FE00DB
:10C16000000000000080544400405A4400C0754460
:10C170009C0CE5424728F14229C7124300404F4436
:10C1800000405A4400C07544D2B1D242416BE842EB
:10C1900012A11243008054440000554400C075446D
:10C1A000C390DC424EE7D942C1041243008054449C
:10C1B00000405A4400007044C0BADD42062FED42F0
:10C1C0002382FC4200404F440000554400C07544A7
:10C1D00064F7C942FCD9D0428764114300805444BB
:10C1E00000005544000070442CCCD54221A2D64218
:10C1F0009C56FB4200404F4400405A4400007044AB
:10C2000019D4CB42CFEBE4420D6EFC4200404F44C8
:10C21000000055440000704438DDC3420C37CE4264
:10C22000784EFB4200804A440000554400007044B0
:10C230008DC3B54224E5C742F5E6FB4200404F44BA
:10C2400000C04F4400007044B84CBD42D580BA4293
:10C250001A46FB4200404F440000554400406A44E7
:10C2600001FFBE423179CC426C0ED94200804A4473
:10C2700000C04F44000070444EF8AE42F9D0B342C3
:10C2800093DFFB4200404F4400C04F4400406A44EB
:10C29000E676B842FAA8B842C4C8D84200804A44F8
:10C2A0000000554400406A445E03B142A945C642BD
:10C2B000FF9ED94200804A4400C04F4400406A4477
:10C2C00015B7A942C3A3B142E176D8420040454424
:10C2D00000C04F4400406A4450829B42BA21AB42A6
:10C2E0002AB7D84200804A4400404A4400406A4489
:10C2F000E41FA342F80C9F42306BD74200804A44AF
:10C3000000C04F4400406444F997A4425F61AF42CB
:10C31000FA59B7420040454400404A4400406A444C
:10C32000E1B594425D609842920AD74200804A4447
:10C3300000404A440040644469129E42B0FF9C425F
:10C34000328BB6420040454400C04F440040644434
:10C35000BC269642019BA842F842B74200404544A1
:10C3600000404A44004064448BDA8F4204619642A4
:10C3700016C2B64200C03F4400404A4400406444F4
:10C3800000908242C94B9042E53BB7420040454491
:10C390000080444400406444C9EB8942BA3B854272
:10C3A0003E62B6420040454400404A4400005E44BC
:10C3B000BAF88B425F0C9542A2559A4200C03F44A6
:10C3C00000804444004064444E737942B57D7E420F
:10C3D000FECFB642004045440080444400005E4425
:10C3E000CAA28542908883423620994200C03F44C9
:10C3F00000404A4400005E44359F7C42DD828E420C
:10C40000D4109A4200C03F440080444400005E447F
:10C410009C5C7042FA727A4272E4984200403A445C
:10C420000080444400005E44F75059422E59704247
:10C43000F61A994200C03F4400003F4400005E44A9
:10C440001CBE6642AFA55E42414A984200C03F44CE
:10C450000080444400C05744A0A9684286687742DF
:10C4600029597E4200403A4400003F4400005E44A7
:10C470000B4C4F426BED53424899984200C03F44E9
:10C4800000003F4400C05744AF1C5F42537B5B42F7
:10C49000D3B07D4200403A440080444400C0574439
:10C4A000D5AB5142D5706D4284AC7F4200403A44D6
:10C4B00000003F4400C05744CD2D47422F18504242
:10C4C0004F0E7E420080344400003F4400C0574479
:10C4D00068533242B6C1464203B57E4200403A44F8
:10C4E0000040394400C0574447753E42F648364242
:10C4F0009B627D4200403A4400003F44004051446A
:10C50000FE964042CB8D4D423F80504200803444E5
:10C510000040394400C05744862729420B662C420C
:10C52000F2587D4200403A440040394400405144B2
:10C5300091973742666A33424C4B4F4200803444F5
:10C5400000003F4400405144BFDC2B423954444278
:10C5500033B05042008034440040394400405144DC
:10C56000E5D822424A432A42CEB24F4200C02D446F
:10C570000040394400405144C29D0E42A6E9204289
:10C580000EFC4F420080344400803244004051444D
:10C5900088FA194204E410423CB34E42008034440D
:10C5A0000040394400C04944D0131C42CC6E27429D
:10C5B000BE89234200C02D440080324400405144D3
:10C5C00086850542694F07425E0C4F420080344425
:10C5D0000080324400C049444E0E13425FDD0D42DC
:10C5E000C484224200C02D440040394400C0494464
:10C5F000C6010742B0121D42CD51234200C02D4456
:10C600000080324400C049441FC4FC41DCE20342C4
:10C6100074862242004027440080324400C04944CE
:10C620005254DC412EC3F841F77E224200C02D4413
:10C6300000002C4400C049443578EE41F0B0DF41A1
:10C640002136214200C02D44008032440080424403
:10C650009B1BF24121AD01429BB0FD4100402744AC
:10C6600000002C4400C04944A444CF4183E6D1419A
:10C6700030C8214200C02D4400002C4400804244B8
:10C68000EA78E5417042DD414D86FC410040274497
:10C6900000803244008042449C4DD3413538F641FD
:10C6A00041A1FE410040274400002C440080424448
:10C6B0002274C54147A6CE419017FD410000204499
:10C6C00000002C4400804244A676A841E52BC141DD
:10C6D000F833FD410040274400C024440080424418
:10C6E0008353B94127A5AB41C0FBFB410040274420
:10C6F00000002C4400803A44E281BB411A51CA41F7
:10C70000C7E9BC410000204400C0244400804244EA
:10C710001F589B41161F9D412DF9FB4100402744A6
:10C7200000C0244400803A4437DFAD412052A54187
:10C73000A274BA410000204400002C4400803A4416
:10C7400098819D41A3A0BB41A69EBC41000020440E
:10C7500000C0244400803A4459169141C3359841A1
:10C760007AE8BA410040184400C0244400803A44AA
:10C77000070F7341C7498D4146E2BA41000020448A
:10C7800000C01C4400803A447524874174357541CB
:10C79000D7EDB9410000204400C0244400003244D9
:10C7A000E9B689415D7995411036864100401844CB
:10C7B00000C01C4400803A44D50F6141B22262415E
:10C7C000A196BA410000204400C01C44000032443D
:10C7D000277F8041A4E67141BBEF854100401844AA
:10C7E00000C02444000032444F0D66414ECD8B41C1
:10C7F000991887410040184400C01C44000032448E
:10C80000DA0B514127635B41320A864100C00F4475
:10C8100000C01C440000324448042B41DD6C4941F7
:10C8200068F685410040184400001444000032447A
:10C83000E22C3F417E1A2A415BCE844100401844DD
:10C8400000C01C44008028444DF641416CB4534163
:10C850006CF2344100C00F44000014440000324424
:10C860006DD016410505154145D883410040184457
:10C870000000144400802844E9E42F41CFA921415D
:10C8800001A7314100C00F4400C01C44008028446F
:10C89000077F1B41E4C040418A22344100C00F445D
:10C8A0000000144400802844B0AA0A41F4891041D1
:10C8B00010FD3141008005440000144400802844EC
:10C8C000227FD940B93D034144E4324100C00F44C6
:10C8D0000080094400802844F66DFE408B87D840D4
:10C8E00005A6314100C00F440000144400801D44DF
:10C8F0002BFC034128B21041A80CE0400080054405
:10C9000000800944008028447C39C3402979BF4015
:10C910009668334100C00F440080094400801D44E4
:10C920005114EC40212CD340930EDC400080054490
:10C930000000144400801D44F9CAC840E0A8014129
:10C940000E94DF40008005440080094400801D44AF
:10C950003BDFAB4076FDB34090CCDA400080FF4334
:10C960000080094400801D449FC891404C70A6403F
:10C97000DAD9D9400080054400C0034400801D443A
:10C98000D29C9F403D809340F748D84000800544AA
:10C990000080094400401744191EA2404699AE4049
:10C9A000A306A2400080FF4300C0034400801D4452
:10C9B000A2B486401E8787407D22D840008005446F
:10C9C00000C00344004017444A6E964028FE8E4043
:10C9D000D5B49F400080FF430080094400401744C5
:10C9E00030708840BBA5A140ED01A1400080FF430D
:10C9F00000C003440040174469517B40A731834085
:10CA0000EB9D9F400000F34300C0034400401744E7
:10CA1000747A524029CD7340AED99F400080FF43C5
:10CA20000080FA430040174416F86940B1DE5340D5
:10CA300035E39E400080FF4300C0034400401044A3
:10CA40006CCB6D40A26E8040A1A063400000F34318
:10CA50000080FA430040174456474040636240401C
:10CA600076B59E400080FF430080FA4300401044AA
:10CA70004B235B40560C4D40A6B660400000F3438C
:10CA800000C0034400401044C5004540DC806E40B7
:10CA9000713864400000F3430080FA4300401044C2
:10CAA00063ED32406E193B40BC3C62400000E44301
:10CAB0000080FA4300401044EC670F409FB02A40CA
:10CAC000668762400000F3430000EB4300401044DF
:10CAD000601D2340F5F70D40ED6360400000F34317
:10CAE0000080FA4300000844FB7727403067364057
:10CAF0007BBC14400000E4430000EB4300401044C2
:10CB0000836BFE3F2E73FA3FC87D60400000F34305
:10CB10000000EB4300000844B14D1740AAEF084065
:10CB2000FF9312400000E4430080FA4300000844F1
:10CB30004AD0034056F42540F11215400000E4436A
:10CB40000000EB43000008446B83E73F490FF13FCF
:10CB5000352713400000DC430000EB43000008448D
:10CB6000AFEECA3F3160E33F94C212400000E4439D
:10CB70000080E343000008441441DC3FEB8DD03FCC
:10CB800083A312400000E4430000EB4300C00344D1
:10CB9000AC90DE3F7347ED3FB895EA3F0000DC43C1
:10CBA0000080E34300000844E290BF3F8FDEC23FB5
:10CBB000FF4012400000E4430080E34300C0034410
:10CBC0004CC7D23FCB4BCC3F3EE9E83F0000DC43B3
:10CBD0000000EB4300C00344D5CCC23F6286E03F77
:10CBE00043E2EA3F0000DC430080E34300C003442B
:10CBF000ACE1B63F0457BF3FDD27E93F0080D34398
:10CC00000080E34300C00344603E9F3F6745B43F5C
:10CC1000BDFEE83F0000DC430000DB4300C00344EE
:10CC20008693AC3F00C4A13F1C24E83F0000DC43D6
:10CC30000080E3430000FE43F31EAF3FD524BC3F1A
:10CC40007231B43F0080D3430000DB4300C0034493
:10CC5000691B953F30F6963FC37FE83F0000DC43F9
:10CC60000000DB430000FE430CCCA43F7BA19E3FB1
:10CC70000C40B33F0080D3430080E3430000FE43F9
:10CC800076A7973FBB61B13F3694B43F0080D34352
:10CC90000000DB430000FE4345678D3FECDF933F20
:10CCA00028BBB33F0080C9430000DB430000FE43C4
:10CCB000CB68703F68228A3F9EEBB33F0080D3432E
:10CCC0000000D1430000FE432E8D833FCBB9703F5F
:10CCD000096CB23F0080D3430000DB430080F44383
:10CCE000C1AC863FD7FA903F4870873F0080C94368
:10CCF0000000D1430000FE43001A5D3F89955D3F6F
:10CD00006501B33F0080D3430000D1430080F4436A
:10CD1000BC5A7A3F9F926B3F247B863F0080C94379
:10CD20000000DB430080F443226D633F067F873FB2
:10CD3000C8EB873F0080C9430000D1430080F44323
:10CD400031984F3F86AB573F8E93863F0080BE435E
:10CD50000000D1430080F4434E612D3F7A39483FB3
:10CD600027F6863F0080C9430000C6430080F44395
:10CD7000E608413FAD4B2D3FAB09863F0080C943DC
:10CD80000000D1430000E94314E7443F7D3C543F99
:10CD9000F71F3D3F0080BE430000C6430080F443C0
:10CDA000EEB21F3F63EE1E3F9208873F0080C943EB
:10CDB0000000C6430000E943C7BD353FEC31293FC1
:10CDC000B1C03B3F0080BE430000D1430000E943B7
:10CDD0003F57233F5F0B463F4BCD3E3F0080BE4356
:10CDE0000000C6430000E943D09D143F2B501B3F79
:10CDF000F5493E3F0000B3430000C6430000E9434D
:10CE00007B88F63EA0C40F3F2FC03E3F0080BE434C
:10CE10000080BA430000E9433691093F4699F53E48
:10CE2000A06C3E3F0080BE430000C6430000DD43CF
:10CE3000D3BC0B3F00E5173FF584013F0000B3432F
:10CE40000080BA430000E94347E5DE3E21C9DC3EED
:10CE5000813D3E3F0080BE430080BA430000DD4379
:10CE6000776AFE3E6A68EB3EBE68FF3E0000B34351
:10CE70000000C6430000DD4305C1E33EA5BF0B3FF4
:10CE8000A587013F0000B3430080BA430000DD43A3
:10CE90006952CA3E9599D23E6EFBFE3E0000A24307
:10CEA0000080BA430000DD4395F29A3EF566BC3E31
:10CEB0000E4FFF3E0000B3430080AB430000DD4354
:10CEC0009069B53E71C6983EAC58FC3E0000B34335
:10CED0000080BA430080CD434431B93E4E45CA3E3E
:10CEE000F0C1933E0000A2430080AB430000DD434D
:10CEF0000491853EEE24823EDF6FFC3E0000B3438A
:10CF00000080AB430080CD437A39A43E1573903E38
:10CF10005C20913E0000A2430080BA430080CD43D4
:10CF200061FB893ED55EB43ED520943E0000A2430D
:10CF30000080AB430080CD437825693E98C2733EA4
:10CF4000AB7A913E00808D430080AB430080CD439F
:10CF500009FD2C3E3257563E711F913E0000A24300
:10CF600000809A430080CD43CB854A3E3B6F233EF1
:10CF70002AAA8E3E0000A2430080AB430000BE43BD
:10CF800004C8503E89EF643E68E91A3E00808D4334
:10CF900000809A430080CD4380BB0C3E963E043E09
:10CFA000F04E8E3E0000A24300809A430000BE4334
:10CFB000C076303E058B133E0A86133E00808D43BB
:10CFC0000080AB430000BE430B62103E6039423E1E
:10CFD000BD37163E00808D4300809A430000BE435B
:10CFE0004DBFE43DCFF3E73DA59F103E00004C430D
:10CFF00000809A430000BE437CBA9A3D984DC03DE4
:10D000009FAE0E3E00808D43000087430000BE436C
:10D010008331C23DB2D9913D3D270D3E00808D4305
:10D0200000809A430000AD430ED9C03DD07CCE3D78
:10D0300087A66C3D00004C43000087430000BE43C0
:10D04000E4326E3D01F6513D5E30083E00808D4376
:10D05000000087430000AD4358019E3D0A86733DA2
:10D06000A1F65B3D00004C4300809A430000AD43B5
:10D0700094166E3DA8A6A43DBE89613D00004C43B8
:10D08000000087430000AD43A9682C3DA984273DDB
:10D09000CE8E543D00001643000087430000AD4390
:10D0A000EACE133D46D3193DBF49533D00004C43E2
:10D0B000000060430000AD432D250B3D8A58C43C61
:10D0C000ECDE4A3D00004C430000874300009A43D9
:10D0D000234AFB3C0C73023D4F75483C000016434D
:10D0E000000060430000AD432B14E93CE0F4AE3C8B
:10D0F000AB044B3D00004C430000604300009A43EA
:10D10000F7AEC13CB6BB873CA774303C0000164369
:10D110000000874300009A434223D83C624CFA3C0B
:10D120009AB2533C000016430000604300009A434B
:10D13000274C983CB79B603C3AAF313C000015430C
:10D140000000604300009A43560F983CBE86603C46
:10D1500094852F3C0000164300005F4300009A4373
:10D1600088F79C3CC45B673C3239353C0000164371
:10D1700000006043008099434C369E3C5CAF693CA4
:10D18000454A333C0000154300005F4300009A43CA
:10D190003925A03C35466B3C1EA93E3C0000164399
:10D1A00000005F4300809943B4E89D3C0C21673C3C
:10D1B0000F0B353C0000154300006043008099438D
:10D1C000DAC69F3CE25A6D3CD9403A3C0000154318
:10D1D00000005F4300809943C4969E3C8731693CC0
:10D1E0006002373C0080A84400E0A64400E0BD4453
:10D1F000FAAF8F44728F96447917B84400C0A244A6
:10D2000000E0A64400E0BD449C778544361F92446C
:10D2100007A2B8440080A8440060A14400E0BD44D7
:10D2200021D38A446D1D8844E8C6B7440080A844D1
:10D2300000E0A6440060B744224C8C44DA7F954459
:10D2400029599F4400C0A2440060A14400E0BD44AD
:10D25000386B8044CC698344AE15B8440080A84440
:10D260000060A1440060B7448A6B874425FE864471
:10D2700047039F4400C0A24400E0A6440060B744B6
:10D2800018F08144FBDE9044A2AF9F4400C0A2444A
:10D290000060A1440060B744FF2C7A44F85F8244E8
:10D2A000E9699F4400A09C440060A1440060B74429
:10D2B000DFE365444BE97B4417FD9F4400C0A24473
:10D2C00000009C440060B7447E76714432CD6A44CD
:10D2D00068159F4400C0A2440060A1440000B1440E
:10D2E00058EB7344615981444887884400A09C44AA
:10D2F00000009C440060B744D4015D44E5C861442B
:10D30000B0A19F4400C0A24400009C440000B1446E
:10D31000915C6B440AE46844A74A884400A09C449A
:10D320000060A1440000B144E4295F44535C7944A7
:10D3300048D1884400A09C4400009C440000B144B3
:10D3400032B85644A8BF5F448CC0884400A09644BD
:10D3500000009C440000B14456264444C45D574438
:10D36000D107894400A09C4400A096440000B14429
:10D37000C3C34E44A46248445952884400A09C440C
:10D3800000009C4400C0AA44D4025144B2BF5D4492
:10D39000DC7D684400A0964400A096440000B1449F
:10D3A00099793C44165A4044EDDF884400A09C44DF
:10D3B00000A0964400C0AA44ED5F4944A6C246447A
:10D3C000941E684400A0964400009C4400C0AA44F7
:10D3D000DA683E441E6455442812694400A096440D
:10D3E00000A0964400C0AA44A3D33644987F3E448C
:10D3F000C3DC684400A0904400A0964400C0AA4446
:10D400003BA02544E8B636441A59694400A0964426
:10D410000040914400C0AA448D8B2F44741B2944C2
:10D420008112684400A0964400A096440060A44481
:10D43000229E31442CBA3C44ED24434400A0904445
:10D440000040914400C0AA4415891E44CC8F214459
:10D450005FF8684400A09644004091440060A444F2
:10D46000A1642A44905C27441873424400A090446D
:10D4700000A096440060A4448C7D2044A819354443
:10D48000AFC3434400A09044004091440060A444D2
:10D49000D74319440DBB1F449B27434400A08A4433
:10D4A000004091440060A4444C860944DD85184442
:10D4B000906D434400A0904400A08B440060A444BD
:10D4C000D78C124448E40B445386424400A0904455
:10D4D0000040914400E09D442E7C1444C81A1E4430
:10D4E000AD88204400A08A4400A08B440060A4447E
:10D4F0009FDB0244FFC70444EC02434400A0904475
:10D5000000A08B4400E09D4461B60D447D320A4486
:10D5100033D91F4400A08A440040914400E09D4458
:10D5200055EF0444AA2A17443E09214400A08A4426
:10D5300000A08B4400E09D44CCD3FB43F5F10244B2
:10D540009227204400A0844400A08B4400E09D4426
:10D55000631EE04377A1F94307C4204400A08A4436
:10D560000020864400E09D440AAAF043B342E4430D
:10D57000FBE31F4400A08A4400A08B440060974452
:10D580002994F343778E01445823024400A0844435
:10D590000020864400E09D448475D443796FD743CE
:10D5A0001741204400A08A4400208644006097442C
:10D5B0001C29E843F522E143B8B6014400A08444A5
:10D5C00000A08B4400609744417DD7432675F64305
:10D5D000CF82024400A08444002086440060974427
:10D5E0008AE8CB432A4DD4435F13024400807D4434
:10D5F000002086440060974419B2B3433A39C943C6
:10D600004546024400A08444008080440060974462
:10D610006C92C143E90CB643B18C014400A0844430
:10D620000020864400C090440F51C443ED89D1438B
:10D63000D869CE4300807D440080804400609744D8
:10D640000956A943B7EAAA4320BB014400A0844479
:10D650000080804400C09044BB08BA434155B343A6
:10D66000E674CD4300807D440020864400C0904491
:10D67000314DAC43A4B6C643DA0CCF4300807D44A1
:10D680000080804400C09044ACA7A143FD12A84391
:10D690001CC7CD43000071440080804400C090440A
:10D6A00041ED8B43C31D9E434240CE4300807D44E9
:10D6B0000080754400C09044870A9943C5718E4329
:10D6C0005034CD4300807D440080804400208A4453
:10D6D000A93D9B435BC7A54331D89F4300007144DC
:10D6E0000080754400C09044D8D882438D0584439F
:10D6F000E81DCD4300807D440080754400208A44AD
:10D700004D4F9243AAD68B43FCDD9E4300007144EB
:10D710000080804400208A44395B8543D4C49B4305
:10D72000A827A043000071440080754400208A446B
:10D73000BEB9784345AE81431E299F4300806444AF
:10D740000080754400208A44D85B54438BC67243E2
:10D7500019789F43000071440040694400208A44C6
:10D76000B1716943B145564342759E43000071440F
:10D77000008075440040834451606D4303337F4310
:10D78000937D6E43008064440040694400208A44D5
:10D79000BFC34443074B4543F5A79E430000714474
:10D7A0000040694400408344B4B95D4398A15143AB
:10D7B000B0B16C43008064440080754400408344F1
:10D7C0009CF24843929A6E4368286F4300806444F9
:10D7D000004069440040834455EE3843968A4043F4
:10D7E0002D056D4300405744004069440040834488
:10D7F000C88A1A43D0C13243E3CD6D4300806444EC
:10D8000000805C4400408344D7732C4303B01B4327
:10D81000C5186C43008064440040694400007844AB
:10D8200089832F43C62E3D43C9112A4300405744E4
:10D8300000805C440040834473870D43E24F0D43F6
:10D840005B5E6C430080644400805C44000078446C
:10D8500066A62243F4CE174341892843004057442B
:10D860000040694400007844B2A3104374EB2E4397
:10D870009F542A430040574400805C440000784491
:10D880008B970343BE57094395AB28430040494457
:10D8900000805C44000078444B81D5425DD1FB425E
:10D8A000D7F428430040574400804E440000784499
:10D8B0005EB7F142BAA3D4420872274300405744EE
:10D8C00000805C4400006844A594F6426707064364
:10D8D0003070E0420040494400804E4400007844EB
:10D8E0008D25C04256DCBD420EFC27430040574404
:10D8F00000804E44000068443026E142BDFCCD4229
:10D9000025FDDD420040494400805C44000068443D
:10D91000F0DCC4422B38F5427AFEE0420040494434
:10D9200000804E44000068442650AF42BDF4B64229
:10D930002FA5DE4200803A4400804E440000684437
:10D94000738688429DE4A44248A6DE4200404944D2
:10D9500000803F440000684443D19E422C698742C6
:10D960007894DC420040494400804E4400405744D3
:10D97000A704A3425D11B24236FD8A4200803A44B8
:10D9800000803F4400006844E53D70422BE16A425C
:10D9900088F1DC420040494400803F440040574445
:10D9A0007B879242246982424CED884200803A444F
:10D9B00000804E4400405744B74D7842F8FF9F42E4
:10D9C000D60A8B4200803A4400803F4400405744CE
:10D9D000D557574236C46042A2348942004032448F
:10D9E00000803F44004057442B3C374255D05142C1
:10D9F000E146894200803A440040374400405744A1
:10DA0000BB764942E6E138425C5D884200803A4498
:10DA100000803F4400C04D445AF64C423A8A5C4272
:10DA2000D9724C42004032440040374400405744D1
:10DA300003302942A7E329423074884200803A44E7
:10DA40000040374400C04D44C2E23E429364344239
:10DA5000D2724A420040324400803F4400C04D44EC
:10DA6000ACD62C4201AF4D4265A84C420040324436
:10DA70000040374400C04D446C281F42C8FB25427B
:10DA800093464B42008029440040374400C04D4437
:10DA90008ED90442338D1942AFF84A4200403244D5
:10DAA00000402E4400C04D44BF6B13423E08054267
:10DAB0007179494200403244004037440080434479
:10DAC00024BC1542F6B821422D970F42008029440C
:10DAD00000402E4400C04D44B7A3F2418AB7F14143
:10DAE000E3A149420040324400402E4400804344B8
:10DAF00051860A42293A01425A3B0E42008029448B
:10DB00000040374400804344B9EBF74185E91542B2
:10DB10009DEF0F420080294400402E440080434482
:10DB20005C7CE141A5F4EA41B0CB0E420000204408
:10DB300000402E4400804344A148B6413A82D64179
:10DB40000D9A0E420080294400C0244400804344C2
:10DB5000AC5FCF41E946B74188A70D420080294418
:10DB600000402E4400C038448C09D34160AAE441EF
:10DB70004B1ABF410000204400C0244400804344AD
:10DB8000F764A441AF31A34197AE0D420080294410
:10DB900000C0244400C038441613C1418238B1414A
:10DBA00076C6BC410000204400402E4400C03844EA
:10DBB0004B5FA8418803D1419172BF4100002044CE
:10DBC00000C0244400C03844D3209641C8259D415C
:10DBD00025ECBC4100801A4400C0244400C03844F5
:10DBE00026DD8341770895412589BD410000204409
:10DBF00000001F4400C03844BA248E4136A285413B
:10DC0000AA6BBC410000204400C0244400C0324440
:10DC1000E3519041DBF59A41BB48954100801A449D
:10DC200000001F4400C03844BF747641EB74794152
:10DC30005D45BC410000204400001F4400C0324448
:10DC400001378841A93183419B7B944100801A446C
:10DC500000C0244400C032443D517B414B519241AD
:10DC60008A5B954100801A4400001F4400C0324482
:10DC700000F06A41ADEC7441F89B944100C014443B
:10DC800000001F4400C032447FC44B41D2C66641ED
:10DC9000F7DA944100801A440040194400C032442D
:10DCA000A1E75C41F2E94D41A08A934100801A440A
:10DCB00000001F4400802C4420206041C6EF6F41CB
:10DCC0009616654100C014440040194400C0324417
:10DCD00097713D41194C3F41BF90934100801A44D8
:10DCE0000040194400802C4462195341BEED494163
:10DCF0006F06644100C0144400001F4400802C449F
:10DD00002AD9404119926141D278654100C014443A
:10DD10000040194400802C44491833415BC23A4109
:10DD2000679B634100800E440040194400802C44EE
:10DD3000DC02194113F02E41E02E644100C014446E
:10DD40000000134400802C446B86274118F91941C8
:10DD50002535624100C014440040194400002644A7
:10DD60008DBD2A41734137411BB52B4100800E44C4
:10DD70000000134400802C4462460D418ED20D41B8
:10DD80009F83624100C014440000134400002644F5
:10DD9000278A1F4122D2164149B22A4100800E44EF
:10DDA0000040194400002644F13E10417DF92A410B
:10DDB000FDDD2B4100800E4400001344000026448A
:10DDC00055BD04417A150A4111782A4100C0074423
:10DDD00000001344000026442314DE409047004115
:10DDE0008E022B4100800E4400000C4400002644AB
:10DDF00028EFF540EC15DD407972294100800E4492
:10DE00000000134400401E44042BFA40EDFB064181
:10DE1000AF96EE4000C0074400000C4400002644CA
:10DE2000677BCA40371BC940EFE8294100800E4498
:10DE300000000C4400401E4431F9E640AE01D740DA
:10DE4000AA8BEC4000C007440000134400401E446D
:10DE5000E153CE4068CFF940D507EF4000C00744FA
:10DE600000000C4400401E44A035BB4060C7C240C7
:10DE70005E20ED400040004400000C4400401E4481
:10DE8000318697406FBCB1408272EC4000C00744BD
:10DE90000080044400401E44D264AB40C5D3964089
:10DEA0002DEAEA4000C0074400000C44000016447C
:10DEB0009C24AF402D94BD404C8B9E4000400044BC
:10DEC0000080044400401E44A5BD884038028740BD
:10DED0009BD5EB4000C0074400800444000016447A
:10DEE00017629F4027B091400C109C4000400044B6
:10DEF00000000C44000016447FDB8B406814AD40EA
:10DF00000C5B9E4000400044008004440000164426
:10DF1000D8B9784024528140F4439C400080EF43BC
:10DF200000800444000016441C434040C53868404B
:10DF30008F1B9C40004000440000F8430000164442
:10DF4000AAD360406AA03E40159F9A40004000441A
:10DF50000080044400800C44369266405E487B405A
:10DF6000F6993F400080EF430000F843000016445C
:10DF7000F54928405551244081E89A40004000442A
:10DF80000000F84300800C44A94E4E40B08D36404E
:10DF9000C6163C400080EF430080044400800C44DF
:10DFA00026382E4005F8604089CE3F400080EF4380
:10DFB0000000F84300800C44128915403E031C40C9
:10DFC00059503C400080D9430000F84300800C4485
:10DFD0009C34D53F2236084034BA3C400080EF43A1
:10DFE0000000E24300800C44EB380240E1CFCA3F1E
:10DFF0006CB439400080EF430000F84300800044D7
:10E000006CAF0740C31116401F65BE3F0080D94367
:10E010000000E24300800C4486CBAE3FD0D2A33F49
:10E02000C89A3A400080EF430000E2430080004479
:10E030006213E93FA0C6BF3FBD01BA3F0080D9438C
:10E040000000F84300800044C156B93FD880024028
:10E050007368BF3F0080D9430000E2430080004462
:10E06000CBBA913F9ECF963F58E4B93F0080C14361
:10E070000000E243008000448313453FCADC803F38
:10E080008E21BA3F0080D9430000CB43008000447A
:10E090009AB1783FD716363FF9F6B63F0080D9439C
:10E0A0000000E2430000E74356D6803FC40A8F3F9A
:10E0B000A661183F0080C1430000CB4300800044AC
:10E0C0007A551B3F4BC80B3F1669B83F0080D943B8
:10E0D0000000CB430000E743BB0E593FC05A293F25
:10E0E000CA70143F0080C1430000E2430000E743D0
:10E0F00085CD243F3203753FBD8C1A3F0080C1435C
:10E100000000CB430000E743098BF23E5FD2F83EAC
:10E1100045B9143F008093430000CB430000E74320
:10E120005B277E3E2A37C13E3ECB133F0080C14372
:10E130000080AA430000E74387A7BF3E016C603E12
:10E14000EE26103F0080C1430000CB430000C243D5
:10E15000185EC93E868DE23E2CBCCB3D00809343C9
:10E160000080AA430000E74396791B3E54C4E93D72
:10E170004B75113F0080C1430080AA430000C24399
:10E180006AFB973EB875373E28BAAE3D0080934390
:10E190000000CB430000C2437DB32D3E9BE6AD3E65
:10E1A000CF2FCA3D008093430080AA430000C243A2
:10E1B000A1118C3DB35E8C3DA721AA3D0000934385
:10E1C0000080AA430000C2439FCA893D40DB8A3DCC
:10E1D0005B79A93D008093430000AA430000C2433D
:10E1E0004AD18A3D14E7883D3E03AA3D008093430F
:10E1F0000080AA430080C143AF09893D029D893D4B
:10E20000ED82A13D000093430000AA430000C243F9
:10E21000EF74873DFD11863DE3DFA73D008093430A
:10E220000000AA430080C1435C73873D1747853DCA
:10E230008461A03D000093430080AA430080C14355
:10E2400071CB873DFEB9883D1283A03D000093430A
:10E250000000AA430080C143AB59873D4643863D39
:10E260002847A13D00A090440060914400A0A44430
:10E270001A8C0F44F9FD1544F54A374400408C448C
:10E280000060914400A0A444C4AC0444CD0E1144E9
:10E290008A8E374400A0904400408D4400A0A444DE
:10E2A000C59D0A4442EB07443389364400A090449C
:10E2B0000060914400E09F4438F10B44F091144415
:10E2C0000FE41E4400408C4400408D4400A0A44450
:10E2D0009E8CFF430A120344A5F0364400A09044EC
:10E2E00000408D4400E09F440A42074419C206449E
:10E2F000106E1E4400408C440060914400E09F4436
:10E300002D1E014492B50F44973D1F4400408C449C
:10E3100000408D4400E09F4452B5F843E6D40144E8
:10E3200017CD1E4400C0874400408D4400E09F4448
:10E33000472CE443FE62FA4324121F4400408C44FD
:10E340000020894400E09F44CF58F043A799EA4356
:10E350009C821E4400408C4400408D4400009B443D
:10E360007879F2439BBB00446173084400C0874442
:10E370000020894400E09F44B19EDB430F26E14327
:10E38000ADC21E4400408C440020894400009B44E0
:10E390002C2DEA430574E8430436084400C0874442
:10E3A00000408D4400009B4483CCDD43C309F84307
:10E3B000C5A5084400C087440020894400009B4450
:10E3C0003757D543EEE8DE431463084400808344A6
:10E3D0000020894400009B44E145C3432C9FD64361
:10E3E000368F084400C087440000854400009B44E9
:10E3F0008859CD43B3BBC743C0DF074400C087443F
:10E400000020894400209644D4C0CF4358F4DC4314
:10E41000A664E843008083440000854400009B44D8
:10E420004EA6BB4362EDBF43DA54084400C08744A4
:10E430000000854400209644C0D3C743B2D6C543EC
:10E44000A081E74300808344002089440020964453
:10E45000F4C4BD4347D2D44370CFE8430080834423
:10E4600000008544002096440701B6437FE2BD4387
:10E47000393EE84300007E44000085440020964475
:10E4800067B0A443A2BCB543882DE8430080834411
:10E4900000C0804400209644FCBAAE4347BAA8436B
:10E4A0005A76E7430080834400008544004091444D
:10E4B000F2B0B04315DABB43FCA7C34300007E446F
:10E4C00000C08044002096442A8F9D4308BEA0438C
:10E4D000D799E7430080834400C0804400409144C2
:10E4E000C55BA943EB97A64351E0C24300007E44BD
:10E4F0000000854400409144E0859F436CE4B343B1
:10E50000F0E5C34300007E4400C0804400409144D5
:10E51000A8419843BAB69E435023C34300007544B4
:10E5200000C0804400409144ED41894398E0974306
:10E53000C76DC34300007E4400007944004091440D
:10E540004A1792435C668C4328A4C24300007E4471
:10E5500000C0804400208C449E689343E3EB9C43BE
:10E5600002F4A04300007544000079440040914447
:10E57000AFDA8243A84C85439BC3C24300007E446C
:10E580000000794400208C44E3178D43C1708A4316
:10E59000865AA0430000754400C0804400208C448B
:10E5A000BB6084437E1A9643E549A143000075444D
:10E5B0000000794400208C445A2B7C43AAA083435A
:10E5C0008CBAA04300C06B440000794400208C4406
:10E5D00064336043E9FF7943FA8BA043000075443C
:10E5E00000C06F4400208C44E3F96F43B1376443AB
:10E5F000EBDC9F43000075440000794400E0864452
:10E60000A5167343BAC7814361FF814300C06B44C1
:10E6100000C06F4400208C44C3B7544341CF5743DC
:10E62000A43CA0430000754400C06F4400E0864451
:10E630000F6767433B1A61435D7A814300C06B44B7
:10E640000000794400E08644F87757430BCC7643CA
:10E650003121824300C06B4400C06F4400E0864417
:10E6600085B04B43A8335443039B8143000062446D
:10E6700000C06F4400E086445F0A3343D7CF48436D
:10E680001DB6814300C06B440080664400E08644B0
:10E690000C774143029336439414814300C06B448A
:10E6A00000C06F4400E081443B63444382745143A3
:10E6B000353E5043000062440080664400E08644DA
:10E6C0006BD928435B262B43B73A814300C06B4488
:10E6D0000080664400E08144B23C3A4305D63343AF
:10E6E000233F4F430000624400C06F4400E0814478
:10E6F000E0AE2B43521746438C7D504300006244EA
:10E700000080664400E0814473792143225128430C
:10E71000CA684F43004058440080664400E081448A
:10E720006ACA0C43B4C91E437AA84F43000062442E
:10E7300000C05C4400E081441CB1184338A30E4380
:10E74000C1944E43000062440080664400807844D7
:10E75000DE871A43DF932543C5F31F430040584427
:10E7600000C05C4400E0814412F803430C110543EF
:10E77000A1E04E430000624400C05C440080784445
:10E7800025A51143A5C30B430CF81E430040584474
:10E790000080664400807844ECDA054373111C4322
:10E7A000863020430040584400C05C4400807844D8
:10E7B00003F6F9429B4402439A571F4300C04D445D
:10E7C00000C05C44008078443563D5422D89F34213
:10E7D000B7811F43004058440040524400807844B1
:10E7E0002F84EA429C56D7422EA21E430040584432
:10E7F00000C05C4400C06C44035CEE42740C0043F7
:10E80000495AEE4200C04D440040524400807844D2
:10E810003533C542ACA0C5424A4D1E430040584462
:10E820000040524400C06C445A5BDE425F4AD24210
:10E83000981EEC4200C04D4400C05C4400C06C44D3
:10E84000043BC942A98BEE42DF1EEE4200C04D449C
:10E850000040524400C06C441A8AB942971BC1421E
:10E86000D053EC42008042440040524400C06C440B
:10E870000FA09A424AF3B242D5CEEC4200C04D44BA
:10E880000040474400C06C442871AC428D919B42CB
:10E89000DE9AEA4200C04D440040524400406044C9
:10E8A0004E68AF4274F6BC42B54FA8420080424465
:10E8B0000040474400C06C445DA28D42A5808D425B
:10E8C000EC67EB4200C04D440040474400406044C8
:10E8D0008A9EA24219C39742B9EDA64200804244E3
:10E8E0000040524400406044749A904208FAAE429C
:10E8F0006FE4A84200804244004047440040604426
:10E90000917483425B4689425E29A74200003744E6
:10E91000004047440040604425895542E1D87B428D
:10E92000B575A7420080424400803B4400406044EB
:10E93000DD17724266D05542E508A6420080424487
:10E940000040474400C05244804B7742FA5686420A
:10E950006CE861420000374400803B440040604462
:10E960005F554042E7CD3E42216BA64200804244C3
:10E9700000803B4400C05244D7C2614296014F42DE
:10E9800038D05E42000037440040474400C0524443
:10E990009A294542DB237542EBBC614200003744B3
:10E9A00000803B4400C0524460E32F4282FB374268
:10E9B0003F585F4200002A4400803B4400C052445C
:10E9C000E9FE084238D8254218535F420000374418
:10E9D00000402E4400C0524461301F42875C074211
:10E9E0007C845D420000374400803B440000444486
:10E9F0003A6F234290F032420B5E0A4200002A44F2
:10EA000000402E4400C05244CB7FF0411DA1EA419A
:10EA1000C9ED5D420000374400402E4400004444EC
:10EA20002C6C124280030242814D084200002A44AD
:10EA300000803B44000044448EB2F8410AB92042B1
:10EA400007680A4200002A4400402E440000444463
:10EA500020CDD6417CC7DF410C960842008022447D
:10EA600000402E44000044443525B641FBA3D0416C
:10EA700068BC084200002A4400C026440000444408
:10EA800061A3C841B9DEB7413888074200002A4473
:10EA900000402E4400803B44E82DCC414678DB41C9
:10EAA0000E2BC9410080224400C02644000044448B
:10EAB0005356A8415A1DA9410DEE074200002A44B1
:10EAC00000C0264400803B44F806BE417E8CB34122
:10EAD0003923C7410080224400402E4400803B443B
:10EAE000B367AB41E251CC415151C941008022444E
:10EAF00000C0264400803B445CD09D41D6ECA4413C
:10EB00009FEEC74100C01A4400C0264400803B4429
:10EB100022868341017398410E95C74100802244AB
:10EB200000001F4400803B4462B992415C32854141
:10EB3000F78FC6410080224400C0264400003344C1
:10EB400038529541C55CA14132818F4100C01A44C1
:10EB500000001F4400803B44A6BA7041D45E71415E
:10EB6000E238C6410080224400001F4400003344C4
:10EB700028278A419C81814154128E4100C01A4449
:10EB800000C0264400003344E8527641E51C95411C
:10EB900017718F4100C01A4400001F440000334425
:10EBA00062E95F41FC656A41260D8E410000124416
:10EBB00000001F440000334418A4354136F3564189
:10EBC000072C8E4100C01A44000016440000334454
:10EBD000F1034D419087344115EF8C4100C01A4438
:10EBE00000001F4400802944AEAC5141F22364412F
:10EBF000BE3040410000124400001644000033447F
:10EC0000DC8E224115CD2041E9048D4100C01A441B
:10EC1000000016440080294444353F4197B12E41FD
:10EC2000B63C3E410000124400001F4400802944CD
:10EC30007B94274130EC504142B4404100001244E3
:10EC40000000164400802944D4DD144124141B41E3
:10EC5000E5A63E4100000D44000016440080294412
:10EC6000DDAA0241FD7A1241BC7F3E410000124400
:10EC70000040114400802944576D0D41B5E4054121
:10EC8000D6CF3D4100001244000016440000244449
:10EC9000C3E60E4198D51841BEA8154100000D44A9
:10ECA000004011440080294442A6F640A6D2FA4012
:10ECB00078D33D4100001244004011440000244438
:10ECC0008A4C0741A75803416C88144100000D4449
:10ECD00000001644000024444008F94042F70F4168
:10ECE000D553154100000D44004011440000244458
:10ECF000E22EEA4016A5F5405375144100C00744C2
:10ED000000401144000024441DCACA405FE1E640AF
:10ED10008266144100000D4400C00B4400002444EE
:10ED2000213FDC400FBACD40B0B4134100000D4488
:10ED30000040114400401E447774E0403CE6F1403E
:10ED4000DC12E54000C0074400C00B44000024442E
:10ED5000F8FBBC40BB28BF40E5CC134100000D448C
:10ED600000C00B4400401E443EDBD1408E22C9400F
:10ED700061B5E24000C007440040114400401E4419
:10ED80006EE8C040AA0BE340200BE54000C00744FA
:10ED900000C00B4400401E44A34EB240814BBA4019
:10EDA00050C3E2400040024400C00B4400401E44F7
:10EDB000EB569940ADF8AE40B21FE34000C00744A7
:10EDC0000000064400401E440BE3A6402FBF9940BC
:10EDD000FFEBE14000C0074400C00B440040184472
:10EDE00097E2A940AFFDB640A2FDA9400040024411
:10EDF0000000064400401E444EA78D40DDFD8D40BE
:10EE0000C12AE24000C00744000006440040184404
:10EE1000F51D9E404BCC95404149A840004002441E
:10EE200000C00B4400401844941791408AB0AB4096
:10EE30006D7EAA4000400244000006440040184491
:10EE4000736585401CC08A40FD02A9400000F8435C
:10EE5000000006440040184434F65D40B281804012
:10EE60008C5AA940004002440080FF4300401844EF
:10EE70004C197740378E5E40CC37A74000400244A3
:10EE800000000644004011443B557B40B54E87408E
:10EE900097FF6E400000F8430080FF430040184495
:10EEA0003C684940B51849404D3BA74000400244EA
:10EEB0000080FF4300401144960768408BC05740D4
:10EEC00003CE6B400000F8430000064400401144AC
:10EED000D13C4E40CFA1794089426F400000F843B9
:10EEE0000080FF430040114432023B404C524340FB
:10EEF00048A36C400080EA430080FF430040114477
:10EF0000560C1840981733403BE46C400000F8431F
:10EF10000000F24300401144395E2B40B60E17400A
:10EF2000C0086B400000F8430080FF4300800944A4
:10EF30007E182F40D4443E4008AB1D400080EA4379
:10EF40000000F2430040114435250840E4850640A6
:10EF50008C2C6B400000F8430000F2430080094411
:10EF6000F92F1F401C7E114057961B400080EA433A
:10EF70000080FF430080094401170C40FEF22D4041
:10EF800063D01D400080EA430000F2430080094442
:10EF90008CBAF83FB8AD014048321C400080DA43DB
:10EFA0000000F243008009442236C03F815BE93F04
:10EFB000EB731C400080EA430000E24300800944F8
:10EFC0003C67DF3F9D7FBB3FC2C31A400080EA43DE
:10EFD0000000F24300C00044F14AE63F0B7CFB3FD7
:10EFE0005323BE3F0080DA430000E243008009441F
:10EFF0004D13A63F3596A03F27BD1A400080EA4337
:10F000000000E24300C00044A9F6CB3FCB4DB23F25
:10F01000132ABA3F0080DA430000F24300C00044E4
:10F02000DF37AC3F164BDF3F69FEBC3F0080DA4361
:10F030000000E24300C00044BBD4923FD09A973F07
:10F04000DD09BA3F0080C6430000E24300C000442F
:10F05000D1AD533F0630853F8FFFBA3F0080DA4382
:10F060000080CF4300C000443465813F8F354B3F63
:10F0700020D1B83F0080DA430000E2430000ED43B6
:10F080007BBF853F71A9923F22883F3F0080C643E6
:10F090000080CF4300C00044AEF42E3FE1EB233F9D
:10F0A000F623B93F0080DA430080CF430000ED43F0
:10F0B00076FA653F85963D3F70B2393F0080C64382
:10F0C0000000E2430000ED430C5B373F7E527D3F82
:10F0D0003EEB3E3F0080C6430080CF430000ED433F
:10F0E000B56F123FCBDA163F2B133A3F0000AE4309
:10F0F0000080CF430000ED435050C23E2255003FF8
:10F1000060C83A3F0080C6430000BA430000ED43A8
:10F11000F375F93EC3D8B23E60AB383F0080C643BA
:10F120000080CF430080D5435C01013F95280F3F0D
:10F13000F625933E0000AE430000BA430000ED43C5
:10F14000E0A2933E3ECD813E0360383F0080C6433F
:10F150000000BA430080D5433430D23E170C9E3EA7
:10F16000A46F8A3E0000AE430080CF430080D543A9
:10F170001D939D3E537AEE3E5F9A923E0000AE4351
:10F180000000BA430080D543F3AD5F3EEF75623EA9
:10F1900038F68C3E000084430000BA430080D5431B
:10F1A000E65DF53D1078303E6DAC8C3E0000AE4320
:10F1B0000080A5430080D5434E61353EBCCEE63D80
:10F1C0008BA8893E0000AE430000BA430080BA43DA
:10F1D000317C343E8599463E637F593D000084432F
:10F1E0000080A5430080D54351859F3D0039813D76
:10F1F000B875873E0000AE430080A5430080BA4347
:10F2000087A30B3EE7C6B43DE00F3F3D00008443BB
:10F210000000BA430080BA43CD92A03D83F7153E6B
:10F220008EAE523D000084430080A5430080BA4367
:10F23000A29A123DADA4153D8274313D00808343F6
:10F240000080A5430080BA4302F00F3D363E133DD7
:10F25000A86E2E3D000084430000A5430080BA4301
:10F26000A46C113D8DD3103D70EE2F3D0000844302
:10F270000080A5430000BA43DA8C133D35B3163D38
:10F280000B27293D008083430000A5430080BA433B
:10F29000EC34123DF7CC123D1346333D000084435D
:10F2A0000000A5430000BA435D350F3D28F00E3D38
:10F2B000F04F293D008083430080A5430000BA43FE
:10F2C00083350E3DA12E123DD844263D0080834358
:10F2D0000000A5430000BA4318D00B3DDFE00B3D12
:10F2E0000630253D00C030440080324400C04D440B
:10F2F00022930E44890E15443B64384400802B440D
:10F300000080324400C04D44C35D034443DA0F44DF
:10F3100025E3384400C0304400802D4400C04D44F3
:10F32000A89E0A44917007447A3C384400C0304497
:10F330000080324400C04744AE080B442EAA144457
:10F340006602204400802B4400802D4400C04D44C0
:10F3500039A5FE431C21024458B9384400C030444A
:10F3600000802D4400C047445206074477ED064410
:10F370006AC61F4400802B440080324400C04744CA
:10F38000CB86FF43A26F0F445880204400802B445B
:10F3900000802D4400C04744343EF743E97F0144D8
:10F3A000891B20440040264400802D4400C047446F
:10F3B000868EE3438309FA4364A3204400802B44F0
:10F3C0000000284400C04744C86DEF437175E8430E
:10F3D000DCD81F4400802B4400802D4400004144B1
:10F3E000D7D1EF43340301445E0407440040264470
:10F3F0000000284400C047449B8ADB434B35DF4371
:10F40000B446204400802B440000284400004144BE
:10F4100062DDE7435D15E743F7AD0644004026444F
:10F4200000802D440000414443E9DB4341CFF843D1
:10F43000CE720744004026440000284400004144A6
:10F4400082CAD343AC99DD439B0107440040214469
:10F450000000284400004144441EC243DC8BD543D5
:10F46000CE7007440040264400C0224400004144BE
:10F4700038F0CC43A973C64307B90644004026447C
:10F480000000284400C03B445332CE43DD55DC43EA
:10F49000D4D2E9430040214400C02244000041444A
:10F4A0008C0CBB43F808BE43A10B07440040264424
:10F4B00000C0224400C03B44C27DC743DF5DC5435A
:10F4C000C979E943004021440000284400C03B447E
:10F4D0000C75BC433842D443DDA1EA4300402144CB
:10F4E00000C0224400C03B44F55EB54351A9BC4373
:10F4F00088D9E94300001C4400C0224400C03B44BA
:10F5000016FEA4434023B543269BEA430040214412
:10F5100000801D4400C03B44132AAF4315B9A743E4
:10F520001F5AE9430040214400C022440080354472
:10F53000FF9EAF43EBBABB43C4A2C34300001C44CD
:10F5400000801D4400C03B44D4869E433BD49F436F
:10F5500089D1E9430040214400801D4400803544A6
:10F56000BC13A943BD38A643B8BDC24300001C4428
:10F5700000C02244008035446D109F4389F6B34398
:10F58000F332C44300001C4400801D440080354415
:10F590001595984378979E43015DC3430000164438
:10F5A00000801D440080354495BA8743AFBB964325
:10F5B000090CC44300001C4400001844008035447A
:10F5C0007ECD9243D7448B43B9B4C24300001C4460
:10F5D00000801D4400002F440B4893435C9D9D43D5
:10F5E0005896A0430000164400001844008035449B
:10F5F000A7DC8143585D8343A75CC34300001C44E0
:10F600000000184400002F443F5B8D43900A8A435A
:10F6100090C89F430000164400801D4400002F4402
:10F6200032648243DCC19543B537A14300001644E0
:10F630000000184400002F4437F0784358338243C9
:10F64000E66AA043004010440000184400002F4424
:10F650006F1C5D439B867743CEEFA04300001644AA
:10F660000040124400002F4473606E439D3261439A
:10F670007CE79F43000016440000184400802844A3
:10F68000914F6F43F618814377E281430040104465
:10F690000040124400002F447C5A5243150D54433D
:10F6A0005658A043000016440040124400802844ED
:10F6B000E1B96443B1F15E432852814300401044F4
:10F6C0000000184400802844B8745343644C7543C8
:10F6D00010508243004010440040124400802844EF
:10F6E00048D34843EBF85143A5C7814300C00A44BF
:10F6F000004012440080284483BD31432DE9464335
:10F70000F5FA81430040104400800C4400802844F6
:10F710005EAB3F437DB933430C3681430040104418
:10F720000040124400002244E57C40432D1A50431F
:10F730000C6B4E4300C00A4400800C4400802844F7
:10F740006CB328437FE52843688881430040104418
:10F7500000800C44000022440B583743F7DA314351
:10F76000674D4D4300C00A4400401244000022444B
:10F77000D0A62943F49245430A404F4300C00A44AF
:10F7800000800C44000022444C2A2043BDD526436F
:10F79000D0B34D4300C0044400800C440000224418
:10F7A0004B220B43B5011D43785A4E4300C00A4417
:10F7B0000080064400002244B33E184370A40C436A
:10F7C000B3D94C4300C00A4400800C4400001B44E1
:10F7D0000F9C1843350A254302211E4300C00444F0
:10F7E000008006440000224456190343AFAC024394
:10F7F000CC674D4300C00A440080064400001B440F
:10F8000047BC1043C4DE0A43864A1D4300C004447B
:10F8100000800C4400001B442B7F034334201B4317
:10F820009FA11E4300C004440080064400001B4406
:10F8300052E0F6425DC70043A5A21D430000FD4310
:10F840000080064400001B44C93CD342640FF142CF
:10F85000E2291E4300C004440000004400001B4491
:10F860006389E84283B6D24269AB1C4300C00444BA
:10F8700000800644000014446E51EA423777FE428D
:10F880006AA9EC420000FD430000004400001B4454
:10F8900096CCC442C410C2429B411D4300C00444E4
:10F8A000000000440000144494D1DB42045ECF42C7
:10F8B0002380EA420000FD43008006440000144417
:10F8C000667FC64240D8ED42917DED420000FD4387
:10F8D0000000004400001444B2ECB7428B94BE42D6
:10F8E0002549EB420080EF4300000044000014442F
:10F8F000206899427C46B0429336EC420000FD43BA
:10F900000080F24300001444193BAC42F1C4984219
:10F910008485E9420000FD430000004400800C445F
:10F92000F375AD42092ABC42C74CA9420080EF439F
:10F930000080F2430000144489888D42E9338A42F2
:10F940005E36EA420000FD430080F24300800C4432
:10F9500081BCA142E53796429A82A7420080EF43DC
:10F960000000004400800C44CB7C8E42F941AD4243
:10F97000EB9CA9420080EF430080F24300800C44DE
:10F980003CE582420C8F87425313A8420080E0433B
:10F990000080F24300800C44777753420D01774298
:10F9A0002158A8420080EF430080E34300800C44CC
:10F9B000349572423DA35042C0DDA6420080EF4321
:10F9C0000080F2430040044456A67342750385420A
:10F9D00084D161420080E0430080E34300800C4416
:10F9E0004C8140428C143942856CA7420080EF4321
:10F9F0000080E343004004443C79604258974B4206
:10FA0000DA105F420080E0430080F243004004448B
:10FA10005ACE414285EA7242DDFB62420080E043F9
:10FA20000080E3430040044423162E425BCC334263
:10FA300025B55F420000CF430080E343004004440B
:10FA4000554B0542A0802042A48360420080E043E1
:10FA50000080D3430040044498B31F42202A05424B
:10FA6000D8AF5D420080E0430080E3430080F6436E
:10FA700050602042416B3042DDA10A420000CF437A
:10FA80000080D343004004447B73ED410150E341C7
:10FA90005F6A5E420080E0430080D3430080F6430B
:10FAA000C1CB1142C8640142F25E08420000CF435C
:10FAB0000080E3430080F643E4A2EE413FF11C42A4
:10FAC0003A280B420000CF430080D3430080F64326
:10FAD0007436D1417171DB4199D708420080C5432A
:10FAE0000080D3430080F6437335B341AD9DCD41D3
:10FAF000B23309420000CF430000CA430080F643FE
:10FB00002612C541B753B441A9F407420000CF43C0
:10FB10000080D3430080EB43A07CC5415B98D84173
:10FB2000B188C8410080C5430000CA430080F64345
:10FB3000BD0CA741ED42A641836308420000CF43BC
:10FB40000000CA430080EB43B948B941A452B14117
:10FB500040B9C6410080C5430080D3430080EB43D9
:10FB6000C708A7411825CA41CBCAC8410080C54370
:10FB70000000CA430080EB4360C79A4171D6A2419E
:10FB80009B1AC7410080BB430000CA430080EB437F
:10FB9000885F8141A5A296419248C7410080C54334
:10FBA0000080BF430080EB431F41904177FC8041C0
:10FBB000A77BC5410080C5430000CA430000E04365
:10FBC000351691413B2BA041EA828C410080BB431A
:10FBD0000080BF430080EB4369E56D41C51B6A416E
:10FBE00098F7C5410080C5430080BF430000E04353
:10FBF0001A77864180617C4162DC8A410080BB4388
:10FC00000000CA430000E043B49C6F414B5594414F
:10FC1000BDEF8C410080BB430080BF430000E04348
:10FC20008D405A41338E6441C4388B410000B0434B
:10FC30000080BF430000E043F9063141453F514198
:10FC4000F98A8B410080BB430000B4430000E043CD
:10FC50003AC54941BF712F41F2298A410080BB4317
:10FC60000080BF430000D4433FA84B41C3736041B1
:10FC70004D763D410000B0430000B4430000E04336
:10FC800003BD204191761C41A6B28A410080BB434E
:10FC90000000B4430000D443F5383B41E85F2B41FA
:10FCA000184D3B410000B0430080BF430000D443E7
:10FCB0006B38224177284D41B1E53D410000B0430A
:10FCC0000000B4430000D443AB75114145A1174176
:10FCD000EC843B410000AA430000B4430000D4433D
:10FCE000233701413D1710419F133C410000B043B1
:10FCF0000000AE430000D44321E70A414D91024188
:10FD000054743A410000B0430000B4430080CD4336
:10FD10006E930B414B451641A52C17410000AA4399
:10FD20000000AE430000D443F376F440EC17F540F6
:10FD3000C4853A410000B0430000AE430080CD438B
:10FD40003F0105417D100141015516410000AA43C4
:10FD50000000B4430080CD43C1EEF5405B310E415D
:10FD6000F34017410000AA430000AE430080CD439A
:10FD70000BFEE840A994F240F09E16410080A24399
:10FD80000000AE430080CD43B893C7409E5FE24081
:10FD9000EB8616410000AA430000A7430080CD4334
:10FDA0000E4EDC408732CA402F8115410000AA4325
:10FDB0000000AE430000C643F74ADD40B001EF400B
:10FDC000E421E7400080A2430000A7430080CD4328
:10FDD000552FBB400474BA40A6C115410000AA4388
:10FDE0000000A7430000C6439286D0401C7CC6405A
:10FDF0006763E5400080A2430000AE430000C643B5
:10FE0000876ABC409EC3DF4013BBE7400080A2432B
:10FE10000000A7430000C643A27FAF4079E9B64087
:10FE200002BAE54000809B430000A7430000C643A0
:10FE300012BE974012B1AB409092E6400080A243C0
:10FE400000809F430000C643A626A54064EB954072
:10FE50006780E4400080A2430000A7430080BD43C8
:10FE6000738FA5407A27B440A1CDA94000809B4361
:10FE700000809F430000C6436C4E8D4083B38A4090
:10FE8000B0B8E4400080A24300809F430080BD439F
:10FE900046289B40D7129340BB6FA84000809B43ED
:10FEA0000000A7430080BD4369B68D40E0E5A8404F
:10FEB000FF06AA4000809B4300809F430080BD4313
:10FEC000296A83405DEE87403EBCA8400080934392
:10FED00000809F430080BD43CAFB5C40F9F67B4035
:10FEE0009AFBA84000809B43008097430080BD435D
:10FEF0007F167640CA875A404B59A74000809B43E3
:10FF000000809F430000B543D674774045CA8540C2
:10FF10009AB6744000809343008097430080BD43AD
:10FF2000F7584C402FFD4640FBBCA74000809B4348
:10FF3000008097430000B54347B066401A325640F0
:10FF4000357E72400080934300809F430000B5439C
:10FF50001F9D4D403FC77740B22A754000809343B4
:10FF6000008097430000B54358C53C405D52424075
:10FF700033DE724000808843008097430000B54321
:10FF800053B2144085422F407B1673400080934348
:10FF900000008E430000B543AE2C2E404643144073
:10FFA000A378704000809343008097430080AA4369
:10FFB00029042F40287F3E4075901F4000808843D1
:10FFC00000008E430000B543AA44064098860140D5
:10FFD000E31771400080934300008E430080AA43E2
:10FFE000295F2040FA41104026391D400080884397
:10FFF000008097430080AA4353EB0640CB682B4018
:020000040803EF
:1000000027C21F400080884300008E430080AA431F
:10001000BD6FF03FF888FA3FCB641D4000007E437F
:1000200000008E430080AA43D76DC03FCC24E43F3C
:1000300033C51D4000808843000084430080AA43EC
:100040004260DB3F5916B83FE6EA1B400080884318
:1000500000008E4300009F439C4EDC3F95F2F43F2E
:10006000A930C23F00007E43000084430080AA43C1
:100070006F12AB3F5723A13F622C1C400080884386
:100080000000844300009F434013C73F522BB23F00
:10009000AED3BE3F00007E4300008E4300009F436E
:1000A0006476AC3FA3B1DE3F43CBC23F00007E434A
:1000B0000000844300009F436ADD963F02489B3F57
:1000C0002024BF3F000062430000844300009F43A0
:1000D0000474573FAC1D873F09C6BF3F00007E43F5
:1000E00000006F4300009F43DF33863FACA94C3FC5
:1000F000C30EBD3F00007E43000084430080904358
:100100005D6F873F5EF5963FFA7A463F0000624397
:1001100000006F4300009F43A04E353F2670233FF1
:100120007D92BD3F00007E4300006F4300809043FE
:10013000DCBD6C3F0DFA423F0395413F0000624336
:1001400000008443008090430D37383FC39A823FBC
:100150003508473F0000624300006F430080904332
:1001600073F3153F78F2193FDF52423F00004243DC
:1001700000006F43008090436347C33EB308013FD4
:100180007A17433F000062430000544300809043CD
:1001900086E4003F1096B13E08773F3F000062437F
:1001A00000006F4300007C43BE6B003FB534133F3B
:1001B000793C8D3E00004243000054430080904350
:1001C0009607993E9C1A803EEB36403F0000624302
:1001D0000000544300007C43618ED63EDD7CA33E8C
:1001E0003124873E0000424300006F4300007C43FF
:1001F000F5F6973EA6B6F43E11C88D3E0000424388
:100200000000544300007C4341445A3E3623633E81
:100210003693873E000021430000544300007C4396
:100220003B38F83D96CB363EAE67883E00004243F1
:1002300000003C4300007C4333DF313E4985D13D23
:10024000C0CB843E000042430000544300005543AD
:10025000317A2E3E465F513E56B9503D0000214353
:1002600000003C4300007C439F1CA53D6AFA6C3DA6
:10027000643D853E0000424300003C43000055437E
:100280007D5A053EB708AC3DAC74373D00002143B4
:1002900000005443000055438C499F3D9FCB243EB2
:1002A000CADE523D0000214300003C43000055439C
:1002B000B395173D5F97213D728B393D0000204378
:1002C00000003C4300005543C4EA0F3D58CB1D3DA0
:1002D00004E8373D0000214300003B430000554344
:1002E000492A133D67B7163DE128393D00002143F7
:1002F00000003C43000054439E5F143D6E6A203D65
:10030000E8DC2D3D0000204300003B430000554346
:100310005A820C3D7B2E133D7B4B393D000021431F
:1003200000003B430000544349490F3D761B143DF8
:10033000A6272C3D0000204300003C43000054430E
:10034000A0DE0C3DF9691C3D3D0C2D3D0000204315
:1003500000003B430000544369E3083D537B113DDB
:1003600019722C3D00C030440080324400C04D441E
:1003700022930E44890E15443B64384400802B447C
:100380000080324400C04D44C35D034443DA0F444F
:1003900025E3384400C0304400802D4400C04D4463
:1003A000A89E0A44917007447A3C384400C0304407
:1003B0000080324400C04744AE080B442EAA1444C7
:1003C0006602204400802B4400802D4400C04D4430
:1003D00039A5FE431C21024458B9384400C03044BA
:1003E00000802D4400C047445206074477ED064480
:1003F0006AC61F4400802B440080324400C047443A
:10040000CB86FF43A26F0F445880204400802B44CA
:1004100000802D4400C04744343EF743E97F014447
:10042000891B20440040264400802D4400C04744DE
:10043000868EE3438309FA4364A3204400802B445F
:100440000000284400C04744C86DEF437175E8437D
:10045000DCD81F4400802B4400802D440000414420
:10046000D7D1EF43340301445E04074400402644DF
:100470000000284400C047449B8ADB434B35DF43E0
:10048000B446204400802B4400002844000041442E
:1004900062DDE7435D15E743F7AD064400402644BF
:1004A00000802D440000414443E9DB4341CFF84341
:1004B000CE72074400402644000028440000414416
:1004C00082CAD343AC99DD439B01074400402144D9
:1004D0000000284400004144441EC243DC8BD54345
:1004E000CE7007440040264400C02244000041442E
:1004F00038F0CC43A973C64307B9064400402644EC
:100500000000284400C03B445332CE43DD55DC4359
:10051000D4D2E9430040214400C0224400004144B9
:100520008C0CBB43F808BE43A10B07440040264493
:1005300000C0224400C03B44C27DC743DF5DC543C9
:10054000C979E943004021440000284400C03B44ED
:100550000C75BC433842D443DDA1EA43004021443A
:1005600000C0224400C03B44F55EB54351A9BC43E2
:1005700088D9E94300001C4400C0224400C03B4429
:1005800016FEA4434023B543269BEA430040214482
:1005900000801D4400C03B44132AAF4315B9A74354
:1005A0001F5AE9430040214400C0224400803544E2
:1005B000FF9EAF43EBBABB43C4A2C34300001C443D
:1005C00000801D4400C03B44D4869E433BD49F43DF
:1005D00089D1E9430040214400801D440080354416
:1005E000BC13A943BD38A643B8BDC24300001C4498
:1005F00000C02244008035446D109F4389F6B34308
:10060000F332C44300001C4400801D440080354484
:100610001595984378979E43015DC34300001644A7
:1006200000801D440080354495BA8743AFBB964394
:10063000090CC44300001C440000184400803544E9
:100640007ECD9243D7448B43B9B4C24300001C44CF
:1006500000801D4400002F440B4893435C9D9D4344
:100660005896A0430000164400001844008035440A
:10067000A7DC8143585D8343A75CC34300001C444F
:100680000000184400002F443F5B8D43900A8A43CA
:1006900090C89F430000164400801D4400002F4472
:1006A00032648243DCC19543B537A1430000164450
:1006B0000000184400002F4437F078435833824339
:1006C000E66AA043004010440000184400002F4494
:1006D0006F1C5D439B867743CEEFA043000016441A
:1006E0000040124400002F4473606E439D3261430A
:1006F0007CE79F4300001644000018440080284413
:10070000914F6F43F618814377E2814300401044D4
:100710000040124400002F447C5A5243150D5443AC
:100720005658A0430000164400401244008028445C
:10073000E1B96443B1F15E43285281430040104463
:100740000000184400802844B8745343644C754337
:10075000105082430040104400401244008028445E
:1007600048D34843EBF85143A5C7814300C00A442E
:10077000004012440080284483BD31432DE94643A4
:10078000F5FA81430040104400800C440080284466
:100790005EAB3F437DB933430C3681430040104488
:1007A0000040124400002244E57C40432D1A50438F
:1007B0000C6B4E4300C00A4400800C440080284467
:1007C0006CB328437FE52843688881430040104488
:1007D00000800C44000022440B583743F7DA3143C1
:1007E000674D4D4300C00A440040124400002244BB
:1007F000D0A62943F49245430A404F4300C00A441F
:1008000000800C44000022444C2A2043BDD52643DE
:10081000D0B34D4300C0044400800C440000224487
:100820004B220B43B5011D43785A4E4300C00A4486
:100830000080064400002244B33E184370A40C43D9
:10084000B3D94C4300C00A4400800C4400001B4450
:100850000F9C1843350A254302211E4300C004445F
:10086000008006440000224456190343AFAC024303
:10087000CC674D4300C00A440080064400001B447E
:1008800047BC1043C4DE0A43864A1D4300C00444EB
:1008900000800C4400001B442B7F034334201B4387
:1008A0009FA11E4300C004440080064400001B4476
:1008B00052E0F6425DC70043A5A21D430000FD4380
:1008C0000080064400001B44C93CD342640FF1423F
:1008D000E2291E4300C004440000004400001B4401
:1008E0006389E84283B6D24269AB1C4300C004442A
:1008F00000800644000014446E51EA423777FE42FD
:100900006AA9EC420000FD430000004400001B44C3
:1009100096CCC442C410C2429B411D4300C0044453
:10092000000000440000144494D1DB42045ECF4236
:100930002380EA420000FD43008006440000144486
:10094000667FC64240D8ED42917DED420000FD43F6
:100950000000004400001444B2ECB7428B94BE4245
:100960002549EB420080EF4300000044000014449E
:10097000206899427C46B0429336EC420000FD4329
:100980000080F24300001444193BAC42F1C4984289
:100990008485E9420000FD430000004400800C44CF
:1009A000F375AD42092ABC42C74CA9420080EF430F
:1009B0000080F2430000144489888D42E9338A4262
:1009C0005E36EA420000FD430080F24300800C44A2
:1009D00081BCA142E53796429A82A7420080EF434C
:1009E0000000004400800C44CB7C8E42F941AD42B3
:1009F000EB9CA9420080EF430080F24300800C444E
:100A00003CE582420C8F87425313A8420080E043AA
:100A10000080F24300800C44777753420D01774207
:100A20002158A8420080EF430080E34300800C443B
:100A3000349572423DA35042C0DDA6420080EF4390
:100A40000080F2430040044456A673427503854279
:100A500084D161420080E0430080E34300800C4485
:100A60004C8140428C143942856CA7420080EF4390
:100A70000080E343004004443C79604258974B4275
:100A8000DA105F420080E0430080F24300400444FB
:100A90005ACE414285EA7242DDFB62420080E04369
:100AA0000080E3430040044423162E425BCC3342D3
:100AB00025B55F420000CF430080E343004004447B
:100AC000554B0542A0802042A48360420080E04351
:100AD0000080D3430040044498B31F42202A0542BB
:100AE000D8AF5D420080E0430080E3430080F643DE
:100AF00050602042416B3042DDA10A420000CF43EA
:100B00000080D343004004447B73ED410150E34136
:100B10005F6A5E420080E0430080D3430080F6437A
:100B2000C1CB1142C8640142F25E08420000CF43CB
:100B30000080E3430080F643E4A2EE413FF11C4213
:100B40003A280B420000CF430080D3430080F64395
:100B50007436D1417171DB4199D708420080C54399
:100B60000080D3430080F6437335B341AD9DCD4142
:100B7000B23309420000CF430000CA430080F6436D
:100B80002612C541B753B441A9F407420000CF4330
:100B90000080D3430080EB43A07CC5415B98D841E3
:100BA000B188C8410080C5430000CA430080F643B5
:100BB000BD0CA741ED42A641836308420000CF432C
:100BC0000000CA430080EB43B948B941A452B14187
:100BD00040B9C6410080C5430080D3430080EB4349
:100BE000C708A7411825CA41CBCAC8410080C543E0
:100BF0000000CA430080EB4360C79A4171D6A2410E
:100C00009B1AC7410080BB430000CA430080EB43EE
:100C1000885F8141A5A296419248C7410080C543A3
:100C20000080BF430080EB431F41904177FC80412F
:100C3000A77BC5410080C5430000CA430000E043D4
:100C4000351691413B2BA041EA828C410080BB4389
:100C50000080BF430080EB4369E56D41C51B6A41DD
:100C600098F7C5410080C5430080BF430000E043C2
:100C70001A77864180617C4162DC8A410080BB43F7
:100C80000000CA430000E043B49C6F414B559441BF
:100C9000BDEF8C410080BB430080BF430000E043B8
:100CA0008D405A41338E6441C4388B410000B043BB
:100CB0000080BF430000E043F9063141453F514108
:100CC000F98A8B410080BB430000B4430000E0433D
:100CD0003AC54941BF712F41F2298A410080BB4387
:100CE0000080BF430000D4433FA84B41C373604121
:100CF0004D763D410000B0430000B4430000E043A6
:100D000003BD204191761C41A6B28A410080BB43BD
:100D10000000B4430000D443F5383B41E85F2B4169
:100D2000184D3B410000B0430080BF430000D44356
:100D30006B38224177284D41B1E53D410000B04379
:100D40000000B4430000D443AB75114145A11741E5
:100D5000EC843B410000AA430000B4430000D443AC
:100D6000233701413D1710419F133C410000B04320
:100D70000000AE430000D44321E70A414D910241F7
:100D800054743A410000B0430000B4430080CD43A6
:100D90006E930B414B451641A52C17410000AA4309
:100DA0000000AE430000D443F376F440EC17F54066
:100DB000C4853A410000B0430000AE430080CD43FB
:100DC0003F0105417D100141015516410000AA4334
:100DD0000000B4430080CD43C1EEF5405B310E41CD
:100DE000F34017410000AA430000AE430080CD430A
:100DF0000BFEE840A994F240F09E16410080A24309
:100E00000000AE430080CD43B893C7409E5FE240F0
:100E1000EB8616410000AA430000A7430080CD43A3
:100E20000E4EDC408732CA402F8115410000AA4394
:100E30000000AE430000C643F74ADD40B001EF407A
:100E4000E421E7400080A2430000A7430080CD4397
:100E5000552FBB400474BA40A6C115410000AA43F7
:100E60000000A7430000C6439286D0401C7CC640C9
:100E70006763E5400080A2430000AE430000C64324
:100E8000876ABC409EC3DF4013BBE7400080A2439B
:100E90000000A7430000C643A27FAF4079E9B640F7
:100EA00002BAE54000809B430000A7430000C64310
:100EB00012BE974012B1AB409092E6400080A24330
:100EC00000809F430000C643A626A54064EB9540E2
:100ED0006780E4400080A2430000A7430080BD4338
:100EE000738FA5407A27B440A1CDA94000809B43D1
:100EF00000809F430000C6436C4E8D4083B38A4000
:100F0000B0B8E4400080A24300809F430080BD430E
:100F100046289B40D7129340BB6FA84000809B435C
:100F20000000A7430080BD4369B68D40E0E5A840BE
:100F3000FF06AA4000809B4300809F430080BD4382
:100F4000296A83405DEE87403EBCA8400080934301
:100F500000809F430080BD43CAFB5C40F9F67B40A4
:100F60009AFBA84000809B43008097430080BD43CC
:100F70007F167640CA875A404B59A74000809B4352
:100F800000809F430000B543D674774045CA854032
:100F90009AB6744000809343008097430080BD431D
:100FA000F7584C402FFD4640FBBCA74000809B43B8
:100FB000008097430000B54347B066401A32564060
:100FC000357E72400080934300809F430000B5430C
:100FD0001F9D4D403FC77740B22A75400080934324
:100FE000008097430000B54358C53C405D524240E5
:100FF00033DE724000808843008097430000B54391
:1010000053B2144085422F407B16734000809343B7
:1010100000008E430000B543AE2C2E4046431440E2
:10102000A378704000809343008097430080AA43D8
:1010300029042F40287F3E4075901F400080884340
:1010400000008E430000B543AA4406409886014044
:10105000E31771400080934300008E430080AA4351
:10106000295F2040FA41104026391D400080884306
:10107000008097430080AA4353EB0640CB682B4087
:1010800027C21F400080884300008E430080AA438F
:10109000BD6FF03FF888FA3FCB641D4000007E43EF
:1010A00000008E430080AA43D76DC03FCC24E43FAC
:1010B00033C51D4000808843000084430080AA435C
:1010C0004260DB3F5916B83FE6EA1B400080884388
:1010D00000008E4300009F439C4EDC3F95F2F43F9E
:1010E000A930C23F00007E43000084430080AA4331
:1010F0006F12AB3F5723A13F622C1C4000808843F6
:101100000000844300009F434013C73F522BB23F6F
:10111000AED3BE3F00007E4300008E4300009F43DD
:101120006476AC3FA3B1DE3F43CBC23F00007E43B9
:101130000000844300009F436ADD963F02489B3FC6
:101140002024BF3F000062430000844300009F430F
:101150000474573FAC1D873F09C6BF3F00007E4364
:1011600000006F4300009F43DF33863FACA94C3F34
:10117000C30EBD3F00007E430000844300809043C7
:101180005D6F873F5EF5963FFA7A463F0000624307
:1011900000006F4300009F43A04E353F2670233F61
:1011A0007D92BD3F00007E4300006F43008090436E
:1011B000DCBD6C3F0DFA423F0395413F00006243A6
:1011C00000008443008090430D37383FC39A823F2C
:1011D0003508473F0000624300006F4300809043A2
:1011E00073F3153F78F2193FDF52423F000042434C
:1011F00000006F43008090436347C33EB308013F44
:101200007A17433F0000624300005443008090433C
:1012100086E4003F1096B13E08773F3F00006243EE
:1012200000006F4300007C43BE6B003FB534133FAA
:10123000793C8D3E000042430000544300809043BF
:101240009607993E9C1A803EEB36403F0000624371
:101250000000544300007C43618ED63EDD7CA33EFB
:101260003124873E0000424300006F4300007C436E
:10127000F5F6973EA6B6F43E11C88D3E00004243F7
:101280000000544300007C4341445A3E3623633EF1
:101290003693873E000021430000544300007C4306
:1012A0003B38F83D96CB363EAE67883E0000424361
:1012B00000003C4300007C4333DF313E4985D13D93
:1012C000C0CB843E0000424300005443000055431D
:1012D000317A2E3E465F513E56B9503D00002143C3
:1012E00000003C4300007C439F1CA53D6AFA6C3D16
:1012F000643D853E0000424300003C4300005543EE
:101300007D5A053EB708AC3DAC74373D0000214323
:1013100000005443000055438C499F3D9FCB243E21
:10132000CADE523D0000214300003C43000055430B
:10133000B395173D5F97213D728B393D00002043E7
:1013400000003C4300005543C4EA0F3D58CB1D3D0F
:1013500004E8373D0000214300003B4300005543B3
:10136000492A133D67B7163DE128393D0000214366
:1013700000003C43000054439E5F143D6E6A203DD4
:10138000E8DC2D3D0000204300003B4300005543B6
:101390005A820C3D7B2E133D7B4B393D000021438F
:1013A00000003B430000544349490F3D761B143D68
:1013B000A6272C3D0000204300003C43000054437E
:1013C000A0DE0C3DF9691C3D3D0C2D3D0000204385
:1013D00000003B430000544369E3083D537B113D4B
:1013E00019722C3D00002B4400C02C4400C0404426
:1013F00082021C415EB2214183E6444100C0274481
:1014000000C02C4400C0404470480F41F1791B419A
:101410009147444100002B4400C0294400C040448F
:10142000C3731641831D1241615F434100002B4489
:1014300000C02C4400803D448EC0164180791F417D
:101440009099294100C0274400C0294400C040446D
:1014500009CD094122020C41E0DE424100002B444B
:1014600000C0294400803D44588C1141415C10412A
:101470009AA5284100C0274400C02C4400803D4468
:10148000A2430A41A97219417DA1294100C0274404
:1014900000C0294400803D44562D0541577D0A4136
:1014A0007DD528410080244400C0294400803D446B
:1014B0001974F64022DF05417972294100C02744A2
:1014C0000080264400803D447BDF0041F793FA40D2
:1014D0003F3F284100C0274400C0294400403A440F
:1014E000A3AC0141878B0941B54F134100802444CF
:1014F0000080264400803D44492CED409DBCF040D6
:10150000EA85284100C027440080264400403A4430
:101510008B99FA4036A2F840FDB312410080244472
:1015200000C0294400403A440CF9EE4033AB04417A
:10153000FA791341008024440080264400403A4454
:10154000AA10E6405AC6EE40BDC8124100402144F0
:101550000080264400403A44337ED340491FE64091
:1015600011EB1241008024440040234400403A44DF
:10157000B91BDE402461D640054C12410080244452
:101580000080264400003744532EDF406AA3EC401D
:101590009C44FD40004021440040234400403A4424
:1015A000B937CB40637ACD40ED4D124100802444E1
:1015B00000402344000037445644D740FA71D440D9
:1015C0003075FC4000402144008026440000374430
:1015D0009693CC409B01E440E745FD400040214408
:1015E00000402344000037445870C440DC83CB40A3
:1015F00069ACFC4000401D440040234400003744D7
:10160000AD33B140167AC240FDBCFC4000402144DD
:1016100000801F44000037444068BC40A689B340A6
:10162000E065FB4000402144004023440000334477
:101630008F71BD409D74C9404D10D34000401D4482
:1016400000801F4400003744323DA9409E87AA40D5
:10165000E2A3FB400040214400801F4400003344CB
:101660009763B540A289B140C1E4D14000401D4418
:1016700000402344000033448BCFA9409207C04070
:101680002B76D24000401D4400801F4400003344AC
:101690008E20A240316EA8401FAFD14000001944F7
:1016A00000801F440000334447F49040C63FA040F0
:1016B0009082D14000401D4400C01B4400003344D0
:1016C000DB5D9B4039299440C3C4D04000401D4499
:1016D00000801F4400C02E440C109C4022C2A64033
:1016E00002E7AC400000194400C01B440000334432
:1016F000F86C8A4026358C40A7E9D04000401D4454
:1017000000C01B4400C02E443FC694404B0392408F
:10171000296DAB400000194400801F4400C02E44D6
:1017200005CD8A403D7D9E4018BFAC400000194465
:1017300000C01B4400C02E44F8FF8340A0328A4002
:1017400021CDAB400040154400C01B4400C02E44D6
:1017500061886E40D436844039FEAB4000001944A5
:101760000000184400C02E44F2CF7C4092767240B4
:101770005515AB400000194400C01B4400002B4429
:101780007EE17E40180B894092698F4000401544ED
:101790000000184400C02E44B80163402F36664054
:1017A000DE2FAB40000019440000184400002B4419
:1017B000D652734000C86F40CB838E400040154422
:1017C00000C01B4400002B44C5FE644020D482406E
:1017D00044788F40004015440000184400002B441A
:1017E00078B6594020B763405CC78E4000C01044B3
:1017F0000000184400002B44D57941407B665840D6
:101800006F538F40004015440080134400002B4468
:10181000D76D4E4073484140351A8E400040154404
:101820000000184400C025449CBF4E40F0A7604013
:1018300071545C4000C010440080134400002B44ED
:1018400071933540CE523540595E8E40004015446C
:101850000080134400C02544FD164340BDE23D40D6
:1018600073A25A4000C010440000184400C0254430
:101870006CEB35400CCD5440035E5B4000C010441F
:101880000080134400C02544EA3F2A40020C324045
:10189000B4C7594000400C440080134400C02544A4
:1018A000946816400ED92840569F5A4000C01044F4
:1018B00000000F4400C025440265214076FB16401D
:1018C0002FFB584000C01044008013440000214406
:1018D00078D42240A81D3040FF592C4000400C44D1
:1018E00000000F4400C02544950B0D408F360D407D
:1018F000793B594000C0104400000F4400002144CF
:101900009084194027A11440410D2B4000400C4405
:101910000080134400002144D89A0E40AFB3264003
:1019200014B22B4000400C4400000F44000021443E
:1019300079580540D9240B40207A2A4000C006443B
:1019400000000F44000021442505E43F8CF40140D1
:10195000E2212B4000400C4400C009440000214417
:101960006DA8F83FC9E7E13FAEF3284000400C44C2
:1019700000000F4400801B44EDF0FB3F99D7084066
:10198000E02AFF3F00C0064400C009440000214493
:101990009162D23FC8CECF3F59FA294000400C4453
:1019A00000C0094400801B441C98EA3F80F0DD3FE2
:1019B000ABEBFC3F00C0064400000F4400801B441A
:1019C0008B38D53FC783FF3F00E2FE3F00C006448F
:1019D00000C0094400801B44AA27C33FF9F4CA3F52
:1019E0001BF2FB3F00C0004400C0094400801B44C0
:1019F0006E6EA43FB799BC3F1920FD3F00C006445E
:101A00000040044400801B44AEF5B53FA20EA33F46
:101A1000D49CFA3F00C0064400C00944008015442D
:101A20004F93B73F06F3C73FBF28B53F00C0004400
:101A30000040044400801B44B7D5963F1955943F9D
:101A4000DA8EFB3F00C00644004004440080154489
:101A50001094A93F10249F3F67F3B23F00C0004499
:101A600000C0094400801544D13C983F711DB93F26
:101A70009CA3B43F00C000440040044400801544CF
:101A8000895C8A3F618C903F15A9B23F0000F54305
:101A90000040044400801544E816663FAD6C853F65
:101AA00048A9B23F00C000440000FD430080154437
:101AB000A1A27E3F5133603FB935B13F00C0004421
:101AC0000040044400000F446DAA803F446D8D3FE8
:101AD0008A21753F0000F5430000FD430080154456
:101AE0001FF54F3F17F1493FE04BB13F00C00044A5
:101AF0000000FD4300000F4499656B3F73125A3F8D
:101B00002C64723F0000F5430040044400000F4481
:101B100093DF523F279F823F713B743F0000F543A4
:101B20000000FD4300000F4498FB3C3FC575443F57
:101B300042B1713F0000E5430000FD4300000F4447
:101B4000EF8D153F46B4313FF12F723F0000F54352
:101B50000000F04300000F44BFBA2A3FAD6C0F3FB6
:101B600071216F3F0000F5430000FD4300800744F2
:101B700081ED2C3FAD4D3F3F9A0A153F0000E543F4
:101B80000000F04300000F44A54B033F5663F93EAD
:101B90002EE66F3F0000F5430000F043008007444D
:101BA000EA951A3FC6350A3FDE56123F0000E5436C
:101BB0000000FD43008007441F0F053F39442C3FC0
:101BC000D176143F0000E5430000F0430080074455
:101BD000C555E53E670DEE3E56BC113F0080DB4328
:101BE0000000F04300800744D89AC53E7347DF3EAB
:101BF0002EE4113F0000E5430000E9430080074464
:101C00003832D73E5000C53EB2F1103F0000E543E8
:101C10000000F0430080034400C5D83E6F9BE93EBE
:101C20001747DD3E0080DB430000E94300800744A6
:101C3000C11AB73E67B4B53E24D0103F0000E5435B
:101C40000000E9430080034409A6CA3E54C9C03ECF
:101C50006DA9DB3E0080DB430000F04300800344BD
:101C6000D0B8B83EB6F2DA3E3FA8DB3E0080DB4398
:101C70000000E94300800344C6A5AA3E03B0B13E7C
:101C8000F014DA3E0000D1430000E9430080034431
:101C9000C6A5923EF641A63E6D70DA3E0080DB435B
:101CA0000000E24300800344E7509E3EC8B48E3EED
:101CB0001A53D83E0080DB430000E9430000FE4396
:101CC0004A269F3EE883AD3E67279B3E0000D143F6
:101CD0000000E24300800344300E863E24D6823E5C
:101CE000AA64D83E0080DB430000E2430000FE43CC
:101CF000B7CF923EFB768A3E0A80993E0000D143E0
:101D00000000E9430000FE4354A8863E8197A13EAF
:101D1000E6AD9A3E0000D1430000E2430000FE43DE
:101D2000124C753E64B17D3E444C993E0000C34365
:101D30000000E2430000FE4323DB493E3D43683E92
:101D4000D922993E0000D1430080DA430000FE43CF
:101D5000247F603EEDD6423EED0B983E0000D1431D
:101D60000000E2430080F443B493613ED8F3753E33
:101D70004E994B3E0000C3430080DA430000FE430F
:101D800027BC343E10CD2C3E13B6973E0000D14305
:101D90000080DA430080F44394DD4C3E9D2E3B3EB0
:101DA000B22F493E0000C3430000E2430080F443E9
:101DB00009FB363ED15A613E53CD4C3E0000C34331
:101DC0000080DA430080F44309F9203E34BD243E0C
:101DD000F71F493E0000B9430080DA430080F44316
:101DE000BBD30D3E700A1B3E6B64473E0000C343ED
:101DF0000000D8430080F4435F291B3EF086143E68
:101E0000F0FB473E0000C3430080DA430080F0430C
:101E1000E5F0193E2A1F223EB118253E0000B943C5
:101E20000000D8430080F443707D083E14230B3E2D
:101E30005A68473E0000C3430000D8430080F04387
:101E40004E0D143E7BA4113E3D98243E0000B94344
:101E50000080DA430080F0434CFB063EDB8B183EEB
:101E6000B6BF233E0000B9430000D8430080F043D2
:101E7000D009013E060E083EAFD1223E0080AE439F
:101E80000000D8430080F04332E8E43DE833003EF0
:101E9000E9F3213E0000B9430000D4430080F04341
:101EA0002B6AF03D61FDDF3D753D213E0000B943E9
:101EB0000000D8430080EB433599F13D2925043ECD
:101EC000C2A1F73D0080AE430000D4430080F04340
:101ED000865AD33DCF82D03D1AA4203E0000B9439C
:101EE0000000D4430080EB433E05E03D3B38D83D45
:101EF000BC77F43D0080AE430000D8430080EB4344
:101F0000DBF8D33DB4CBF73DD718F43D0080AE43AA
:101F10000000D4430080EB43E1F0C23D1B9CC83D70
:101F200047E6F13D0080A7430000D4430080EB4327
:101F3000E5F1B43D20F0C03D5E10F13D0080AE43C0
:101F40000000D2430080EB431574BB3D30F5B33D38
:101F50008B34F13D0080AE430000D4430080E84361
:101F60008BFCBA3D61E1C43D2BC2CD3D0080A7434F
:101F70000000D2430080EB438368AD3D7764AC3D05
:101F8000B33FF03D0080AE430000D2430080E84301
:101F9000E8F6B23D2787AF3D42B3CB3D0080A74373
:101FA0000000D4430080E843085BAC3D6FF2BB3DCA
:101FB000EC17CC3D0080A7430000D2430080E843EB
:101FC000399DA43DA0C1A63D1897CA3D00809F43FE
:101FD0000000D2430080E8437E1D983D158B9F3D55
:101FE000AA62CA3D0080A7430080D0430080E84336
:101FF00031CE9F3D3BA7993D6ABECA3D0080A743B5
:102000000000D2430080E6435A459F3D9C6FA43DAB
:10201000A12EB23D00809F430080D0430080E84362
:10202000F9D7923D8995913D9AB4C93D0080A74367
:102030000080D0430080E6437FF8993D902E963D86
:1020400015ACB13D00809F430000D2430080E643C1
:102050000917923DA7789C3D9965AF3D00809F434D
:102060000080D0430080E64305868C3DA14D8E3D27
:10207000FD6AAE3D008099430080D0430080E64376
:10208000B7EB853DF25D8A3D4BE8AE3D00809F4356
:102090000080CA430080E6435C71713DF511383D14
:1020A000E9D3AA3D00809F430080D0430080E043F5
:1020B00001857A3D0491853DC6DD603D00809943F0
:1020C0000080CA430080E6434E5E643D4E98303D3A
:1020D0009B8FAB3D00809F430080CA430080E0435C
:1020E000C28A533D4513283D46D3593D008099434C
:1020F0000080D0430080E043E4C06B3D020E813D90
:102100009DBE5E3D008099430080CA430080E0434D
:10211000C2DB433DE5801D3DBEBE563D008095437C
:102120000080CA430080E04316DD3A3D075F183D5A
:1021300010B0563D008099430080C6430080E043C4
:1021400057EC2F3D31B2E43CA985523D00809943C4
:102150000080CA430080DC4350FE2E3D5F79103D75
:10216000BE680F3D008095430080C6430080E04379
:10217000BB98263D78D1D73CB51A523D0080994393
:102180000080C6430080DC432B681A3D89D3C93CDC
:10219000064A0A3D008095430080CA430080DC4324
:1021A000C1AB253DBCAF0A3D76340E3D0080954362
:1021B0000080C6430080DC43E61E123D4EB3C03CA7
:1021C00000C8093D000095430080C6430080DC4301
:1021D000C6C2103D5798BE3C98A6083D0080954366
:1021E0000000C6430080DC43A1BC0F3D2097B83CF3
:1021F0005838093D008095430080C6430000DC4309
:1022000096240F3DA642BC3C5A45FF3C0000954336
:102210000000C6430080DC4392770E3D2A54B73C51
:102220001D05083D008095430000C6430000DC43C7
:102230004A400C3DFEF3B43CA12CFC3C000095430D
:102240000080C6430000DC43DC0E0D3DFF40B93C7E
:102250009084FD3C000095430000C6430000DC4331
:1022600021900B3D289EB33C15E3FC3C0080944339
:102270000000C6430000DC43C39A0A3D2907B33C73
:10228000795AFE3C000095430080C5430000DC43C2
:1022900087FE093D9FABAD3CD2C7FC3C0000954397
:1022A0000000C6430080DB43289D083D083CB03C4D
:1022B000145FED3C008094430080C5430000DC4384
:1022C0005663093D3621AD3C164CFC3C000095435D
:1022D0000080C5430080DB43E412073DFDBCA93C00
:1022E0002CF2EB3C008094430000C6430080DB43AB
:1022F000BA68083D65C2AF3C0933ED3C00809443A9
:102300000080C5430080DB4385B4063D492CA93CD1
:1023100071E5EC3C000094430080C5430080DB4342
:1023200005FD053D4C6DA93C59C1EF3C008094432F
:102330000000C5430080DB43A185043DBC20A23CD6
:102340005874EB3C008094430080C5430000DB439D
:102350002BFA033D02F2A53C27A2DF3C0000944388
:102360000000C5430080DB4358E5023D9983A03C53
:10237000C9E9EB3C008094430000C5430000DB4307
:10238000FAEF013D84BC9E3C3AADDB3C0000944337
:102390000080C5430000DB43F817013D15FDA13C5B
:1023A0004F96DA3C000094430000C5430000DB4335
:1023B000DF15013D00C79E3C94F8DC3C0080934350
:1023C0000000C5430000DB43D6E0FD3C9A779C3C0F
:1023D0000327DB3C000094430080C4430000DB4340
:1023E0002FDFFA3CFC54953C37FDD93C0000944368
:1023F0000000C5430080DA43C904FC3CA35C9A3C5E
:10240000B5A8CF3C008093430080C4430000DB4369
:10241000745DF83CF73B943C7EE4D63C000094436A
:102420000080C4430080DA43FFCEF63C49BE923CB4
:1024300089B1CC3C008093430000C5430080DA435F
:10244000C2A4F83C58E7983C8507CD3C00809343F4
:102450000080C4430080DA43F59CF43CB51A923CFA
:1024600057CFC93C000095009600CC001B014401E9
:1024700066017D019301A701B801C801E601FF01D2
:1024800016023F02610280029D02B702D202E902F7
:10249000FF0215032A033D0352030000DF00E000A2
:1024A0000E013501570175018C01A201B601C7016A
:1024B000D601F5010F022602500273029302B00208
:1024C000CA02E502FC02120329033F035403690315
:1024D0000000330134015A017C019B01BA01D20191
:1024E000E901FC010F02200241025D027602A20214
:1024F000C802EA020A03270345035F037803910336
:10250000A903C003D70300000000260127018301AF
:10251000B301DF0101021F023A0253026A02800284
:10252000A602C902EA0225035D039203C403F6036F
:10253000250455048504B504E5041605440500008A
:10254000540155019601C401F001120230024C02FF
:1025500065027C029302B902DD02FE023A037203B5
:10256000A503D603040431045D048A04B504E00421
:102570000B053705000083018401CE0102023202FF
:10258000580279029802B202CB02E3020E0337032B
:102590005D03A003E0031A0451048604BB04EF04A6
:1025A000230556058805BB05EF050000000007015F
:1025B00008015C018D01B501D501F00109021F027E
:1025C000340248026B028A02A802DC020A033703C3
:1025D00061038803AF03D403F8031C043E046204C0
:1025E000850400004A014B0174019F01C401E4010C
:1025F000FF0118022F02450258027C029B02B90219
:10260000EE021D03490373039A03BF03E4030604A8
:10261000280449046A048B04000074017501AB01AD
:10262000DA01030226024502610279029002A60243
:10263000CC02EE0210034B038103B303E2030F0449
:10264000370461048A04B104D804FF04250500009E
:1026500000004B02000056020000C60200002701E5
:10266000280129012A012B0133013F014F015D019E
:1026700072018601A201B701CA01EA0103021B022D
:1026800031024302550264027502850292029F02E2
:10269000AC02000089018A018B018C018D0195013A
:1026A000A101A401A801B001B501C401D201E0015A
:1026B000FA01110227023C024E0260026F027E0202
:1026C0008D029A02A702B3020000B501B601B7015C
:1026D000B801B901C101CD01D101D701E101E90181
:1026E000FC010E021E023C0256026E028402970298
:1026F000AC02BB02CC02DC02E902F60203030000DA
:102700000000070108015C018D01B501D501F00150
:1027100009021F02340248026B028A02A802DC028C
:102720000A03370361038803AF03D403F8031C04CF
:102730003E046204850400004A014B0174019F01BC
:10274000C401E401FF0118022F02450258027C0275
:102750009B02B902EE021D03490373039A03BF03F0
:10276000E4030604280449046A048B04000074018D
:102770007501AB01DA01030226024502610279020A
:102780009002A602CC02EE0210034B038103B303B6
:10279000E2030F04370461048A04B104D804FF047F
:1027A000250500000000000001000000FFFFFFFF02
:1027B0001F0100003F01000000010203040506079D
:1027C00008090A0B0C0D0E0F101112131415161711
:1027D00018191A1B1C1D1E1F202122232425262701
:1027E00028292A2B2C2D2E2F3031323334353637F1
:1027F00038393A3B3C3D3E3F4041424344454647E1
:1028000048494A4B4C4D4E4F5051525354555657D0
:1028100058595A5B5C5D5E5F6061626364656667C0
:1028200068696A6B6C6D6E6F7071727374757677B0
:1028300078797A7B7C7D7E7F8081828384858687A0
:1028400088898A8B8C8D8E8F909192939495969790
:1028500098999A9B9C9D9E9FA0A10000000100005A
:10286000020300000405000006070000080900003C
:102870000A0B0000AAAA0000AAAA0000AAAA000047
:10288000AAAA0000AAAA0000AAAA000055550000A2
:102890005555000055550000555500005555000090
:1028A00055550000103B0308000000006DFE00209D
:1028B000503803080000000000000000483B0308F7
:1028C000000000006DFE0020343B03080000000003
:1028D000A83A030800000000A03B03080000000025
:1028E0001C3C0308000000006438030800000000DE
:1028F000000000001C3C030800000000B03B03087F
:10290000000000007C380308000000008C3A030837
:10291000000000001C3C0308000000007C3B030892
:102920006DFE00207C3B03086DFE00207C3B03080D
:102930006DFE0020D03803086DFE0020E439030846
:102940006DFE00200000000000000000FC390308BC
:102950006DFE00200000000000000000903B030816
:10296000000000001C3C0308000000006DFE002079
:102970000000000000000000903B03080000000081
:102980001C3C0308000000006DFE00200000000059
:102990000000000000000000E43803080000000010
:1029A0001C3C0308000000006DFE00200000000039
:1029B00000000000E4380308000000001C3C03088D
:1029C000000000006DFE002000000000000000007C
:1029D00000000000C43A03086DFE0020C43A03085A
:1029E0006DFE0020C03803086DFE0020C0380308CB
:1029F0006DFE0020943A0308000000000000000073
:102A0000CC3B0308000000000000000000000000B4
:102A10001C3C030800000000903803080000000080
:102A200000000000000000001C3C03080000000043
:102A3000B83A030800000000403803080000000016
:102A400000000000103C030800000000E03B030809
:102A500000000000000000001C3C03080000000013
:102A6000003C030800000000F03B030800000000E9
:102A70007C3C03086439030800000000183D03088B
:102A80005C3B03080000000034390308000000002C
:102A90001C3C030800000000283903080000000067
:102AA0001C3C030800000000083903080000000077
:102AB0001C3C030800000000F83803080000000078
:102AC0001C3C03080000000020390308000000003F
:102AD00014390308000000003C390308000000001E
:102AE00000000000183A0308000000000000000089
:102AF0005C3C0308643C0308743C0308643C030822
:102B0000203B0308000000001C3C03086DFE002071
:102B10002C380308000000001C3C03086DFE002058
:102B2000BC3C0308A8390308000000001C3C030853
:102B30006DFE0020F8370308000000001C3C03086D
:102B40006DFE0020BC3C03087C3A03080000000036
:102B50001C3C03086DFE0020043803080000000040
:102B60001C3C03086DFE0020BC3C0308703B0308BE
:102B7000000000001C3C030800000000743903083A
:102B8000000000001C3C0308000000001C3C03087F
:102B90006DFE0020EC3A0308000000001C3C030816
:102BA0006DFE002014380308000000001C3C0308E0
:102BB0006DFE0020BC3C0308003B03086DFE0020B6
:102BC0009039030800000000843903080000000069
:102BD00000000000B4390308000000001C3C03089A
:102BE00000000000D4390308000000001C3C03086A
:102BF000000000009C39030800000000C4390308ED
:102C0000000000001C3C03080000000048390308D5
:102C1000000000001C3C0308000000001C3C0308EE
:102C200000000000403A0308000000001C3C0308BC
:102C3000000000001C3C030800000000A838030846
:102C4000000000001C3C030800000000D43A030808
:102C500000000000243A030800000000683A03085E
:102C60006DFE0020C43C0308503A03080000000039
:102C7000203C0308000000001C3C0308000000008A
:102C8000343A0308000000000C3D0308243D03080B
:102C9000A83C0308D03C0308E43C0308543C030868
:102CA0005C3A03080000000000000000C03B03087D
:102CB00000000000C03B030800000000E43A0308E5
:102CC000000000001C3C0308000000005839030805
:102CD000000000001C3C030800000000003D030849
:102CE000983C0308703A030800000000B838030855
:102CF000000000008C3C03086DFE0020A03C03088F
:102D00006DFE00204C3C03086DFE0020F03C0308E3
:102D10006DFE0020243C0308383C0308243C0308D3
:102D2000383C030801030507090E10121416181C7D
:102D30001E809A90418E418F804545454949498E74
:102D40008F9092924F994F555559999A9B9C9D9E61
:102D50009F41494F55A5A5A6A7A8A9AAABAC21AEEE
:102D6000AFB0B1B2B3B4B5B6B7B8B9BABBBCBDBEFB
:102D7000BFC0C1C2C3C4C5C6C7C8C9CACBCCCDCEEB
:102D8000CFD0D1D2D3D4D5D6D7D8D9DADBDCDDDEDB
:102D9000DFE0E1E2E3E4E5E6E7E8E9EAEBECEDEECB
:102DA000EFF0F1F2F3F4F5F6F7F8F9FAFBFCFDFEBB
:102DB000FF0000000000000032000000640000007E
:102DC00096000000C8000000FA0000002C0100007E
:102DD0005D01000090010000C2010000F40100004C
:102DE00026020000580200008B020000BC02000016
:102DF000EE020000200300005203000084030000E4
:102E0000B6030000E8030000E8030000E803000048
:102E1000E8030000E80300003A53454E53653A5377
:102E200042572000000000000000000000000000E9
:102E30000000000000000000000000000000000092
:102E40000000000000000000000000003A53454E62
:102E500053653A5342572000000000000000000074
:102E6000D43E0308CC3E0308E43E0308EC3E0308CE
:102E7000E03E0308E43E0308C700FC00E900E2006E
:102E8000E400E000E500E700EA00EB00E800EF0006
:102E9000EE00EC00C400C500C900E600C600F40066
:102EA000F600F200FB00F900FF00D600DC00A200F3
:102EB000A300A500A7209201E100ED00F300FA00B5
:102EC000F100D100AA00BA00BF001023AC00BD0081
:102ED000BC00A100AB00BB009125922593250225E3
:102EE000242561256225562555256325512557251D
:102EF0005D255C255B251025142534252C251C25F6
:102F000000253C255E255F255A2554256925662523
:102F1000602550256C25672568256425652559257C
:102F20005825522553256B256A2518250C258825FB
:102F300084258C2590258025B103DF009303C003F1
:102F4000A303C303B500C403A6039803A903B403F2
:102F50001E22C603B50329226122B1006522642224
:102F600020232123F7004822B0001922B7001A229B
:102F70007F20B200A025A000610062006300640011
:102F8000650066006700680069006A006B006C00FD
:102F90006D006E006F0070007100720073007400AD
:102FA000750076007700780079007A00A100A20011
:102FB000A300A500AC00AF00E000E100E200E300E8
:102FC000E400E500E600E700E800E900EA00EB00C5
:102FD000EC00ED00EE00EF00F000F100F200F30075
:102FE000F400F500F600F800F900FA00FB00FC0020
:102FF000FD00FE00FF0001010301050107010901B9
:103000000B010D010F011101130115011701190128
:103010001B011D011F012101230125012701290198
:103020002B012D012F0131013301350137013A0107
:103030003C013E01400142014401460148014B016F
:103040004D014F01510153015501570159015B01D8
:103050005D015F01610163016501670169016B0148
:103060006D016F0171017301750177017A017C01B6
:103070007E019201B103B203B303B403B503B603F7
:10308000B703B803B903BA03BB03BC03BD03BE0354
:10309000BF03C003C103C303C403C503C603C703FF
:1030A000C803C903CA0330043104320433043404AE
:1030B000350436043704380439043A043B043C042C
:1030C0003D043E043F0440044104420443044404DC
:1030D000450446044704480449044A044B044C048C
:1030E0004D044E044F045104520453045404550437
:1030F00056045704580459045A045B045C045E04E3
:103100005F04702171217221732174217521762150
:103110007721782179217A217B217C217D217E21D3
:103120007F2141FF42FF43FF44FF45FF46FF47FF2A
:1031300048FF49FF4AFF4BFF4CFF4DFF4EFF4FFF3B
:1031400050FF51FF52FF53FF54FF55FF56FF57FFEB
:1031500058FF59FF5AFF000041004200430044005D
:10316000450046004700480049004A004B004C001B
:103170004D004E004F0050005100520053005400CB
:10318000550056005700580059005A002100E0FF32
:10319000E1FFE5FFE2FFE3FFC000C100C200C300A2
:1031A000C400C500C600C700C800C900CA00CB00E3
:1031B000CC00CD00CE00CF00D000D100D200D30093
:1031C000D400D500D600D800D900DA00DB00DC003E
:1031D000DD00DE00780100010201040106010801A2
:1031E0000A010C010E01100112011401160118014F
:1031F0001A011C011E0120012201240126012801BF
:103200002A012C012E01300132013401360139012D
:103210003B013D013F0141014301450147014A0195
:103220004C014E01500152015401560158015A01FE
:103230005C015E01600162016401660168016A016E
:103240006C016E01700172017401760179017B01DC
:103250007D019101910392039303940395039603D7
:103260009703980399039A039B039C039D039E0372
:103270009F03A003A103A303A403A503A603A7031D
:10328000A803A903AA0310041104120413041404CC
:10329000150416041704180419041A041B041C044A
:1032A0001D041E041F0420042104220423042404FA
:1032B000250426042704280429042A042B042C04AA
:1032C0002D042E042F040104020403040404050445
:1032D00006040704080409040A040B040C040E0481
:1032E0000F0460216121622163216421652166212F
:1032F0006721682169216A216B216C216D216E2172
:103300006F2121FF22FF23FF24FF25FF26FF27FF38
:1033100028FF29FF2AFF2BFF2CFF2DFF2EFF2FFF59
:1033200030FF31FF32FF33FF34FF35FF36FF37FF09
:1033300038FF39FF3AFF000004FA97999999D93F6D
:10334000AF788E1DC571CC3F9FC678D0099AC33F18
:10335000935555555555E53F599322942449D23FED
:10336000DE03CB966446C73F44523EDF12F1C23FB4
:10337000000000000000F03F000000000000F83FE7
:1033800000000000000000000000004003B8E23F21
:10339000000000000000000006D0CF43EBFD4C3ED3
:1033A000033333333333E33FFFAB6FDBB66DDB3FC8
:1033B0004D268F515555D53F01411DA96074D13F10
:1033C00065DBC9934A86CD3FEF4E454A287ECA3F0A
:1033D0003E5555555555C53F93BDBE166CC166BF8C
:1033E0002CDE25AF6A56113FF16BD2C541BDBBBE85
:1033F000D0A4BE726937663E0000000000000000E5
:1034000000404040404040404040414141414140F7
:1034100040404040404040404040404040404040AC
:10342000400502020202020202020202020202023B
:103430000220202020202020202020020202020240
:103440000202909090909090101010101010101098
:1034500010101010101010101010101002020202A4
:1034600002028888888888880808080808080808E8
:1034700008080808080808080808080802020202E4
:10348000400000000134030809090909200D0A74ED
:10349000696D6573202020202020203A20256409B2
:1034A000090909200D0A502020202020202020205A
:1034B00020203A2025302E346609090909200D0AFA
:1034C00044656C7461204520202020203A20252E60
:1034D000346628646520252E3266290909090920E9
:1034E0000D0A74617267657478797A2020203A2019
:1034F000252E346628782920202020200925302EEA
:103500003466287929202020202020200925302EEB
:103510003466287A2909090909200D0A6D65736145
:1035200075726578797A20203A20252E34662878BD
:103530002920202020200925302E346628792920B2
:103540002020202020200925302E3466287A2909C1
:10355000090909200D0A74617267657478794C2035
:1035600020203A20252E32667828252E3466292000
:1035700009252E32667928252E3466292020202020
:10358000202009252E3466284C6D617820252E34A4
:1035900066204C6D696E20252E34662909090909BB
:1035A000200D0A6D65736175726578794C20203A3B
:1035B00020252E3466287829202020202009252E39
:1035C000346628792920202020202020202020094E
:1035D000252E3466284C2909090909200D0A6E6F29
:1035E000772072676252656720203A20256428722E
:1035F0002920202020202020202020092564286741
:10360000292020202020202020202020200925647F
:1036100028622909090909200D0A6E6F7720676160
:103620006D6D612020203A20252E346628252E320B
:10363000662B2D252E3266290A00000044656C7425
:1036400061204520202020203A20252E3466286441
:103650006520252E326629202020202020202020B1
:10366000202020200D0A74617267657478797A20B1
:1036700020203A20252E346628782920202020205A
:103680000925302E3466287929202020202020206A
:103690000925302E3466287A292020202020202059
:1036A0002020202020200D0A6D65736175726578D9
:1036B000797A20203A20252E346628782920202067
:1036C00020200925302E346628792920202020202A
:1036D00020200925302E3466287A29202020202019
:1036E00020202020202020200D0A7461726765743C
:1036F00078794C2020203A20252E32667828252EF5
:103700003466292009252E32667928252E3466292B
:1037100020202020202009252E3466284C6D617839
:1037200020252E3466204C6D696E20252E346629A6
:10373000202020202020202020202020200D0A6D65
:1037400065736175726578794C20203A20252E3496
:1037500066287829202020202009252E3466287903
:10376000292020202020202020202009252E3466FA
:10377000284C29202020202020202020202020200C
:103780000D0A6E6F772072676252656720203A20BB
:103790002564287229202020202020202020200994
:1037A0002564286729202020202020202020202078
:1037B0002009256428622920202020202020202084
:1037C000202020200D0A6E6F772067616D6D6120CB
:1037D00020203A20252E346628252E32662B2D25D2
:1037E0002E3266290A00000032315858584C4F4793
:1037F0002E63737600000000777269746546696C09
:1038000065322400777269746546696C654C6F6730
:103810003224000077726974654D756C7469667541
:103820006E6374696F6E32240000000077726974F1
:103830006546696C65486561646572322400000004
:1038400063726561746545776D5061676534240006
:10385000637265617465427574746F6E50616765FB
:10386000342400006372656174654C696E6545645B
:103870006974506167653424000000006765744C0A
:10388000696E6545646974506167653424000000A1
:10389000736574426C6F636B436F6E74656E7450C6
:1038A0006167653424000000557365457863656C75
:1038B00056424124000000004E564D2400000000F6
:1038C0007365745461626C655370616E4E240000C0
:1038D0006372656174655461626C6557696467659C
:1038E000744E24007365745461626C655769646733
:1038F00065744E24000000006D61696E5F61707038
:10390000656E644B56240000617070656E644B56A2
:10391000240000006D61696E5F6765744B5624007A
:103920006765744B562400006D61696E5F73657442
:103930004B5624007365744B562400007265616415
:103940004B56446174612400557365457863656C1A
:10395000526561642400000066747055706C6F617C
:103960006424000073656C65637453686F775061FD
:10397000676524007772697465506174685F466991
:103980006C6524007265616446696C652400000002
:103990006C6F616446696C652400000044656C6569
:1039A000746546696C652400777269746546696C54
:1039B00065240000436F70794D6F766546696C65CC
:1039C0002400000047657446696C654E616D65248E
:1039D000000000004D6F6469667946696C654E6150
:1039E0006D652400736574566572746963616C4813
:1039F00065616465724E616D65240000736574488D
:103A00006F72697A6F6E74616C4865616465724E3D
:103A1000616D652400000000726561644B564C695D
:103A20006E652400557365457863656C436C6F73F0
:103A3000652400006765744461746524000000001B
:103A4000557365457863656C577269746524000029
:103A500057696E646F774D6F7665240073686F7772
:103A600043757276652400007072696E7466240076
:103A7000456E636F64696E67240000007772697435
:103A80006546696C654C6F67240000006469616C71
:103A90006F6724006372656174436F6C6F72426C70
:103AA0006F636B24000000006372656174654C6194
:103AB00062656C240000000063726561746545777F
:103AC0006D2400007365745461626C655370616E9F
:103AD00024000000557365457863656C4F70656E12
:103AE00024000000707974686F6E24007772697426
:103AF000654D756C746966756E6374696F6E2400CC
:103B00004D756C746966756E6374696F6E24000020
:103B1000637265617465427574746F6E2400000091
:103B2000777269746546696C65486561646572247D
:103B300000000000676574427574746F6E426763BD
:103B40006F6C6F7224000000736574427574746F3B
:103B50006E4267636F6C6F72240000006C6F63616C
:103B600074696F6E45776D437572736F72240000D0
:103B700052756E5F626174240000000063726561BB
:103B800074655461626C65576964676574240000EC
:103B90007365745461626C65576964676574240069
:103BA0006372656174654C696E654564697424006F
:103BB0006765744C696E6545646974240000000093
:103BC000676574526573756C742400007365744284
:103BD0006C6F636B436F6E74656E7424000000003D
:103BE000616464436F6D626F426F7824000000006F
:103BF000636C656172436F6D626F426F7824000081
:103C0000676574436F6D626F426F78240000000037
:103C1000637265617465457370426F7824000000BB
:103C20002C00000055706461746546696C655374BE
:103C300061746524310000005570646174654669E3
:103C40006C655374617465242D3100007067434DB9
:103C50004400000067657450434950007361766505
:103C60004B5600006D61696E5F636C6561724B5607
:103C700000000000636C6561724B5600636C656107
:103C800072466F7572506167650000005377697402
:103C900063685F70616765004C6F676E616D65009A
:103CA0007067537461746500426172436F64654369
:103CB0006865636B526F75746500000024747275DB
:103CC00065000000636C6561725072696E74660015
:103CD000426172436F6465506173735374617469B8
:103CE0006F6E000047657453746174696F6E0000F5
:103CF00050475F696E737472756374696F6E00000C
:103D00006865617274626561740000004175746F6A
:103D1000436F6E6E65637400636C656172576964AE
:103D200067657400726561644D6561737572656D78
:103D3000656E740009090909200D0A74696D6573BF
:103D4000202020202020203A20256409090909206C
:103D50000D0A44656C7461204520202020203A2003
:103D6000252E346628646520252E32662909090926
:103D700009200D0A74617267657478797A202020B1
:103D80003A20252E34662878292020202020092555
:103D9000302E346628792920202020202020092553
:103DA000302E3466287A2909090909200D0A6D6523
:103DB000736175726578797A20203A20252E3466F1
:103DC00028782920202020200925302E34662879C3
:103DD00029202020202020200925302E3466287A12
:103DE0002909090909200D0A7461726765747879D7
:103DF0004C2020203A20252E32667828252E346645
:103E0000292009252E32667928252E34662920207E
:103E10002020202009252E3466284C6D617820252D
:103E20002E3466204C6D696E20252E3466290909D2
:103E30000909200D0A6D65736175726578794C20EA
:103E4000203A20252E346628782920202020200999
:103E5000252E34662879292020202020202020208B
:103E60002009252E3466284C2909090909200D0A44
:103E70006E6F772072676252656720203A20256452
:103E8000287229202020202020202020200925649D
:103E900028672920202020202020202020202009E1
:103EA000256428622909090909200D0A6E6F772007
:103EB00067616D6D612020203A20252E346628250B
:103EC0002E32662B2D252E3266290A006F66660D6E
:103ED00000000000666163746F72790D00000000DD
:103EE0006F6666007573657200000000666163743A
:103EF0006F727900143F030800000020380F0000A3
:103F0000B6110108E8430308380F0020B83E01004D
:103F100074CE01080127002632545747442D31340E
:103F20003536412D3137352D4F54502D47414D4DAC
:103F3000412D515350492D5630322E637376301433
:103F400061046A04F40459045A04E40449044A0468
:103F5000D404013904F502030405691C012C39302D
:103F6000041D03FF5A031E09B00E1A04B10732568E
:103F700020021EB21307C00B1AFFFF40031DC19899
:103F8000150DC202045A44FB021211031E02C303A0
:103F90001E1EC51609C68588080219085C03FF5A4B
:103FA0007D0915E012B0021C02031E05B11960095B
:103FB0001B40031E1EB00A201960021C030B1F04C5
:103FC000C0400A1C04A010090724240F01C2018666
:103FD000120812061AC80259083A11D80F1905B169
:103FE000147576D6400F16B20302F401B80411130B
:103FF0001EB3280C02221201120D7254CCCC3301D4
:104000001119581432151A12661B4460401AB47004
:104010001A32041A66041AA20412EE1C0801520491
:1040200012D6240802924309B50219080D1B05C0D7
:104030000203E072C12C030FFF02C90E120F130915
:10404000C21204021A0A08091709C31211FFFF015C
:10405000A0201DC52130FF560B1501762022C6AACF
:10406000FF7AE9200A1DC7200A1DC8200A1DC920A1
:104070000A1CCA20480D1ECBD7DBFFFDCFC0FFFCBA
:10408000DFD5085AC3044112FF131ED01224122395
:104090002222370D0D0C0C060612211220221F16AB
:1040A0000B0B0A0A02300913D111442255336679E9
:1040B00009C1300913D24411552266337909C1343C
:1040C00014D32013160B6C37373707C13615D4F0CD
:1040D00028601981112B222206E13D11D530010102
:1040E0001132011904DA0FE0021ED61305D70C199C
:1040F00022111120031DE034051C03FF5A05100D89
:104100001EB0B5B4B4F7010F0F244616BE8A8A0A52
:104110000F0F10111508B10F300517337595518E1B
:1041200011B2F5F4F430E40B0F0B1C08B303402B71
:1041300005D0FE0114150DB4022215FFFF33111333
:1041400090010212882B1BB5BF1A640219EC790A80
:104150008A0FC052B6180D010202030505070908AF
:10416000090A03093A0C01140E0E0E4C1EB7080181
:104170001E0606060504011A03082B0503011A0191
:1041800001118B1EB820390129248901114D07B96D
:1041900021597A0116051C03FF5A061D1CB0011097
:1041A0009F12EA12DF1EFB4080C00201297829011C
:1041B0005AFF40021C08041D03B077130DB1144DC3
:1041C00007171A270429080111041D02B401000D64
:1041D000140BC0015A5046AFAFAF101A24E31EC1F2
:1041E00058080A213C5F7FBFFF0719E014C2014550
:1041F00020093202580401494D3F120514111111D2
:10420000327C440116160B1C1CC3200D111ED0015C
:1042100046025AD002112D1ED13008011139062252
:10422000083AFF012B08FF0C31051C03FF5A092433
:104230000FB0B32B0E7841061010018601C2341264
:10424000B1253233125C12B84CB805C25789202F01
:10425000B22101520185200B120252202BB32940BA
:1042600015016501C10C10B802CA202BB42D4029DC
:10427000200B120252201BB5257E3264121412C686
:10428000DDF407A40C202FB62101240152200B12CB
:104290000244202BB729401B01AD800C10C6028EB2
:1042A000202BB82D4029200B110244206411B9277E
:1042B000155C0165302902D9202BBA211C0E132E62
:1042C00001C101C12013BB2519DF0A1785402BBC92
:1042D0002340422909132023BD2212913FA0012C23
:1042E000012C2001D9201ABEFC29200C13360136DE
:1042F000204BBF6220EC4001401C39204BC0722093
:104300000C104A014A3E21331EC11201120212034F
:10431000120412051206120712081209120A120BD1
:10432000120C220D5315C70416FEFEFE051C03FFDA
:104330005A0A9D18B057FF018809018601C2080872
:104340001414801AB178142B01FD122B1EB501FC38
:1043500001FD044AFF063912110B1D1EB2200A1D71
:10436000B3200A1CB42019C0021C0B741EB08013A9
:1043700001030212011309B11D113201FF030116DD
:10438000130CC01A04011A86010115170AD04448FB
:104390004810051408120B1422E45220847A030AF0
:1043A000680901020304060708090CA910013C185A
:1043B0002249445F4E756D6265722C4D4F44455FD6
:1043C0004C4556452C582C592C4C762C47616D6D1C
:1043D000610D822A0174590405B4E83703080A22E2
:0843E00001E9011F025B02006C
:040000050801018964
:00000001FF
