:020000040801F1
:10000000C0D50020A1010108E951010851420108B1
:100010004D510108851C0108CF8501080000000032
:10002000000000000000000000000000297D010821
:10003000352E010800000000295601081981010829
:10004000BB010108BB010108BB010108BB0101089C
:10005000BB010108BB010108BB010108BB0101088C
:10006000BB01010835330108BB010108BB010108D0
:10007000BB010108BB010108BB010108BB0101086C
:10008000BB010108BB010108BB010108BB0101085C
:10009000D51C0108BB010108BB010108BB01010817
:1000A000BB010108BB010108BB010108BB0101083C
:1000B000BB010108BB010108BB010108BB0101082C
:1000C000BB010108BB010108BB010108BB0101081C
:1000D000BB0101083D830108BB010108ED83010854
:1000E000BB010108BB010108BB010108BB010108FC
:1000F000BB010108BB010108BB010108BB010108EC
:10010000BB01010839640108BB010108BB010108FA
:10011000BB010108BB010108BB010108BB010108CB
:10012000BB010108BB010108BB010108E12B01086B
:10013000BB01010871320108BB010108BB010108C4
:10014000BB010108BB010108BB010108BB0101089B
:10015000BB010108BB010108BB010108BB0101088B
:10016000BB010108BB010108BB010108BB0101087B
:10017000BB010108BB010108BB010108BB0101086B
:10018000BB010108BB010108DFF810D001F096F8AF
:1001900000480047D5DB0108AFF30080C0D5002040
:1001A0000648804706480047FEE7FEE7FEE7FEE711
:1001B000FEE7FEE7FEE7FEE7FEE7FEE71D82010839
:1001C000890101082DE9F05F0546002092469B4613
:1001D00088460646814640241BE02846414647465D
:1001E000224600F09AFC53465A46C01A914110D359
:1001F00011461846224600F081FC2D1A67EB0108D3
:100200004F4622460120002100F078FC17EB000940
:100210004E41201EA4F10104DFDC484631462A4647
:100220004346BDE8F09F000000487047C413020831
:1002300010B50446FFF7F8FF0068005D00F001000C
:1002400010BD40EA01039B0703D009E008C9121F53
:1002500008C0042AFAD203E011F8013B00F8013B80
:10026000521EF9D27047D2B201E000F8012B491EAC
:10027000FBD270470022F6E710B513460A46044643
:100280001946FFF7F0FF204610BD30B505462A4657
:100290000B4612F8010B13F8014B08B1A042F8D03D
:1002A0001CB1002802D06D1CF1E7284630BD10B506
:1002B000044604E00B7800F8013B03B1491C521ED0
:1002C000F8D2204610BDCAB2401E10F8011F8A4263
:1002D00002D00029F9D100207047421C10F8011B00
:1002E0000029FBD1801A704710B5002200E0521C93
:1002F000835C8C5CA34201D1002BF8D1D8B2E1B26F
:10030000401A10BDCBB203E00178994203D0401CE3
:10031000521EF9D20020704710B5044600E0401C80
:100320000378002BFBD100E0401C521E04D311F8CF
:10033000013B0370002BF7D100210170204610BD56
:10034000034611F8012B00F8012B002AF9D11846B9
:100350007047000070B50F4D00B92868002412E006
:100360000A4602E09E4203D0521C1378002BF9D1BA
:10037000DAB2224305D02BB124B1002100F8011BD1
:1003800004E00446401C0678002EE9D1286020468F
:1003900070BD0000740E00200022CBB2017899429B
:1003A00000D10246401C0029F8D1104670470000D9
:1003B00000B58DB0099000920B904FF0FF300A907D
:1003C00000200C9004480690044807906A4609A84B
:1003D00000F084FC0DB000BDF90C0108170D0108F8
:1003E0000FB400B58DB010A909900B9000914FF09B
:1003F000FF300A9000200C900548069005480790B1
:100400006A4609A80F9900F069FC0DB05DF814FB6D
:10041000F90C0108170D01082DE9FF5F1D464FF08B
:10042000FF3BD5E9014691465F464FF00008A969B8
:100430007F1C01988847296A824688470028F6D1A0
:10044000BAF1FF3F0CD024F4C064002E19DD600621
:1004500014D5BAF12B0F09D0BAF12D0F0ED103E04C
:10046000584604B0BDE8F09F44F48064A9697F1C3D
:1004700001988847761E8246002E02DDBAF1300FC1
:1004800003D0B9F1000F26D032E0A969761E44F4FA
:1004900000747F1C019888478246002E05DDBAF162
:1004A000780F06D0BAF1580F03D0B9F1000F10D071
:1004B0001EE0B9F1000F02D0B9F1100F18D1A969EF
:1004C000761E24F400747F1C019888478246102011
:1004D00002E0082000E00A20814609E008FB090844
:1004E000A969761E44F400747F1C019888478246EF
:1004F000002E05DD4946504600F031FB0028EDDABC
:10050000E96901988847A00502D46FF00100A8E7C7
:10051000E00725D1600613D5600502D5C8F10000BB
:1005200000E0404629680A1D2A600968220501D5B5
:10053000087015E0220701D5088011E008600FE07F
:100540002868011D29600068210502D580F8008017
:1005500006E0210702D5A0F8008001E0C0F8008085
:1005600038467EE72DE9FF5FD2E901A74FF000088A
:10057000916999461446DDF838B046460198884797
:10058000054659EA0B0005D009E0A169761C0198DF
:1005900088470546216A284688470028F5D1681C07
:1005A00003D05FEACA7005D015E04FF0FF3004B009
:1005B000BDE8F09F2068011D2160D0F800800AE0AE
:1005C0005FEACA7001D108F8015BA169761C7F1E41
:1005D000019888470546002F1ADD681C18D0B9F12C
:1005E000000F0DD0E81705EBD060421120F01F007E
:1005F00059F822102A1A012090400142E0D107E068
:10060000BBF1000FDCD1216A284688470028D7D0EB
:10061000E16901988847BBF1000F07D1002E05DD85
:100620005FEACA7002D1002188F80010A068B842C1
:1006300003DDBBF1000F03D017B16FF00100B6E787
:100640003046B4E770B5064608F0FEFC046805467F
:100650000A220021304600F06FFB2C6070BD2DE9AE
:10066000FE4F804681EA0300C00F0C46009021F047
:10067000004123F00045B8EB0200A94105D24046F5
:10068000214690461C460B46024623F0004010438C
:1006900047D0270DC7F30A00C3F30A510290401A4E
:1006A000019040286BDAC3F3130040F4801B0098DC
:1006B000924620B10023D2EB030A63EB0B0B0198A7
:1006C0005946C0F14002504600F018FA06460D4661
:1006D00050465946019A00F030FA10EB080061418B
:1006E000002487EA115284EAE7731A4340D0009A43
:1006F00062B3019A012A4FEA075215DC001B61EB35
:1007000002014FF0004202EA0752CDE90042001C0C
:1007100041F5801132462B4600F08CFB03B0BDE85A
:10072000F08F40462146F9E7001B61EB0201001CF7
:1007300041F5801300185B412018A2F5001747EB24
:10074000030140EAD570B6196D4111E06D084FEA1A
:10075000360645EAC0754FEA0752001B61EB0201FD
:10076000001C41F5801149084FEA30000019514141
:1007700032462B4603B0BDE8F04F00F04CBB00986A
:10078000012240000023D0EB020263EBE0730098EB
:1007900021464FEAE074B8EB000061EB0401E9E7A1
:1007A00083F000435BE781F0004158E72DE9FE4FFD
:1007B00081EA030404F0004421F0004100944FF06A
:1007C000000B23F0004350EA01045ED052EA030418
:1007D0005BD0C3F30A54C1F30A552C44A4F2F3349A
:1007E0000194A0FB0254C1F3130141F48011C3F33F
:1007F000130343F4801301FB024400FB034E840AFD
:10080000970A44EA815447EA8357A4FB0768029594
:100810008D0A05FB07854FEA932C04FB0C54270532
:10082000029D4FEA065847EA1637B5EB08056EEB0E
:10083000070C870E920E47EA811742EA8312A7FB44
:100840000201B6EB0B0164EB00042B0D43EA0C3301
:100850005E1844EB1C50DA465146E7FB0201C5F333
:1008600013044FEA0B3343EA14534FEA0432019C5A
:1008700043EA0603A4F10C040294009CCDE900B401
:1008800000F0D8FA03B0BDE8F08F00200146F9E788
:100890002DE9F04D81EA030404F0004B21F00045FE
:1008A00014464FF0000A23F0004150EA050220D020
:1008B00054EA01021DD0C5F30A570246C5F31303DB
:1008C000C1F31300C1F30A5640F4801543F48013BA
:1008D000A7EB0608101BD64608F2FD3873EB05009F
:1008E00002D308F1010801E092185B41B8F1000F52
:1008F00003DA00200146BDE8F08D00204FF480119E
:10090000064684460EE0171B73EB050705D3121B42
:1009100063EB050306434CEA010C49084FEA30003B
:1009200092185B4150EA0107EDD152EA030012D060
:1009300082EA040083EA0501084305D0101BAB419D
:1009400006D20122002306E000224FF0004302E01D
:100950006FF0010253101AEB06004CEB085110EB3C
:100960000A0041EB0B01BDE8F04D00F054BA30B481
:10097000044696230800214604D0B62330BC00224A
:1009800000F01BBA20460021F8E70EB5C10F80EA3F
:10099000E0700844CA07002140F233438DE80E009E
:1009A0000A460B4600F046FA03B000BD0EB540F211
:1009B000334102910021CDE900110A460B4600F0B7
:1009C00039FA03B000BD70B5C1F30A5201F0004519
:1009D0000024C1F3130140F2FF3341F480119A4225
:1009E00001DA002070BD40F233439A42A2F2334252
:1009F00003DC524200F091F800E090402C43F1D02B
:100A0000404270BDC1F30A5210B5C1F3130140F268
:100A1000FF3341F480119A4201DA002010BD40F208
:100A200033439A42A2F2334203DC524200F075F89B
:100A300010BD904010BD000030B5041E71F10004DF
:100A400004DB4FF00044404264EB0101141E73F1DB
:100A5000000405DB1C464FF00043524263EB0403E5
:100A60008B4208BF824230BD30B5041E71F10004D4
:100A700004DB4FF00044404264EB0101141E73F1AB
:100A8000000405DB1C464FF00043524263EB0403B5
:100A9000994208BF904230BD01F0004330B421F0CC
:100AA000004150EA010206D00A0DA2F56072C1F3BE
:100AB0001301002A02DC30BC00207047440F44EAD6
:100AC000C104C100E01830BC00EBC25000F06CB9AA
:100AD00030B50B46014600202022012409E021FA0E
:100AE00002F59D4205D303FA02F5491B04FA02F50B
:100AF0002844151EA2F10102F1DC30BD202A04DBDE
:100B0000203A00FA02F1002070479140C2F1200320
:100B100020FA03F3194390407047202A04DB203A5F
:100B200021FA02F00021704721FA02F3D040C2F10D
:100B300020029140084319467047202A06DBCB1754
:100B4000203A41FA02F043EAE07306E041FA02F388
:100B5000D040C2F1200291400843194670473A281C
:100B600000D2303820F02002412A01D3A2F1370010
:100B7000884201D34FF0FF3070472DE9FF4F1C46EC
:100B800081B00021D4E9016791464FF0FF358A46D4
:100B90008846A1696D1C02988847216A8346884768
:100BA0000028F6D1BBF1FF3F0CD026F4C066002F21
:100BB0001ADD700615D5BBF12B0F0AD0BBF12D0F36
:100BC0000FD104E04FF0FF3005B0BDE8F08F46F4E0
:100BD0008066A1696D1C029888477F1E8346002F9E
:100BE00002DDBBF1300F03D0B9F1000F2AD025E0B0
:100BF000A1696D1C46F400767F1E029888478346E3
:100C0000002F05DDBBF1780F06D0BBF1580F03D0E4
:100C1000B9F1000F10D011E0B9F1000F02D0B9F115
:100C2000100F0BD1A1696D1C26F400767F1E02986F
:100C300088478346102000E0082081464FEAE9708B
:100C4000009017E00A20F8E74346AAFB092803FBB7
:100C50000980DDF800C07F1E0AFB0C0112EB0B0AB5
:100C600041EBEB78A16946F4007605F101050298A5
:100C700088478346002F06DD49465846FFF76FFF39
:100C80005FEA000BE0D5E16902988847B00502D41D
:100C90006FF0010098E7F00718D1700610D57005C5
:100CA000514605D50023D1EB030163EB080200E0B8
:100CB00042462068031D23600068C0E9001205E079
:100CC0002068011D21600068C0E900A828467BE774
:100CD000026811441378016018467047D1600449D6
:100CE00051610449116200211161114600F0F8BA06
:100CF000D10C010831020108426842B1016811F8C3
:100D0000013B23B1521EC0E9001218467047012171
:100D1000C160881E704742685AB1C368016843B910
:100D200083688B4205D0491E521CC0E90012002086
:100D300070474FF0FF3070472DE9F04791460F465E
:100D400080460446002614F8015B2DB1FFF76CFACB
:100D50000068405DC007F6D12B2D02D02D2D18D094
:100D6000641E4A463946204600F052FC27B13968D5
:100D7000A14201D1C7F8008071054FF002040BD5E4
:100D80004042002803DD08F05FF90460A007BDE8D9
:100D9000F08746F48066E4E70028F8DA08F054F9B2
:100DA00004606FF00040F2E70029A8BF7047401CC4
:100DB000490008BF20F00100704710B4B0FA80FC71
:100DC00000FA0CF050EA010404BF10BC704749B1AE
:100DD000CCF1200421FA04F411FA0CF118BF01211E
:100DE00021430843A3EB0C01CB1D4FEA00614FEAFE
:100DF000102042BF002010BC704700EBC3501044CD
:100E00000029A4BF10BC7047401C490008BF20F057
:100E1000010010BC704710B5141E73F1000408DA0D
:100E2000401C41F1000192185B411A4301D120F0AE
:100E3000010010BD2DE9F04D92469B4611B1B1FA6B
:100E400081F202E0B0FA80F220329046FFF756FEBF
:100E500004460F4640EA0A0041EA0B0153465A464F
:100E6000084313D0114653EA010019D0C8F14002DB
:100E70005046FFF752FE05460E465046594642463A
:100E8000FFF73CFE084305D0012004E02046394628
:100E9000BDE8F08D0020054346EAE0762C43374359
:100EA0000A986305E40AA0EB08000022FD0A44EA60
:100EB00047540A3002D500200146E9E70105101920
:100EC0006941DDE9084500196941BDE8F04DA2E737
:100ED00070B521F0004303430CD0C1F30A55002440
:100EE000D5EB040564EB0403D617AD1AB34102DB5E
:100EF0000020014670BD201841EB025170BD7047C3
:100F00004831305F384C414E455F6D61696E2B3121
:100F10002E342E302B53657020323520323032354E
:100F20002B31333A35393A30332B00002DE9FF4F5E
:100F3000087883B09946FF2805D0491C2D2804D095
:100F40000024002008E000200BE00124F9E700EB7A
:100F5000800003EB4000491C0B78FF2BF7D104B154
:100F6000404200230293147819461D462D2C01D0CF
:100F70002B2C04D1521C2D2C13D000240294AA46F1
:100F80001478FF2C0FD00A25A3FB057801FB0581FF
:100F90004FF0000C03FB0C11521CE3194AEB01014A
:100FA000EEE70124EAE7814453EA010002D019F593
:100FB000C87F06DA03980021C0E9001107B0BDE838
:100FC000F08F0025AE4E2F46DFF8B882184600F0AD
:100FD000BFFBCDE90001B9F1000002DAC9F100045C
:100FE00000E004460023A74A1AEB030B42EB045A25
:100FF00012E0E00707D02A46334638464146FFF75D
:10100000D5FB074688462A46334610461946FFF761
:10101000CDFB05460E466410002CEAD1DDE9000147
:10102000B9F1000F5A46534606DAFFF731FC3A464B
:101030004346FFF72DFC05E0FFF7B8FB3A46434671
:10104000FFF7B4FB029A0AB181F00041039AC2E9AA
:101050000001B3E72DE9FF4F1F468DB0D7E90146E8
:101060004FF0FF382E2045464FF000090B90B9692C
:101070006D1C0E988847396A824688470028F6D149
:10108000BAF1FF3F0AD024F4D064002E11DDBAF18A
:101090002B0F08D0BAF12D0F0BD102E0404611B052
:1010A0008DE744F48064B9696D1C0E9888478246C8
:1010B000761E6946600501D52D2000E02B208DF8B5
:1010C000000001F1010B0DF1200809E0B9696D1C68
:1010D0000E98884782460F9844F40074761E056087
:1010E000002E02DDBAF1300FF0D00B998A453ED1C7
:1010F00044F0800406E00F99681CA9F1010944F44A
:1011000000740860B9696D1C761E0E988847824687
:101110003028F0D02BE00B998A4505D1200603D466
:1011200044F08004761E18E0504609F04DF908B3EB
:101130000DF11301761E44F400748B4508D2AAF118
:1011400030000BF8010B200607D5A9F1010003E0E0
:10115000200602D409F101008146A00502D50F99AD
:10116000681C0860B9696D1C0E9888478246002E7D
:10117000D1DC53E0002E51DDBAF1650F02D0BAF197
:10118000450F4BD1A00549D5B9696D1C24F44074B5
:10119000761E0E9888478246002E0CDD2B2804D040
:1011A000BAF12D0F07D144F48074B9696D1C0E9803
:1011B00088478246761EE00501D52D2100E02B21CF
:1011C00008F8011BCDF82C8021E00DF12901761ED5
:1011D00044F4007488450CD2AAF1300010F0FF00EE
:1011E00088F8000002D10B99884509D908F1010857
:1011F00006E0E00501D5244801E042F20F70814687
:10120000B9696D1C0E98884782460F980560002EBC
:1012100004DD504609F0D8F80028D6D1F9690E98B7
:101220008847FF208BF8000088F800000020069017
:1012300007904B466A4608A906A8FFF777FEA00567
:1012400002D46FF001002AE714F0240F0AD0E0075F
:1012500014D1DDE906123868031D3B600068C0E95F
:1012600000120BE0DDE90601FFF716FC0146E0077E
:1012700004D13868021D3A600068016028460EE714
:10128000000014400000F03FF1D8FFFFC1F30A5204
:10129000C1F3130140F2FF3341F480119A4202DAA4
:1012A00000200146704740F233439A42A2F2334293
:1012B00002DC5242FFF731BCFFF720BC064C074D61
:1012C00006E0E06840F0010394E807009847103416
:1012D000AC42F6D3FEF75CFF0C1902082C19020889
:1012E0002DE9F34F8BB04FF0000801F10C000C46D4
:1012F0004FF0010B46460DF1080A01906269012189
:1013000001989047051E2DD0252D2CD0216A8847A5
:10131000C0B16269012101989047216A884700287D
:10132000F7D1411E62690198904700E0761CA169DF
:101330000B988847216A88470028F7D1E1690B9804
:101340008847DBE7A1690B9888470746A84201D187
:10135000761CD3E7E1690B9888477F1C02D1B8F16E
:10136000000F6FD047E1002762693D46394601987A
:1013700090472A2804D162690121019890470125EC
:10138000DFF888926269012101989047A0F130014D
:101390000A290AD24F45E5DC07EB870100EB41073C
:1013A000303FDFD445F01005ECE7E90601D46FF0DB
:1013B00000476C280AD04C2814D0682815D06A2819
:1013C0000DD074281CD07A281AD01DE06269012142
:1013D000019890476C2802D045F0040514E045F0D0
:1013E00002050DE045F020050AE06269012101983F
:1013F0009047682802D045F0080505E045F40065EF
:101400006269012101989047C4E9015765283DD0E0
:1014100019DC58287AD00CDC452837D004DC252884
:1014200026D0412831D131E046282FD047282CD171
:101430002CE05B2877D0612828D063287CD06428F2
:1014400023D15AE0D1E06F2848D008DC66281DD0AF
:1014500067281BD0692821D06E2816D127E0702874
:1014600045D0732868D0752847D078280DD14DE035
:10147000A1690B988847054625283FF469AFE169C3
:101480000B9888476D1C3FF46AAFB4E023466A4668
:101490006FF001000B99FFF7DDFD9FE045F0400084
:1014A0006060A80723464FF0000236D43EE0E8070C
:1014B0007FF447AF2068011D21600068290501D530
:1014C00006701BE7290701D5068017E7A90703D592
:1014D000F117C0E9006111E706600FE745F0400031
:1014E0006060A80723464FF0080216D41EE040F6BD
:1014F0000E0125EA0100606016E045F040006060E2
:10150000A80723464FF00A0207D40FE045F0400039
:101510006060A80708D5234610226FF001000B99E0
:10152000FFF72BFB5AE007E0234610226FF0010083
:101530000B99FEF771FF51E04FF000094F464B4603
:10154000632802D05B2807D041E02079C00601D48F
:101550000120A06001273AE06269012101989047CB
:101560005E2805D14FF0010962694946019890470C
:10157000216939B900210A46534643F82120491C04
:101580000829FADBB0B3216969B9C11700EBD16250
:1015900053110AEB830122F01F02821A01200B680B
:1015A000904003430B6062690121019890475D28D8
:1015B000E8D1B9F1000F09D00020514651F82020A0
:1015C000D24341F82020401C0828F7DB02AB22461A
:1015D00000976FF001000B99FEF7C4FF00280CDAAA
:1015E000401C08D1BBF1000F05D04FF0FF300DB00B
:1015F000BDE8F08FFFE74046F9E7E90701D108F1C0
:10160000010806444FF0000B78E60000CCCCCC0C6F
:101610002DE9F05F82460078002715468B460AF1D7
:101620000104B946302801D09DB113E014F8010B34
:101630000127782803D0582801D045B10AE00DB120
:10164000102D07D10027102514F8010B02E0082502
:1016500000E00A250026B0460EE005FB080005FB69
:1016600006F1012701EB10461FFA80F8B6F5803F1E
:1016700000D3B94614F8010B2946FFF770FA002889
:10168000EBDABBF1000F05D00FB1641E00E0544649
:10169000CBF80040B9F1000F06D007F0D5FC0221CD
:1016A0000160C81EBDE8F09F48EA0640FAE72DE950
:1016B000F04D00231A461B1A8A4103DB0020014625
:1016C000BDE8F08DC1F30A52C1F3130141F4801556
:1016D0004FF0000BD10702D100186D41521E0027B8
:1016E000044640F2FF11384601EB620A3E4680464E
:1016F000024600204FF48011FFF70FFAC219714122
:10170000BB1846EB0100B4EB030C75EB000C04D3E3
:10171000E41A65EB000517460E46241908F101008E
:101720006D4180463428E3DDF91946EB0600091BBC
:10173000A84103D24FF0FF32134601E000221346C6
:101740001BEB070046EB0A51BDE8F04DFFF763BB0A
:101750000EB540F2334202920022CDE90022134638
:10176000FFF768FB03B000BD70B58C1810F8015B83
:1017700015F0070301D110F8013B2A1106D110F82A
:10178000012B03E010F8016B01F8016B5B1EF9D12E
:101790002B0705D40023521E0DD401F8013BFAE7B4
:1017A00010F8013BCB1A921C03E013F8015B01F81F
:1017B000015B521EF9D5A142D8D3002070BD21B1E2
:1017C000826842F00102826003E0826822F0010236
:1017D000826070470021084A1168084A1140D0E928
:1017E00000231A4383681A43C3681A431143044A07
:1017F000C2F804137047000004230140E030FCFFEE
:1018000000200140F0B585B00646F1B20723012261
:10181000144800F061F800240FE0124800F0B8F816
:1018200000BF02210F4800F023F80028F9D00D482E
:1018300000F01AF82DF81400641C0A2CEDD30A21CC
:10184000684609F0A3F90025032403E03DF81400DD
:101850000544641C072CF9D3C5F38F07384605B03F
:10186000F0BD0000002001400146C86C80B2704706
:101870000246002013680B400BB1012000E000205D
:101880007047000030B50246002000235068104C1D
:1018900020400D790C6844EA05242043506090688C
:1018A0000C4C2040D1E903542C438D682C434D79D6
:1018B00044EA450420439060D06A20F470000C7D17
:1018C000641EE4B2234340EA0350D06230BD0000FE
:1018D000FFFEFFFCFDF7FFC0F0B504460D460020FB
:1018E0000021092D11DDE068A5F10A0606EB460787
:1018F000072606FA07F18843A5F10A0606EB460615
:1019000003FA06F10843E0600CE0206905EB4507A7
:10191000072606FA07F1884305EB450603FA06F1A8
:1019200008432061072A0FDA606B561E06EB860714
:101930001F2606FA07F18843561E06EB860605FAAF
:1019400006F10843606322E00D2A0FDA206BD61FF0
:1019500006EB86071F2606FA07F18843D61F06EB1B
:10196000860605FA06F10843206310E0E06AA2F15A
:101970000D0606EB86071F2606FA07F18843A2F13B
:101980000D0606EB860605FA06F10843E062F0BD97
:10199000816841F0804181607047000038B108499A
:1019A000096841F40001074AC2F8041306E004493B
:1019B000096821F40001034AC2F8041370470000CB
:1019C000042301400020014010B50221014801F02C
:1019D000CAFF10BD0004024010B50221014801F009
:1019E000C4FF10BD000402401CB50121102004F00A
:1019F00001F94FF46040009001208DF804000020B0
:101A00008DF8060001208DF8070003208DF80500F1
:101A10006946064801F0FEFE0020054908600549B8
:101A2000C1F8B8020249083108601CBD001002402C
:101A3000B40242420000424230B505460C46B4F5BD
:101A4000806F01DB40F2FF34294664F31F11084622
:101A500000F010F80120054908600A20FFF74FFA4E
:101A600000200349C1F8BC0230BD0000BC02424264
:101A70000000424200B5014600221AE001F00100D8
:101A800018B101200C4B186002E000200A4B1860CE
:101A90000A20FFF734FA0120074B1B1D18600A20AB
:101AA000FFF72DFA0020054BC3F8B8024908501C77
:101AB000C2B20E2AE2DB00BDB40242420000424242
:101AC00070B586B006460C462B48007807280CDC1B
:101AD000029820F07C7000F54000029026480178C2
:101AE000029861F3534002900BE0029820F07C7062
:101AF00000F18070029020480078029960F3534111
:101B00000291029820F4FC3000F5006002900298E7
:101B100020F4E0600290029820F0FF00029027E09D
:101B2000082C0EDD08208DF80E00002505E0317828
:101B30000DF10F004155761C6D1C082DF7D3083CA4
:101B40000DE0E0B28DF80E00002505E031780DF1D2
:101B50000F004155761C6D1CA542F7D3002401A847
:101B600000F0B0F8042803DB4FF0FF3006B070BD82
:101B7000002CD5D10020F9E7100E00203EB50B2037
:101B80008DF8030000208DF804008DF800008DF81A
:101B9000010001208DF8050000208DF802000748A3
:101BA0000290684600F082F804461C2C02DB4FF0DD
:101BB000FF303EBD00F04EF80020FAE7891C010816
:101BC00070B586B006460C46029820F07C7000F591
:101BD00030000290029820F460200290029820F4D5
:101BE000FC3000F500600290029820F4E060029062
:101BF000029820F0FF00029027E0082C0EDD08205C
:101C00008DF80E00002505E031780DF10F004155EB
:101C1000761C6D1C082DF7D3083C0DE0E0B28DF862
:101C20000E00002505E031780DF10F004155761CBE
:101C30006D1CA542F7D3002401A800F043F8042846
:101C400003DB4FF0FF3006B070BD002CD5D1002073
:101C5000F9E70000084809490861BB204870EE20F8
:101C600088704FF480604860002008708881486167
:101C70008860034888617047F45E0020D05E0020D1
:101C800017FE010800BFFEE770B505462E4600248A
:101C900006E006F10B00015D034882699047641C71
:101CA000B07AA042F5D870BDD05E002010B50446D1
:101CB0002146012000F038F810BD10B5012000F0D9
:101CC000B5F910BD10B504462146012000F02EFAEA
:101CD00010BD000000B585B06A460021104800F034
:101CE0007CFB9DF8130000EB40000E4901EB8000E7
:101CF0008078012808D09DF8130000EB400001EB2C
:101D000080004079012809D19DF8130000EB4000C4
:101D1000044A02EB800081686846884705B000BD30
:101D200000640040E42800207FB506460C46A078F9
:101D300020B9607910B9FD2004B070BDA0780128E9
:101D40003CD16079012839D1002534E005EB45000C
:101D5000B44901EB8000807801282AD105EB4500C9
:101D600001EB80004079012823D105EB450011F8F3
:101D70002000217888421CD105EB4500A94901EBE0
:101D8000800040786178884213D105EB4500A54971
:101D900001EB8000C078E17888420AD105EB45006C
:101DA000A04901EB800000792179884201D1FE2011
:101DB000C2E7681CC5B21C2DC8DB57E0A07801281B
:101DC00028D1607930BB002521E005EB450095491D
:101DD00001EB80008078012817D105EB450001EB6D
:101DE0008000407988B905EB450011F82000217882
:101DF00088420AD105EB45008A4901EB8000407812
:101E00006178884201D1FE2096E7681CC5B21C2D7E
:101E1000DBDB2BE0A07848BB6079012826D10025C8
:101E200022E005EB45007F4901EB80008078C8B9CE
:101E300005EB450001EB80004079012812D105EB4C
:101E4000450001EB8000C078E17888420AD105EBBB
:101E50004500744901EB800000792179884201D165
:101E6000FE2069E7681CC5B21C2DDADB00250FE0F7
:101E700005EB45006B4901EB8000807830B905EB3C
:101E8000450001EB8000407900B903E0681CC5B251
:101E90001C2DEDDB00BF1C2D01DBFF204CE78DF876
:101EA0000A5000208DF80B0001208DF80C00E6BBD5
:101EB000207800F00F004FF4204141EA4020617883
:101EC00001F00F0140EA4110E17801F00F0140EA12
:101ED00041002179C1F3C0010843ADF80000207929
:101EE000042101EB403080B2ADF802004FF46040B5
:101EF000ADF804000620ADF80600A078012806D150
:101F0000BDF804004FF6E0710843ADF804006079B5
:101F100001284CD1BDF8040040F01F00ADF80400CA
:101F2000BDF8060040F4604000E002E0ADF80600B5
:101F30003DE0012E3BD1207800F03F00710341EAE3
:101F4000C010617801F0070140EA0110E178C1F3A7
:101F500083010843ADF80000E0788007000C217988
:101F600001F0070140EAC120001DADF802004FF466
:101F70006040ADF804000620ADF80600A078012806
:101F800006D1BDF804004FF6F0710843ADF8040027
:101F9000607901280BD1BDF8040040F00F00ADF8C6
:101FA0000400BDF8060040F47840ADF806000020BB
:101FB000ADF8080001208DF80D00684600F0F6F835
:101FC00005EB4501174A02EB8101A0688860A07803
:101FD00005EB450102EB81018870607905EB450155
:101FE00002EB81014871207805EB450102F82100E0
:101FF000607805EB450102EB81014870E07805EB64
:10200000450102EB8101C870207905EB450102EB27
:102010008101087101220221034800F04BF9284692
:102020008AE60000E42800200064004030B587B054
:1020300005460121084603F0DDFD0121480603F0B5
:10204000F9FD4FF4C050059002208DF818000020D3
:102050008DF81A0003208DF8190001208DF81B005F
:1020600005A92F4801F0D6FB09220B212C4801F0CD
:1020700019FC09220C212A4801F014FC00208DF8DB
:102080000E008DF80F008DF810008DF811008DF8FE
:10209000120001208DF8130000208DF80A005DB9B0
:1020A0008DF80B0004208DF80C0000208DF80D0039
:1020B0001520ADF808000DE0012D0BD100208DF8A2
:1020C0000B0004208DF80C0000208DF80D000C2072
:1020D000ADF8080002A9134800F0F5F814208DF8B7
:1020E000040000208DF8050003208DF80600012073
:1020F0008DF8070001A803F07FF800240CE0002011
:1021000004EB4401084A02EB8101887004EB4401AE
:1021100002EB81014871641C1C2CF0D307B030BD68
:102120000000024000640040E42800202DE9F04156
:1021300007460D464FF00008686820F0E0506860E0
:10214000686820F0604068602C4627B9606840F0FD
:10215000A050606005E0012F03D1606840F080600E
:102160006060042020720020607221460E4800F05A
:10217000ACF90646042E01D1BDE8F08101E008F17A
:1021800001083146084800F033FA012803D04FF621
:10219000FF708045F3D34FF6FF70804501D30520D3
:1021A000EAE73046E8E700000064004010B500218F
:1021B000837A012202FA03F13D4A126842F00102D9
:1021C0003B4B1A603A4A1C3212688A43384B1C3324
:1021D0001A60027BCAB9364A0C3212688A43344B01
:1021E0000C331A604288C38842EA0343304A4032C3
:1021F000847A42F834300288838842EA03432C4AC6
:102200004032847A02EBC4025360027B012A19D166
:10221000274A0C3212680A43254B0C331A60428855
:10222000038842EA0343224A4032847A42F8343037
:10223000C288838842EA03431D4A4032847A02EB13
:10224000C4025360C27A3AB9194A121D12688A430D
:10225000174B1B1D1A6006E0154A121D12680A432F
:10226000134B1B1D1A60028932B9114A14321268CD
:102270008A430F4B14331A600289012A06D10C4A93
:10228000143212680A430A4B14331A60427B012A43
:1022900006D1074A1C3212680A43054B1C331A60E8
:1022A000034A126822F00102014B1A6010BD0000BF
:1022B000006600401AB143690B43436102E0436981
:1022C0008B434361704730B50246002000231468F9
:1022D00024F002041460146844F00104146000E067
:1022E0005B1C546804F001041CB94FF6FF74A34250
:1022F000F6D1546804F001040CB900206CE08C792C
:10230000012C04D1146844F08004146003E01468C4
:1023100024F080041460CC79012C04D1146844F0BA
:102320004004146003E0146824F0400414600C7A44
:10233000012C04D1146844F02004146003E01468F4
:1023400024F0200414604C7A012C04D1146844F069
:102350001004146003E0146824F0100414608C7AF4
:10236000012C04D1146844F00804146003E01468DC
:1023700024F008041460CC7A012C04D1146844F0D1
:102380000404146003E0146824F0040414608C78DE
:10239000A407CD7844EA05640D7944EA05444D79F3
:1023A00044EA05540D886D1E2C43D461146824F052
:1023B00001041460002300E05B1C546804F0010475
:1023C0001CB14FF6FF74A342F6D1546804F0010427
:1023D0000CB1002000E0012030BD10B500F5D8732D
:1023E00003EB01131B6803F004031372137A53B950
:1023F00000F5D87303EB01131B6840F2FF7404EA85
:102400005353136009E000F5D87303EB01131B6805
:102410006FF0604404EAD303536000F5D87303EB14
:1024200001131B6803F00203537200F5D87303EB2A
:1024300001135B6803F00F03937200F5D87303EB8D
:1024400001135B681B0AD37400F5D87303EB011307
:102450009B68D37200F5D87303EB01139B681C0AC9
:10246000147300F5D87303EB01139B681C0C5473B1
:1024700000F5D87303EB01139B681B0E937300F5F3
:10248000D87303EB0113DB68D37300F5D87303EB48
:102490000113DB681C0A147400F5D87303EB0113F5
:1024A000DB681C0C547400F5D87303EB0113DB6874
:1024B0001B0E937421B9C36843F02003C36003E08B
:1024C000036943F02003036110BD10B502460020EC
:1024D000936803F08063B3F1806F00D110E09368DC
:1024E00003F00063B3F1006F01D1012008E09368AD
:1024F00003F08053B3F1805F01D1022000E004209B
:10250000042874D002F5C07303EB00131B6803F0BA
:10251000010402F5C07303EB00131C600B7A7BB956
:102520004B7A0C8843EA445302F5C07404EB001460
:102530002468234302F5C07404EB0014236010E008
:102540000B7A4C6843EAC4034C7A234302F5C07407
:1025500004EB00142468234302F5C07404EB001458
:1025600023608B7A03F00F038B7202F5C07303EBC9
:1025700000135B6823F00F0402F5C07303EB001334
:102580005C6002F5C07303EB00135B688C7A234335
:1025900002F5C07404EB001463608B7B1C064B7B5C
:1025A00044EA03440B7B44EA0323CC7A234302F539
:1025B000C07404EB0014A3608B7C1C064B7C44EAC3
:1025C00003440B7C44EA0323CC7B234302F5C07411
:1025D00004EB0014E36002F5C07303EB00131B6807
:1025E00043F0010402F5C07303EB00131C6010BD3F
:1025F00010B50246002321B1012907D002290FD1CD
:1026000009E090681D4C00EA04030BE090681C4C44
:1026100000EA040306E090681A4C00EA040301E0B3
:10262000002300BF00BF184C181BA34216D007DCC4
:1026300083B16FF08060184470B1022818D111E0A6
:10264000B0F5007F10D0114C204448B1B0F5003FE8
:102650000ED10BE002230DE000230BE0002309E084
:10266000002307E0012305E0012303E0012301E04B
:10267000002300BF00BFD8B210BD0000030000045B
:102680000003000800000310000100080001FFF72C
:1026900038B56946002000F031F80446002C02DA13
:1026A0004FF0FF3038BD9DF8000000F00F0001280A
:1026B00002D04FF0FF30F5E70121084600F049F85D
:1026C0001421022000F045F80221042000F041F816
:1026D0005021052000F03DF80A21142000F039F8BF
:1026E0000221152000F035F80021162000F031F805
:1026F0000021172000F02DF82046D3E770B50546DD
:102700000E46002000F033FDCA21002000F058FDE5
:10271000044614B94FF0FF3070BD45F08001002031
:1027200000F04EFD044614B94FF0FF30F4E70020EE
:1027300000F01DFDCB21002000F042FD14B94FF048
:10274000FF30E9E70121002000F0D4FC30700120C7
:10275000E2E770B505460E46002000F008FDCA21EC
:10276000002000F02DFD044614B94FF0FF3070BD7D
:1027700045F08001002000F023FD044614B94FF01D
:10278000FF30F4E73146002000F01AFD044614B98A
:102790004FF0FF30EBE7002000F000FD2046E6E7B9
:1027A0002DE9F14F2DED0C8B82B00E9D502D03D3F2
:1027B00050244FF0010808E0082D03D308244FF0FF
:1027C0000A0802E001244FF050089FED4C0B06F080
:1027D0003FFCB0EE409AF0EE609A2046FEF7E6F835
:1027E00041EC1C0B2846FEF7E1F841EC1D0B53ECC5
:1027F0001C2BFEF74DF841EC1B0BB0EE4B0AF0EE34
:102800006B0A06F025FCB0EE40AAF0EE60AA53EC8D
:10281000192B51EC1A0BFEF73BF841EC180BFEF7A5
:10282000D2F800900098042803DA0098C0F1040B55
:1028300001E04FF0000B5846FEF7B8F841EC1B0BD7
:10284000B0EE4B1AF0EE6B1A9FED2C0B06F0E4FD88
:10285000B0EE409AF0EE609A2846FEF7A7F841ECF9
:102860001A0B53EC192BFDF7A1FF41EC180BFEF7E7
:10287000C9F88246BAFBF4F704FB17A00190E80000
:10288000B0FBF4F9B9F17D0F01D200260AE0B9F1ED
:10289000960F01D2012605E0B9F1AF0F01D2022651
:1028A00000E00326BC210220FFF753FF08F0FF01E0
:1028B0000320FFF74EFFC5F307111820FFF749FF6C
:1028C0002A01019842EA5010C1B21920FFF741FFD6
:1028D0000198C00040EAD700C1B21A20FFF739FFC3
:1028E000780140EA8B003043C1B21B20FFF731FF73
:1028F00002B0BDEC0C8BBDE8F88F000000000000BA
:102900000000004070B504460D462946204605F0FB
:1029100083FA70BD70B500254FF4803400E0641E6A
:1029200024B1802003F05CFD0028F8D014B9032501
:10293000284670BD40F2FF5003F00EFD2846F8E730
:102940002DE9F041064600274848056801E0474860
:10295000056805F045000028F9D005F0040030B105
:102960000327042003F0F8FC3846BDE8F08105F0A9
:10297000010028B10127012003F0EEFC3846F4E7FE
:1029800003F028FDB04202D010273846EDE740F2B0
:10299000FF5003F0E1FC002003F042FD0446344800
:1029A000204008B93846E0E704F0004008B11C2098
:1029B000DBE704F0804008B10920D6E704F00050BE
:1029C00008B10A20D1E704F0805008B10B20CCE711
:1029D00004F0006008B10C20C7E704F0806008B183
:1029E0000D20C2E704F0807008B10E20BDE704F4AA
:1029F000000008B10F20B8E704F4800008B11020EF
:102A0000B3E704F4001008B11120AEE704F480101D
:102A100008B11220A9E704F4002008B11320A4E7AC
:102A200004F4802008B114209FE704F4003008B1BA
:102A300015209AE704F4803008B1162095E704F4D5
:102A4000004008B1172090E704F4804008B1182036
:102A50008BE704F4005008B1192086E704F0080061
:102A600008B11A2081E738467FE70000342C014086
:102A700008E0FFFD70B500251048046801E00F482C
:102A8000046804F045000028F9D004F0040028B1DF
:102A90000325042003F060FC284670BD04F001000B
:102AA00028B10125012003F057FC2846F5E740F244
:102AB000FF5003F051FC2846EFE70000342C0140A2
:102AC00070B500250B48046801E00A48046804F06A
:102AD00045000028F9D004F0040028B103250420A3
:102AE00003F03AFC284670BD40F2FF5003F034FC7E
:102AF0002846F8E7342C01402DE9F04106460F4600
:102B00004FF000082248056801E02148056805F0FB
:102B100045000028F9D005F0040038B14FF0030853
:102B2000042003F019FC4046BDE8F08105F00100E7
:102B300030B14FF00108012003F00EFC4046F3E7EE
:102B400003F048FCB04203D04FF010084046EBE7DA
:102B500040F2FF5003F000FC002003F061FC04464B
:102B600004F4604018B9200C38804046DCE704F4D7
:102B7000005008B11320D7E704F4804008B11020BA
:102B8000D2E704F4004008B10F20CDE74046CBE780
:102B9000342C014070B500264FF480350F4804688E
:102BA00002E06D1E0D48046804F0450008B9002DD0
:102BB000F7D115B104F0040028B10326042003F076
:102BC000CBFB304670BD04F0400028B10026402009
:102BD00003F0C2FB3046F5E73046F3E7342C014002
:102BE00010B504F0EDFA10BD0246094B9A4201D22D
:102BF000084801E00648103801F000531BB1064BAD
:102C00000B40C36002E0044B0B4083607047000040
:102C100010640240006002407D0F7D0F21B1026808
:102C200042F00102026003E0026822F00102026049
:102C300070470000016821F001010160002101607E
:102C400041608160C1600161212141614A4988423E
:102C500004D13D21484A103A91608CE04649183130
:102C6000884205D14FF47461434A103A916082E082
:102C700041493031884205D14FF474113E4A103A2F
:102C8000916078E03C494831884205D14FF0746149
:102C9000394A103A91606EE037496031884204D178
:102CA0003649354A103AD16065E033497831884277
:102CB00004D13349304A103AD1605CE02E4990315A
:102CC000884204D12F492C4A103AD16053E02A4956
:102CD000A831884205D14FF03D51274A103AD160C2
:102CE00049E02949884204D13D21274A083A116028
:102CF00041E025491831884205D14FF47461224AD8
:102D0000083A116037E020493031884205D14FF44C
:102D100074111D4A083A11602DE01B494831884260
:102D200005D14FF07461184A083A116023E0164942
:102D30006031884204D11149134A121F11601AE010
:102D400011497831884204D10D490F4A121F116090
:102D500011E00D499031884204D10A490A4A121FF4
:102D6000116008E00849A831884204D14FF03D5174
:102D7000054A121F11607047106002403D0000209C
:102D8000400F002000003D201064024021B1026885
:102D900042F02002026003E0026822F0200202609A
:102DA000704710B501F080034BB122B1436943F085
:102DB0008003436103E0436923F08003436180297A
:102DC0000BD02AB1036801F01E042343036004E022
:102DD000036801F01E04A343036010BD10B5002278
:102DE0000268134B1A40CC680B6823434C69234399
:102DF0008C692343CC6923430C6A23434C6A2343E5
:102E00008C6A23434C6B23438C6B23431A4302602D
:102E1000426922F00702D1E90B3423431A4342618D
:102E20000B6943604B6883608B68C36010BD000012
:102E30003F801CF0704710B5044603E04FF47A70F1
:102E400000F005F8201EA4F10104F7D110BD70B503
:102E50004FF0E0256D6945434FF47A76B5FBF6F007
:102E60001BE04FF0E025A969B0F5FA7F04D94FF4D3
:102E7000FA74A0F5FA7001E00446002000BF4FF09C
:102E8000E025AA69914201D98B1A04E04FF0E025B0
:102E90006D690D44AB1AA342F1D30028E1D170BD96
:102EA00010B53DA002F0F4F84FF480513E48FDF714
:102EB000E1F94FF480713D48FDF7DCF90021012074
:102EC00002F0C8FA0021022002F0C4FA0021042016
:102ED00002F0C0FA0021052002F0BCFA03F0A8F8C5
:102EE000002002F011F9002031490870102131480A
:102EF00000F039FDFEF768FD9FED2F0A072002F074
:102F0000C1FA9FED2D0A062002F0BCFA9FED2A0AB5
:102F1000052002F0B7FA9FED280A042002F0B2FA69
:102F20004FF0FF320021FE2004F080FD282004F045
:102F300023FE1420FFF77FFF102004F01DFE7820F1
:102F4000FFF779FF02F094F81420FFF774FF9FED6C
:102F50001A0A032002F096FA0A20FFF76CFF9FED91
:102F6000160A022002F08EFA9FED130A012002F0E9
:102F700089FA0021012002F021F800200F490860A1
:102F80000F4908600F49C1F890020D49091D0860FA
:102F90000D49C1F88C0210BD446973706C617920D1
:102FA0004F46460A0D000000C4140020C42400202F
:102FB0003800002000000240000000000400002053
:102FC00094824042000040420080404210B50021FF
:102FD000012002F03FFA0021022002F03BFA00211A
:102FE000042002F037FA0021052002F033FA4FF4F2
:102FF0000061204800F0B9FC0121084601F0DEFF25
:1030000002F036F89FED1C0A022002F03BFA322053
:10301000FFF711FF9FED190A012002F033FA322069
:10302000FFF709FFFEF7D8FC3220FFF704FF02F09C
:1030300027F80A20FFF7FFFE02F01AF83C20FFF7FE
:10304000FAFE02F01DF86420FFF7F5FE02F096FA92
:1030500002F034FA6420FFF7EEFE0021084A1170F6
:10306000084604F0C3FF01200649086006A002F0EC
:103070000FF810BD00100240CDCC6C406666E63FF4
:103080000800002004000020446973706C617920FE
:103090004F4E0A0D000000002DE9F04706460F468E
:1030A00015469846DDE90849104800EB0410066013
:1030B0000E4800EB041087800C4800EB041085607C
:1030C0000A4800EB0410A0F80C800948C0F80090F2
:1030D000304600F00BFC284600F008FC204602F0C9
:1030E000C7FF204603F016F8BDE8F0873CC5002076
:1030F000600E00202DE9F04107460D46384602F0EB
:10310000DFFF002615E004F0F5FE384602F0B0FFC0
:1031100004F0F0FE384602F091FF04F0EBFE60068A
:10312000040E384602F0E6FF08B1601CC4B2701C01
:10313000C6B2082EE7DB384602F09AFF04F0DAFE4A
:103140001DB1384602F0E6FF02E0384602F0B8FF53
:1031500004F0D0FE384602F071FF04F0CBFE384692
:1031600002F086FF04F0C6FE2046BDE8F08110B5EF
:103170000446204602F0A4FF04F0BCFE204602F004
:103180005DFF04F0B7FE204602F0C4FF04F0B2FE7B
:10319000204602F06DFF04F0ADFE10BD10B50446F0
:1031A000204602F0B7FF04F0A5FE204602F046FFDD
:1031B00004F0A0FE204602F083FF04F09BFE10BD49
:1031C0002DE9F04106460C460127002516E004F0E3
:1031D000800018B1304602F073FF02E0304602F082
:1031E00099FF304602F02AFF04F084FE304602F0D8
:1031F0003FFF6006040E04F07DFE6D1C082DE6D333
:10320000304602F05DFF04F075FE304602F016FF16
:1032100004F070FE304602F06DFF00B1002730462A
:1032200002F026FF04F066FE3846BDE8F08100009B
:10323000014948617047000000900240014608685B
:10324000C0F30D40704700B502460023106800F03F
:10325000004058B9106800F4004038B9106800F414
:10326000807018B11046FFF7E9FF0346184600BD0D
:1032700010B501E00AF0A6FC06480068FFF7E3FF7E
:103280000028F7D14020FFF7D3FF4FF48030FFF73D
:10329000CFFF10BD680E00201EB500210022009255
:1032A00001920292214A1268126802F0004282B131
:1032B000002200921E4A526902F0800222B180224E
:1032C0001B4B5A6100229A609DE81C0080E81C009C
:1032D0001EBD164A1268126802F40042B2B9134ABF
:1032E0001268126802F4807282B1104A1268126881
:1032F00002F4007252B10D4A12681268C2F30D4214
:10330000111F0A4A12689268019200E000210091A0
:10331000064A12680292054A1268D268034B1A6084
:103320009DE81C0080E81C0000BFD1E7680E00206B
:103330000090024010B50E480068012813D1082003
:1033400000F024F878B10120FFF775FD0821094845
:1033500000F000FB012803D100200749086002E0CB
:10336000012006490870082000F00AF810BD00008E
:103370000400002000080240680000200000002037
:103380000149086070470000143C014001460020DC
:10339000034A12680A400AB1012000E00020704789
:1033A000143C01401CB50121084602F033FC012108
:1033B000182002F01FFC4CF6F300009002208DF85C
:1033C000040000208DF8060003208DF80500012080
:1033D0008DF8070069462C4800F01CFA4FF4F060A5
:1033E000009002208DF8040000208DF806000320D4
:1033F0008DF8050001208DF807006946234800F08C
:1034000009FA0C220521204800F04CFA0C22042174
:103410001D4800F047FA0C220B211B4800F042FA2D
:103420000C220621184800F03DFA0C22072116480C
:1034300000F038FA0C220E21134800F033FA0C2267
:103440000F21114800F02EFA0C2200210E4800F046
:1034500029FA0C2201210C4800F024FA0C22072141
:103460000A4800F01FFA0C220821084800F01AFA56
:103470000C220921054800F015FA0C220A21034804
:1034800000F010FA1CBD0000000C024000100240C9
:1034900010B5FFF787FF00F007F810BD014908706D
:1034A00070470000FFFF006000B59DB00620079048
:1034B000002008905020099000200A900B900C905A
:1034C0000D900220009000200190164800680290A4
:1034D000002003900490059006900E900F90082015
:1034E00010900020119012904FF400701490800101
:1034F00013900020159016904FF4805017904000C4
:1035000018904000199000201A9007A81B90CDF841
:1035100070D00EA800F022F80121002000F004F87D
:103520001DB000BD400E002051B18200A2F1C0428A
:10353000126842F001038200A2F1C042136009E068
:103540008200A2F1C0421268034B1A408300A3F12B
:10355000C0431A6070470000FEFF0F0030B5002125
:10356000002200230468A400A4F1C0442168424C56
:103570002140D0E901452C43C5682C4305692C4303
:1035800045692C4385692C43C5692C43056A2C4346
:10359000456A2C43856A2C43C56A2C43056B2C4332
:1035A00021430468A400A4F1C04421608468082C6D
:1035B0000BD10468A400A4F1C044246844F0400581
:1035C0000468A400A4F1C04425600468641CA4003D
:1035D000A4F1C044226802F04042446B2468456B69
:1035E0006D6844EA0514456BAD6844EA0524456BF3
:1035F000AD8944EA0544456B2D8A44EA0554456B80
:103600002D7D44EA0564456BAD692C432243046873
:10361000641CA400A4F1C0442260C46AB4F5804FC5
:1036200020D10468A400A4F1C044D4F80431134CA0
:103630002340846B2468856B6D6844EA0514856BB0
:10364000AD6844EA0524856BAD8944EA0544856B81
:10365000AD692C4323430468A400A4F1C044C4F81A
:10366000043107E06FF070450468A400A4F1C04481
:10367000C4F8045130BD00008000F7FF0000F0CF17
:103680002DE9FC4107460D4600260024002000904D
:10369000019008205B490860102048604020886045
:1036A0000020C8604FF480600861084602F0F6FE12
:1036B0001020FFF745F9044614B12046BDE8FC810F
:1036C0005148008800044F49086037204860402076
:1036D00088600020C8604FF480600861084602F0EE
:1036E000DDFE3720FFF72CF904460CB12046E5E754
:1036F0004FF0FF304549086008204860302088605E
:103700000220C8600020086101204861084602F0DC
:103710003BFE00203B490860332048604020886021
:103720000020C8604FF480600861084602F0B6FED1
:103730003320FFF705F904460CB12046BEE709E047
:103740004FF4001002F04CFE20B102F0A1FE4DF843
:103750002600761C2E48006840F22A6108400028A6
:10376000EED0082002F03CFE28B1082002F0F4FD63
:1037700004242046A2E7022002F032FE28B10220F3
:1037800002F0EAFD0224204698E7202002F028FEFD
:1037900028B1202002F0E0FD062420468EE74FF4F9
:1037A000007002F01DFE30B14FF4007002F0D4FD45
:1037B0000724204682E740F2FF5002F0CDFD00983A
:1037C0000006009901F47F4140EA0120009901F4CC
:1037D0007F0140EA1120009940EA11606860019879
:1037E0000006019901F47F4140EA0120019901F4AA
:1037F0007F0140EA1120019940EA116028602046CB
:103800005CE70000A0C200202C0E0020B4C2002003
:10381000342C0140F0B50A4600210023002400BFEB
:103820003DE0012505FA01F3156805EA03049C4211
:1038300034D105684F000326BE40B54305601579B5
:103840004E00B5400668354305601579012D02D05C
:103850001579022D16D185684F000326BE40B54369
:10386000856055794E00B54086683543856045686A
:1038700001268E40B5434560456896798E40B6B2C4
:1038800035434560C5684F000326BE40B543C5605B
:10389000D5794E00B540C6683543C560491C10292E
:1038A000BFD3F0BDF0B5002300244D07ED0E02FAA2
:1038B00005F3CE1000F1200555F826504E07F70EFF
:1038C0000F26BE40B543CF1000F1200646F8275022
:1038D000CE1000F1200555F8265045EA0304CE101D
:1038E00000F1200545F82640F0BD000070B5054602
:1038F0001649681A8D421AD009DC1548284480B14F
:10390000B0F5806F0FD0B0F5006F18D10DE0B0F5B5
:10391000806F0ED0B0F5006F0DD0B0F5406F0ED1B6
:103920000BE001240BE0022409E0042407E0082452
:1039300005E0102403E0202401E0402400BF00BF84
:103940000121204602F056F970BD0000000C024033
:103950000000FEBF0246002013690B400BB101209E
:1039600000E00020704741837047018370470000EA
:1039700070B5002400F02AFBB54991ED000AF2EE83
:10398000040A20EE200ABCEEC00A10EE100A00F075
:103990008FFC0A20FFF74FFA00F034FB4FF4FA7067
:1039A000FFF749FAAB48007818283DD2DFE800F06D
:1039B0000D1318210E141C20252B0C12262C272D3C
:1039C000313233343815161700BF00BF0120A24929
:1039D000087029E000BF00BF00BF00BF00BF00BFEC
:1039E00000209D4908701FE005209B4908701BE0DE
:1039F00000BF04209849087016E000BF00BF0920EE
:103A00009549087010E000BF00BF08209249087077
:103A10000AE000BF00BF00BF20208F49087003E00C
:103A200024208D49087000BF00BF8B48007818B172
:103A300089480078202804D18848006888490860AF
:103A400004E086480068400885490860824800789C
:103A5000042803D080480078242814D17F480068C7
:103A60008049096848434508C5F3080040B1680A21
:103A70007D49086008460068401C4002086016E066
:103A80007948056013E0754800687649096800FBCD
:103A900001F5C5F3090040B1A80A7349086008465A
:103AA0000068401C8002086001E06F48056030201B
:103AB00000F002FB002000F011FB002000F00EFBE4
:103AC000002000F00BFB002000F008FB122000F0AB
:103AD000F3FA63490988491EC1F3072000F0FEFA92
:103AE0005F490978491EC8B200F0F8FA5D490988B3
:103AF000491EC1F3072000F0F1FA5A490978491E1E
:103B0000C8B200F0EBFA132000F0D6FA5349096866
:103B1000544A12685143080E00F0E0FA4F49096810
:103B2000504A12685143C1F3074000F0D7FA4B499D
:103B300009884C4A12885143C1F3072000F0CEFA9D
:103B400046490978474A12785143C8B200F0C6FA8C
:103B5000102000F0B1FA4048007800F0BFFA434866
:103B6000007810B944F0010400E000BF404800783C
:103B700000B901E044F002043E48007800B901E0D9
:103B800044F004043C48007810B944F0080400E014
:103B900000BF172000F090FA204600F09FFA152091
:103BA00000F08AFA35490988491EC1F3072000F060
:103BB00095FA32490978491EC8B200F08FFA3049A7
:103BC0000988491EC1F3072000F088FA2C490978BA
:103BD000491EC8B200F082FA2A490988491EC1F379
:103BE000072000F07BFA27490978491EC8B200F087
:103BF00075FA162000F060FA23490988491EC1F3BE
:103C0000072000F06BFA20490978491EC8B200F07D
:103C100065FA1E490988491EC1F3072000F05EFAC3
:103C20001A490978491EC8B200F058FA184909889B
:103C3000491EC1F3072000F051FA15490978491EC1
:103C4000C8B200F04BFA282000F036FA70BD000030
:103C5000B40D0020DC0D0020DD0D0020B80D00208B
:103C6000E00D0020BC0D0020E40D0020D80D002048
:103C7000D90D0020DA0D0020DB0D0020C80D00203A
:103C8000C40D0020C00D0020D40D0020D00D002058
:103C9000CC0D00201CB50121082001F0ABFF4FF432
:103CA0008060009001208DF8040000208DF806004F
:103CB00003208DF8050001208DF8070069460248B1
:103CC000FFF7A8FD1CBD0000000C024010B50F203E
:103CD00000F0F2F900F0ACF90446240200F0A8F973
:103CE0000443240200F0A4F90443240200F0A0F9E4
:103CF0000443204610BD10B504460E2000F0DCF948
:103D000000F096F9207000F093F9607000F090F9DF
:103D1000A07010BDF0B505460F462948007804286C
:103D200003D02748007824280CD12648006807FBD8
:103D300000F424480068B5FBF0F100FB115086B296
:103D4000344404E02048006807FB00F42C441F487A
:103D500000681F49096800FB0144202000F0ACF90D
:103D6000200E00F0BBF9C4F3074000F0B7F9C4F32C
:103D7000072000F0B3F9E0B200F0B0F9301200F023
:103D8000ADF9F0B200F0AAF90D480078042803D08C
:103D90000B48007824280BD10A480068854203D2DA
:103DA000002000F09BF906E0012000F097F902E006
:103DB000002000F093F9222000F07EF9F0BD000011
:103DC000DD0D0020E00D0020B80D0020E40D0020E6
:103DD000E80D00202DE9F04F95B04FF00009C846DE
:103DE000FFF756FBFFF756FF63A001F051F900F013
:103DF00031FA02900298002807DA62A001F048F92F
:103E00004FF0FF3015B0BDE8F08F00F0DFF80A206A
:103E1000FFF711F800F0F6F84FF4FA70FFF70BF81F
:103E2000FFF754FF07465A48B7FBF0F7C92F05D0F4
:103E300055A001F02DF96FF00100E3E755A001F066
:103E400027F9002000F011F9002418E0534951F837
:103E500024200B46611C33F8211042EA014000F097
:103E600043F94E4A611C52F821100A0A4B4BA11C1F
:103E700053F8211042EA012000F036F9E41C122C1C
:103E8000E4D3002000F0DAF800242AE000F0D0F8B3
:103E900005462D0200F0CCF805432D0200F0C8F8CD
:103EA000054300F0C5F80646360200F0C1F80643A7
:103EB000360200F0BDF80643AAB22046641C03A9EE
:103EC00041F820204FF47F4000EA062040EA1542E6
:103ED0002046641C41F82020320A2046641C41F828
:103EE0002020122CD2D300240BE003A850F8240089
:103EF0002A4951F82410884202D04FF0010902E00B
:103F0000641C122CF1D300BFB9F1000F31D024A0F2
:103F100001F0BEF8002426E003A850F824001F4951
:103F200051F8241088421DD00320B4FBF0FAB4FBF2
:103F3000F0F100FB114000F1010B03A850F8240040
:103F40000090164850F824305246594618A001F007
:103F50009FF80320B4FBF0F100FB114101208840E1
:103F600040EA0808641C122CD6D348F010004042E6
:103F700048E7002046E7000047505520496E697425
:103F800020000000504C4C204E470A0D000000005D
:103F9000809698004F4B0A0D0000000000080208B0
:103FA00047505520534452414D204E470A0D0000C2
:103FB0002053256420413D25642C20573D25303475
:103FC0005820523D253034580A0D00001CB54FF4DE
:103FD0008060009001208DF8040000208DF806001C
:103FE00003208DF8050001208DF80700694604487C
:103FF000FFF710FC4FF480610148FFF7B4FC1CBDD3
:10400000000C02401CB54FF48060009000208DF839
:1040100004008DF8060003208DF8050001208DF8BE
:10402000070069460148FFF7F5FB1CBD000C024084
:1040300001480078704700000000016010B5044698
:10404000232000F039F8200E00F048F8C4F30740B0
:1040500000F044F8C4F3072000F040F8E0B200F0AC
:104060003DF8252000F028F810BD10B504462020AA
:1040700000F022F8200E00F031F8C4F3074000F001
:104080002DF8C4F3072000F029F8E0B200F026F87C
:10409000002000F023F8002000F020F8002000F0BD
:1040A0001DF8222000F008F810BD0000014908703A
:1040B000704700000000016000B5034600BF032008
:1040C000FFF7ECF9FFF7B4FF024682F00200002888
:1040D000F5D10148037000BDFFFF00600149087081
:1040E0007047000000000160010C034A1170010AD2
:1040F0001170107070470000000001600146054A11
:104100001068884203D2C1F1FF32104400E0401A27
:1041100070470000580D00202DE9F04707460520A4
:10412000FDF770FB82461120FDF76CFB80464FF4D3
:1041300096600AFB00F0B0FBF8F62048B0FBF8F9F7
:104140004FF47A70704390FBF9F600240AE004EB18
:1041500084001B4901EB800000691430B04200DD8F
:1041600002E0641C052CF2D300BF052C02D1A01F75
:10417000BDE8F087002514E004EB8400104901EB52
:10418000800050F825001438B04209DA04EB8400AE
:1041900001EB800050F825001430B04200DD02E051
:1041A0006D1C052DE8D300BF062D01D1E81FDFE708
:1041B000601C38707D700120DAE7000050FB4A0077
:1041C000580D020800B58DB00121084601F012FD1E
:1041D0000121080201F03EFD20200B9003208DF804
:1041E000300000208DF833000BA91748FFF712FBB1
:1041F0000121080201F03EFD00214FF4807001F022
:1042000039FD002007900A9009904FF48030089003
:1042100007A8FDF7DFFA002001908DF808008DF85F
:1042200009000390059001208DF8180001A90748A6
:10423000FDF728FB0120FDF7B1FB01210348FDF745
:10424000BEFA0DB000BD0000000002400020014099
:1042500000BFFEE71CB5124800214FF40073114A5D
:10426000CDE9001091151046FEF716FFFEF710FA83
:104270000446012C04D100200B49086020461CBDD7
:104280000BF0F8FF0446601C10B94FF0FF30F6E762
:1042900006480CF063F801200349086000BFEEE710
:1042A00029C7010800040240440E002080F0FA02F1
:1042B00010B504460648006818B9A0B2FEF770FAB7
:1042C00004E0044904FB01F00BF0ECFF10BD00001A
:1042D000440E0020A08601002DE9F04104460F465F
:1042E00016460020FEF743FF21460020FEF768FF38
:1042F00005461DB94FF0FF30BDE8F081394600207A
:10430000FEF75EFF054615B94FF0FF30F4E70020D9
:10431000FEF72DFF601CC1B20020FEF751FF0546DD
:1043200015B94FF0FF30E7E701210020FEF7E2FE6C
:1043300030700020FEF732FF0120DDE72DE9F0416B
:1043400005460F4616460020FEF711FF29460020BD
:10435000FEF736FF04461CB94FF0FF30BDE8F08190
:1043600039460020FEF72CFF044614B94FF0FF3009
:10437000F4E731460020FEF723FF044614B94FF05E
:10438000FF30EBE70020FEF709FF2046E6E70000DC
:1043900010B52DED028BB0EE408A9FED070A28EE96
:1043A000000ABCEEC00A10EE100A81B20A2001F029
:1043B000BDF9BDEC028B10BD00007A441CB5012193
:1043C0004A2001F017FC4FF40060009001208DF8A6
:1043D000040000208DF8060001208DF8070003205E
:1043E0008DF8050069461A48FFF714FA4FF400618A
:1043F0001748FFF7B8FA8020009001208DF80400DC
:1044000000208DF8060001208DF8070003208DF8AC
:10441000050069460F48FFF7FDF980210D48FFF7B9
:10442000A2FA0220009001208DF8040000208DF8EF
:10443000060001208DF8070003208DF8050069466D
:104440000448FFF7E7F902210248FFF78CFA1CBD88
:1044500000100240000402402DE9F04116480068B7
:10446000431E16480068421E0021084603F008FA61
:1044700012480068461E10480068471E002515E0D7
:1044800000240EE024B1B44202D00DB1BD4204D1EB
:104490006FF07F4003F024FA02E0002003F020FADE
:1044A000641C064800688442ECD36D1C0248006816
:1044B0008542E5D3BDE8F081BC0D0020B80D002099
:1044C0002DE9F04143480068431E43480068421EFE
:1044D0000021084603F0D4F900260AE0002703E093
:1044E0003E4803F0FDF97F1C3B4800688742F7D344
:1044F000761C38480068B6EB900FEFD3002524E017
:10450000002403E0354803F0EBF9641C32480068EE
:10451000B4EB900FF6D3002406E0002003F0E0F99E
:10452000002003F0DDF9641C2B480068B4EB900F09
:10453000F3D3002403E0294803F0D2F9641C264891
:104540000068B4EB900FF6D36D1C22480068B5EB01
:10455000900FD5D3002524E0002403E01F4803F08A
:10456000BFF9641C1C480068B4EB900FF6D300241C
:1045700006E0002003F0B4F9002003F0B1F9641C58
:1045800015480068B4EB900FF3D3002403E0134800
:1045900003F0A6F9641C10480068B4EB900FF6D342
:1045A0006D1C0C480068B5EB900FD5D300260AE0CF
:1045B000002703E0094803F093F97F1C06480068D0
:1045C0008742F7D3761C03480068B6EB900FEFD311
:1045D000BDE8F081BC0D0020B80D00207F7F7F007A
:1045E00070B5FD480068431EFC480068421E00216B
:1045F000084603F045F9002540E0002403E00020D0
:1046000003F06EF9641CF54800680521B0FBF1F079
:10461000A042F4D804E06FF07F4003F061F9641C1D
:10462000EE48006840000521B0FBF1F0A042F2D84E
:1046300003E0002003F054F9641CE848006800EB34
:1046400040000521B0FBF1F0A042F2D804E06FF089
:104650007F4003F045F9641CE048006880000521B4
:10466000B0FBF1F0A042F2D803E0002003F038F9EB
:10467000641CDA4800688442F7D36D1CD648006891
:10468000B5EBD00FB9D341E0002404E06FF07F40D8
:1046900003F026F9641CD14800680521B0FBF1F055
:1046A000A042F3D803E0002003F01AF9641CCB48C1
:1046B000006840000521B0FBF1F0A042F3D804E00F
:1046C0006FF07F4003F00CF9641CC448006800EBF5
:1046D00040000521B0FBF1F0A042F1D803E000203A
:1046E00003F0FEF8641CBD48006880000521B0FBA3
:1046F000F1F0A042F3D804E06FF07F4003F0F0F84F
:10470000641CB64800688442F6D36D1CB248006849
:104710004000B5EBD00FB7D340E0002403E0002009
:1047200003F0DEF8641CAD4800680521B0FBF1F031
:10473000A042F4D804E06FF07F4003F0D1F8641C8D
:10474000A648006840000521B0FBF1F0A042F2D875
:1047500003E0002003F0C4F8641CA048006800EBEC
:1047600040000521B0FBF1F0A042F2D804E06FF068
:104770007F4003F0B5F8641C98480068800005216C
:10478000B0FBF1F0A042F2D803E0002003F0A8F85B
:10479000641C924800688442F7D36D1C8E48006800
:1047A00000EB4000B5EBD00FB7D341E0002404E0AC
:1047B0006FF07F4003F094F8641C8848006805217E
:1047C000B0FBF1F0A042F3D803E0002003F088F83A
:1047D000641C8248006840000521B0FBF1F0A04253
:1047E000F3D804E06FF07F4003F07AF8641C7B4854
:1047F000006800EB40000521B0FBF1F0A042F1D8C9
:1048000003E0002003F06CF8641C7448006880002A
:104810000521B0FBF1F0A042F3D804E06FF07F4037
:1048200003F05EF8641C6D4800688442F6D36D1C8A
:10483000694800688000B5EBD00FB7D340E0002492
:1048400003E0002003F04CF8641C64480068052174
:10485000B0FBF1F0A042F4D804E06FF07F4003F029
:104860003FF8641C5D48006840000521B0FBF1F092
:10487000A042F2D803E0002003F032F8641C57484D
:10488000006800EB40000521B0FBF1F0A042F2D837
:1048900004E06FF07F4003F023F8641C4F48006889
:1048A00080000521B0FBF1F0A042F2D803E0002027
:1048B00003F016F8641C494800688442F7D36D1C65
:1048C0004548006800EB8000B5EBD00FB7D341E05E
:1048D000002404E06FF07F4003F002F8641C3F48BE
:1048E00000680521B0FBF1F0A042F3D803E00020FE
:1048F00002F0F6FF641C3948006840000521B0FB57
:10490000F1F0A042F3D804E06FF07F4002F0E8FF3E
:10491000641C3248006800EB40000521B0FBF1F058
:10492000A042F1D803E0002002F0DAFF641C2B481B
:10493000006880000521B0FBF1F0A042F3D804E04C
:104940006FF07F4002F0CCFF641C24480068844272
:10495000F6D36D1C2048006800EB40004000B5EB2A
:10496000D00FB5D345E0002403E0002002F0B8FFEB
:10497000641C1A4800680521B0FBF1F0A042F4D88D
:1049800004E06FF07F4002F0ABFF641C1348006846
:1049900040000521B0FBF1F0A042F2D803E0002076
:1049A00002F09EFF641C0D48006800EB40000521EA
:1049B000B0FBF1F0A042F2D804E06FF07F4002F0CB
:1049C0008FFF641C0548006880000521B0FBF1F0F2
:1049D000A042F2D808E00000BC0D0020B80D002075
:1049E000002002F07DFF641C2A4800688442F7D34F
:1049F0006D1C29480068C0EBC000B5EBD00FB2D3E6
:104A000041E0002404E06FF07F4002F069FF641C85
:104A1000204800680521B0FBF1F0A042F3D803E084
:104A2000002002F05DFF641C1A4800684000052168
:104A3000B0FBF1F0A042F3D804E06FF07F4002F049
:104A40004FFF641C1348006800EB40000521B0FBD9
:104A5000F1F0A042F1D803E0002002F041FF641C15
:104A60000C48006880000521B0FBF1F0A042F3D8AB
:104A700004E06FF07F4002F033FF641C05480068DB
:104A80008442F6D36D1C04480068C000B5EBD00F1B
:104A9000B7D370BDB80D0020BC0D002070B52D48F7
:104AA0000068431E2C480068421E0021084602F0A0
:104AB000E7FE29480068C508002645E0002404E018
:104AC0006FF07F4002F00CFF641CAC42F8D300246E
:104AD00003E0224802F004FF641CAC42F9D3002436
:104AE00004E04FF6FF7002F0FBFE641CAC42F8D30A
:104AF000002404E04FF47F4002F0F2FE641CAC425C
:104B0000F8D3002404E04FF0FF1002F0E9FE641C2B
:104B1000AC42F8D3002404E04FF47F0002F0E0FE42
:104B2000641CAC42F8D3002403E0FF2002F0D8FE5E
:104B3000641CAC42F9D3002403E0002002F0D0FE54
:104B4000641CAC42F9D3761C024800688642B5D397
:104B500070BD0000BC0D0020B80D002000FFFF005C
:104B600070B511480068431E10480068421E0021BD
:104B7000084602F085FE00250FE0002408E04FF013
:104B80007F1002F0ADFE4FF4FE4002F0A9FE641C5F
:104B9000064800688442F2D36D1C03480068B5EBF8
:104BA000500FEAD370BD0000BC0D0020B80D0020EE
:104BB0002DE9F04704460D46164612480068431E8C
:104BC00011480068421E0021084602F059FE2004E8
:104BD00040EA052040EA06094FF000080BE00027F4
:104BE00003E0484602F07CFE7F1C074800688742CD
:104BF000F7D308F10108034800688045EFD3BDE80A
:104C0000F0870000BC0D0020B80D00202DE9F04118
:104C100013480068471E13480068431E1048006888
:104C2000421E0021084602F02BFE002612E000255D
:104C30000BE0C5EB0520B0FBF7F4200440EA0420AC
:104C40000443204602F04CFE6D1C05480068854276
:104C5000EFD3761C034800688642E8D3BDE8F081B4
:104C6000B80D0020BC0D00202DE9F041134800686C
:104C7000471E12480068431E11480068421E00216A
:104C8000084602F0FDFD002512E0C5EB0520B0FB53
:104C9000F7F4200440EA04200443002603E0204601
:104CA00002F01EFE761C064800688642F7D36D1C93
:104CB000024800688542E8D3BDE8F081BC0D0020C1
:104CC000B80D002010B517480078012805D0164807
:104CD000006810B11548006800B910BD144800689C
:104CE000FFF70CFA1349144A127851F8221088423F
:104CF00000D2F2E700F024FA0D4908600E4800786F
:104D0000401CC0B20C4908700C490968884202D3A3
:104D10000020094908700848007803F067F900BFCF
:104D2000DBE700001C0000200400002048000020F9
:104D300010000020800E0020080000200C00002041
:104D400010B517480078012805D01648006810B142
:104D50001548006800B910BD14480068FFF7CEF987
:104D60001349144A127851F82210884200D2F2E70F
:104D700000F0E6F90D4908600E48007828B90E48A1
:104D80000078401E0B49087004E00A480078401E75
:104D9000084908700748007803F028F900BFDAE7EF
:104DA0001C0000200400002048000020100000200B
:104DB000800E0020080000200C00002010B50948DB
:104DC0000078012802D00848006800B910BD012110
:104DD000082000F0F3F80021082000F0EFF800BFF1
:104DE000F4E700001C000020040000201CB5012195
:104DF000062000F0FFFE0121082000F0FBFE4FF42A
:104E00004040009000208DF804008DF8060003203B
:104E10008DF8050001208DF8070069460A48FEF765
:104E2000F9FC4FF44040009000208DF804008DF80C
:104E3000060003208DF8050001208DF80700694663
:104E40000248FEF7E7FC1CBD0008024000040240D7
:104E500070B500240025002651480068FFF74EF980
:104E6000142801D2002070BD00F06AF94C49086096
:104E70004C4800784C4908700846007800F0010062
:104E800020B10021012000F099F801264648007861
:104E900000F0020020B10021022000F08FF801266E
:104EA0004148007800F0040020B10021042000F007
:104EB00085F801263C48007800F0080020B1002168
:104EC000082000F07BF8012616B16420FDF7BFFF33
:104ED0004FF400413548FEF73DFD08B944F00104A8
:104EE0004FF480413148FEF735FD08B944F0020423
:104EF0004FF480412E48FEF72DFD08B944F004041C
:104F00004FF400412A48FEF725FD08B944F0080493
:104F10002548007800F0010018B10121084600F092
:104F20004DF82148007800F0020018B1012102205C
:104F300000F044F81C48007800F0040018B101218A
:104F4000042000F03BF81848007800F0080018B181
:104F50000121082000F032F81648007820B101281D
:104F600009D0022819D113E024B101201149087099
:104F70001148046011E010480068844204D12546BD
:104F800002200C49087002E000200A49087004E081
:104F900014B900200749087000BF00BFE8B262E7FB
:104FA000040E0020F40D0020000E00200008024036
:104FB00000040240010E0020FC0D00207CB50546D7
:104FC0000E46012D06D0022D09D0042D0CD0082D3F
:104FD00014D10EE0234C4FF4004000900EE0214C21
:104FE0004FF48040009009E01F4C4FF48040009047
:104FF00004E01D4C4FF40040009000BF00BF012EA4
:1050000019D101208DF804008DF8060003208DF8D9
:10501000050001208DF8070069462046FEF7FAFBDF
:10502000009881B22046FEF79EFC10480078284385
:105030000E49087014E000208DF8040001208DF85E
:10504000060003208DF8050001208DF80700694651
:105050002046FEF7DFFB05480078A84303490870A7
:105060007CBD00000008024000040240F40D002056
:1050700010B580210148FEF776FC10BD0004024007
:1050800010B580210148FEF770FC10BD00040240FD
:105090000FB47CB5052507A801901948019A069917
:1050A00003F0A8FF06460020019016490870034649
:1050B000721C1349009028460AF0EFFD002803DA1D
:1050C000A81F7CBC5DF814FB002408E0641C642C61
:1050D00002DD6FF00100F4E70120FDF7ACFE0948A6
:1050E00000780328F2D107480069407845F01001A4
:1050F000884202D06FF00100E3E70020E1E7000002
:1051000060650020D05E002010B50446012C02DD51
:105110004FF0FF3010BD204600F0A0FBFAE770B55D
:1051200004460D462946204600F026FC70BD10B509
:1051300004460A2C00D10224204600F029FD10BDAF
:105140000148006870470000580D002000BFFEE7CE
:105150002DE9F04FABB004460D4616461F46DDE97B
:1051600036ABDDE934891648406A18B11548007835
:10517000012804D14FF0FF302BB0BDE8F08F802123
:105180000BA8FBF777F82B4622460FA10BA88DE85A
:10519000C00703F01BFF1422124906A8FBF751F8C1
:1051A0000BA80790CDF820B038980A904FF4FA6019
:1051B0000023052206A9009001480AF053FADBE714
:1051C0004C9E0020487C002025642C256424256406
:1051D000242564242564242325303658242564247A
:1051E00000000000E8070208704710B54FF4C060E7
:1051F00000F03EF810BD000070B5002100230F2222
:10520000C4781CB3174C246804F4E064C4F5E0646B
:10521000C4F30721C1F10404E3B20A4144789C407D
:10522000E1B28478144021430C07210E0E4C05781E
:105230006155047804F01F050124AC4005786D1118
:10524000AD0005F1E025C5F8004109E0047804F05F
:105250001F050124AC40054D0678761145F826401F
:1052600070BD00000CED00E000E400E080E100E033
:1052700002490143024A1160704700000000FA052C
:105280000CED00E01CB50121032000F0B3FC4FF44D
:105290004040009001208DF8040000208DF80600A9
:1052A00001208DF8070003208DF8050069461A4893
:1052B000FEF7B0FA2020009001208DF804000020B5
:1052C0008DF8060001208DF8070003208DF80500F9
:1052D00069461248FEF79EFA0020114908601149FC
:1052E000C1F8BC0210490860FCF77EFB00210A20CF
:1052F00000F01CFA4FF47A710B2000F017FA00212D
:10530000062000F013FA0021072000F00FFA002118
:10531000082000F00BFA1CBD00040240000002400F
:10532000B88240420080404294024042012080F313
:10533000138800BF00BF00BF00BF00BF00BFBFF3A6
:105340004F8F00BF00BF00BF0948006800F4E06055
:1053500008490843001D0649086000BF00BF00BFA0
:10536000BFF34F8F00BF00BF00BF00E000BFFDE7ED
:105370000CED00E00000FA052DE9F04107460E466D
:1053800001250020304908702B46032208210AF02D
:10539000E6FC002802DAA81EBDE8F081002408E03F
:1053A000641C642C02DD6FF00100F5E70120FDF7BD
:1053B00042FD254800780328F2D12348006940784F
:1053C00045F01001884202D06FF00100E4E71E486A
:1053D000006902891C48006900F10A013846FAF7A1
:1053E00030FF0020184908702B4602220B210AF0DA
:1053F000B6FC002802DA4FF0FF30CDE7002408E0C9
:10540000641C642C02DD6FF00100C5E70120FDF78C
:1054100012FD0D4800780328F2D10B48006940784E
:1054200045F01001884202D06FF00100B4E7064851
:10543000006902890448006900F10A013046FAF760
:1054400000FF0020A8E70000D05E002010B5FCF7A8
:1054500095FB10BD70B506460D46701EC4B2082CF3
:1054600002DB4FF0FF3070BD052C01DB601CC4B2C5
:10547000012D02DD6FF00100F5E72946204600F01E
:10548000B5FAF0E770B52DED028B0546B0EE408A17
:10549000681EC4B2082C04DB4FF0FF30BDEC028B59
:1054A00070BD042C03D1B1EE480AB0EE408AB0EED4
:1054B000480A204600F0ECFAF0E700001CB52A4844
:1054C000007820B929A0FFF7E3FD05F00FFE4FF0AB
:1054D000FF320021FE2002F0A9FA4FF0FF328021B6
:1054E000C42002F0A3FA4FF0FF3277213A2002F0F5
:1054F0009DFA4FF0FF320021352002F097FA4FF06D
:10550000FF322021532002F091FA4FF0FF32FF21A9
:10551000512002F08BFA4FF0FF32FF21632002F09E
:1055200085FA4FF0FF30532101230022CDE900100E
:1055300011462A2002F07AFA4FF0FF30532101235E
:105540000022CDE9001011462B2002F06FFA112045
:1055500002F012FB7820FDF76EFC292002F00CFB14
:105560003C20FDF768FC1CBD1D000020616C6C2018
:10557000636F646520696E69740D0A0038B54FF079
:10558000FF322021FE2002F051FA4FF0FF325A2163
:10559000F42002F04BFA4FF0FF325921F52002F0CF
:1055A00045FA4FF0FF322021FE2002F03FFAEC20B6
:1055B00002F0A4F98DF800009DF800409DF800105D
:1055C00010A0FFF765FD04F0030020B1012806D00C
:1055D00003280CD107E000200E4908700BE00120E1
:1055E0000C49087007E002200A49087003E0FF2018
:1055F0000849087000BF00BF0648017806A0FFF701
:1056000047FD38BD307845433D3078253032780D40
:105610000A0000001D0000204F54505F74696D6542
:10562000733A25640A0D00007047000010B5FDF7BD
:1056300037FC08A1012000F029F806A1022000F0A3
:1056400025F804A1032000F021F802A1042000F0B5
:105650001DF810BD202020200000000010B502F031
:1056600051FC00200649087001200649086000200E
:1056700005490860FDF7AAFC00F080FB10BD0000A2
:1056800008000020480000206C0000202DE9FC41AB
:1056900004460D460427012C02D10720019012E098
:1056A000022C02D1082001900DE0032C02D1092028
:1056B000019008E0042C02D10A20019003E04FF091
:1056C000FF30BDE8FC810020174908702846FAF732
:1056D00004FE00F101082B46012201A93846CDF84D
:1056E00000800AF0DAFA002802DA4FF0FF30E8E72B
:1056F000002608E0761C642E02DD6FF00100E0E772
:105700000120FDF798FB084800780328F2D10648ED
:105710000069407847F01001884202D06FF0010024
:10572000CFE70020CDE70000D05E002070B52DED62
:10573000048B05460C46A81F062818D2DFE800F0A7
:105740002D49658103182046FBF730F941EC190B10
:105750009FED3E0B53EC102BFBF79AF841EC180B26
:10576000FBF750F986B231460220FCF765F968E094
:105770002046FBF71BF941EC190B9FED340B53EC62
:10578000102BFBF785F841EC180BFBF73BF986B2C1
:1057900031460120FCF750F953E0ACB104F5B97083
:1057A000FBF7F3F841EC190B9FED2A0B53EC102B90
:1057B000FBF76EF841EC180BFBF724F986B2314683
:1057C0000320FCF739F903E000210320FCF734F94A
:1057D00037E0ACB104F5B970FBF7D7F841EC190B21
:1057E0009FED1C0B53EC102BFBF752F841EC180B00
:1057F000FBF708F986B231460420FCF71DF903E0F7
:1058000000210420FCF718F91BE0ACB104F5B970D5
:10581000FBF7BBF841EC190B9FED0E0B53EC102B73
:10582000FBF736F841EC180BFBF7ECF886B2314683
:105830000520FCF701F903E000210520FCF7FCF846
:1058400000BF00BFBDEC048B70BD00000000000075
:1058500000000440000000000080274031B506250C
:1058600015489DF8001001700020144908702B465F
:105870000122002110480AF072FA002801DAE81F1C
:1058800038BD002408E0641C642C02DD6FF00100C8
:10589000F6E70120FDF7CFFA084800780328F2D197
:1058A00006480069407845F01001884202D06FF048
:1058B0000100E5E70020E3E7F4620020D05E00206D
:1058C00070B5054602262A4880F8C45080F8F85082
:1058D00000202849087033460122C42124480AF0D8
:1058E0003EFA002801DAF01E70BD002408E0641CB6
:1058F000642C02DD6FF00100F6E70120FDF79BFA52
:105900001C4800780328F2D11A480069407846F014
:105910001001884202D06FF00100E5E70020154930
:10592000087033460122F82111480AF018FA0028BD
:1059300002DA4FF0FF30D7E7002408E0641C642C43
:1059400002DD6FF00100CFE70120FDF774FA09488E
:1059500000780328F2D107480069407846F010012A
:10596000884202D06FF00100BEE70020BCE70000D3
:10597000F4620020D05E0020F3B581B00C4604260E
:105980009DF80400072801DB701FFEBD00201649AA
:1059900008702046FAF7A1FC471C2346012201A902
:1059A000304600970AF079F9002802DA4FF0FF300C
:1059B000EBE7002508E06D1C642D02DD6FF00100AF
:1059C000E3E70120FDF737FA074800780328F2D112
:1059D00005480069407846F01001884202D06FF017
:1059E0000100D2E70020D0E7D05E00202DE9F04191
:1059F00004460D460327002022490870062C0DDAC4
:105A00002148055504F111013B46012211380AF0E5
:105A1000A6F900281ADA381FBDE8F081092C12DA3D
:105A2000A11F1A4845544FF4C470A21F104481B2FC
:105A30003B460122144811380AF091F9002805DA92
:105A40004FF0FF30E8E74FF0FF30E5E7002608E0D1
:105A5000761C642E02DD6FF00100DDE70120FDF70A
:105A6000EAF9084800780328F2D10648006940782E
:105A700047F01001884202D06FF00100CCE700200F
:105A8000CAE70000D05E0020056300207C6400208F
:105A90002DE9F0412DED028B0446B0EE408A03263D
:105AA000002036490870052C22DA9FED350A28EED1
:105AB000000A344800EB840080ED000A3248FAF70F
:105AC0000CFC804642463049304605F00DF807464A
:105AD0004C2000EB84013B4604222A484C380AF053
:105AE0003EF900282EDA301FBDEC028BBDE8F081B4
:105AF000082C24DA9FED220A28EE000A611F2348B1
:105B000000EB810080ED000A1F48FAF7E6FB8046B3
:105B100042461D49304604F0E7FF07464FF4CA707D
:105B2000621F00EB820081B23B46042215484C38CC
:105B30000AF015F9002805DA4FF0FF30D4E74FF0EE
:105B4000FF30D1E7002508E06D1C642D02DD6FF009
:105B50000100C9E70120FDF76EF908480078032825
:105B6000F2D106480069407846F01001884202D020
:105B70006FF00100B8E70020B6E70000D05E00201B
:105B800000007A4440630020080E00208864002052
:105B900031B5062515489DF80010417000201449C4
:105BA00008702B460122114610480AF0D8F8002848
:105BB00001DAE81F38BD002408E0641C642C02DD13
:105BC0006FF00100F6E70120FDF735F9084800788D
:105BD0000328F2D106480069407845F01001884258
:105BE00002D06FF00100E5E70020E3E7F462002057
:105BF000D05E002029B1064A12680243044B1A60A5
:105C000004E0034A12688243014B1A6070470000A7
:105C10003038024029B1064A12680243044B1A6028
:105C200004E0034A12688243014B1A607047000087
:105C30003838024029B1064A12680243044B1A6000
:105C400004E0034A12688243014B1A607047000067
:105C50004038024029B1064A12680243044B1A60D8
:105C600004E0034A12688243014B1A607047000047
:105C70004438024029B1064A12680243044B1A60B4
:105C800004E0034A12688243014B1A607047000027
:105C900024380240F0B5002100220024022500260D
:105CA0000223324F3F6807F00C0121B1042905D0CF
:105CB000082937D105E02E4F076036E02D4F0760E9
:105CC00033E02A4F3F1F3F68C7F38056274F3F1FDF
:105CD0003F6807F03F036EB1264FB7FBF3F7DFF8DD
:105CE0008CC0ACF1040CDCF800C0CCF3881C07FBC2
:105CF0000CF40CE01E4FB7FBF3F7DFF870C0ACF10B
:105D0000040CDCF800C0CCF3881C07FB0CF4174F24
:105D10003F1F3F68C7F301477F1C7D00B4FBF5F7C9
:105D2000076002E0124F076000BF00BF0F4F3F68DF
:105D300007F0F0010909104F7A5C0768D740476007
:105D40000A4F3F6807F4E051890A0B4F7A5C4768B5
:105D5000D7408760054F3F6807F46041490B064F05
:105D60007A5C4768D740C760F0BD00000838024041
:105D70000024F40040787D01480D002070B5ADF599
:105D8000007D01263F484049086071026846FAF7E5
:105D900071FAB21E2021FE2001F048FEB21E5A21E7
:105DA000F42001F043FEB21E5921F52001F03EFE21
:105DB00036A003F0FBF835A0FFF76AF9002551E0A3
:105DC000314800688078FE2813D12F4A1268D178B4
:105DD0002D4A126890784FF0FF3201F027FE2A48D2
:105DE0000068C2782848006881782BA003F0DEF8AC
:105DF00028E02549096849784A1E234909688878B6
:105E00002A4901F0B3FD002415E01F480068801CFA
:105E1000611C405C2549095D88420AD02348025D27
:105E200019480068817822A003F0C0F84FF0FF36CF
:105E300007E0601C84B2144800684078401EA0420D
:105E4000E3DC00BF142095FBF0F020B14FF40071AB
:105E50006846FAF70FFA681C85B20B4800680830EC
:105E600009490860B5F5C67FAAD3012E01D116A055
:105E700000E016A0014616A0FFF70AF930460DF51E
:105E8000007D70BDBC0000201C0D002072656164A7
:105E900020737461720D0A003078253032582C302E
:105EA00078253032583A0D0A00000000200D0020FD
:105EB0003078253032782D3E3078253032782046C3
:105EC00061696C2C000000004F4B00004E47000041
:105ED0007265616420656E643A202573200D0A00A6
:105EE0007FB50024012534483449086002F058F990
:105EF000FFF77BF903F01AF8FBF7DFFEFFF7C2F9B3
:105F000001F0E6FE4FF47A70FCF795FFFFF79EFA7A
:105F100004460A20FFF70BF9B4B929A0FFF7B8F837
:105F200002A903A8FFF728FA9DF809009DF80810B8
:105F3000CDE900109DF80E309DF80D209DF80C1055
:105F400023A0FFF7A5F804E027A0FFF7A1F84FF082
:105F5000FF352948407828490978CDE900102748BD
:105F600083784278017826A0FFF792F8FDF732FF98
:105F7000044664B903A8FDF7BEFE9DF80E309DF8F7
:105F80000D209DF80C1026A0FFF782F801E04FF0DD
:105F9000FF35FEF72BFF00F0FBF8012D0BD00120A1
:105FA000FFF7B2F842F21070FCF745FF0020FFF750
:105FB000ABF800BFFEE77FBD0000010808ED00E080
:105FC000504F57455220496E6974204F4B0D0A00BF
:105FD0002020465625642E25642E25642C20485604
:105FE00025642E25640D0A00504F57455220496EF6
:105FF0006974204E470D0A00AF0D0020AC0D002043
:10600000434F52450D0A20204472765625642E25B2
:10601000642E25642C20485625642E25640D0A0024
:106020002020465625642E25642E25640D0A000086
:1060300010B50020FFF744FC10BD00001CB504465D
:106040000A4800EB04108088009000208DF80400BE
:1060500003208DF8050001208DF80700034901EBAE
:10606000041108686946FDF7D5FB1CBD3CC500203E
:106070001CB50446114800EB0410808800900120F4
:106080008DF8040000208DF8060003208DF805002F
:1060900001208DF80700094901EB041108686946E1
:1060A000FDF7B8FB054A02EB04129188034A02EBA4
:1060B00004121068FDF757FC1CBD00003CC5002011
:1060C0001CB504460A4800EB0410808900900020AB
:1060D0008DF8040003208DF8050001208DF80700DD
:1060E000034901EB041188686946FDF793FB1CBD69
:1060F0003CC5002010B50446054A02EB0412918904
:10610000034A02EB04129068FDF724FC10BD000066
:106110003CC500201CB50446114800EB04108089E2
:10612000009001208DF8040000208DF80600032067
:106130008DF8050001208DF80700094901EB0411D5
:1061400088686946FDF766FB054A02EB04129189EF
:10615000034A02EB04129068FDF705FC1CBD000029
:106160003CC5002010B5064B186020B1054B1960E6
:10617000054B1A6002E0054B024C236010BD000085
:10618000A40D00209C0D0020A00D0020AD400108B2
:1061900008B531208DF8000000208DF801008DF841
:1061A000020001208DF803006846FFF725F83B2028
:1061B0008DF8000001208DF801006846FFF71CF8FB
:1061C00000F06AFD68B90AA0FEF762FF0D4890F87A
:1061D00056100DA0FEF75CFF1049002006F0E2FF0C
:1061E00002E00FA0FEF754FF12481349086008BDF3
:1061F00053444361726420496E6974204F4B0A0D09
:106200000000000030C2002020205344436172642B
:10621000547970653D25640D0A0000003434002077
:1062200053444361726420496E6974204E470A0DDD
:1062300000000000AD4001089C0D00207CB5054623
:10624000002400200090019000F0EAF800F00070B7
:1062500010B10E2420467CBD3D49098888B26946AC
:10626000FDF70EFA04460CB12046F4E7012D36D1B5
:10627000019800F4802000282ED0354800880004C2
:106280003449086037204860402088600020C8609A
:10629000A8020861084600F001F93720FCF750FB1E
:1062A00004460CB12046D6E702202A4908600620A1
:1062B0004860402088600020C8604FF4806008611A
:1062C000084600F0EBF80620FCF73AFB04460CB158
:1062D0002046C0E72046BEE725242046BBE70198BC
:1062E00000F4803078B31A48008800041949086027
:1062F00037204860402088600020C8604FF48060EC
:106300000861084600F0CAF83720FCF719FB04467C
:106310000CB120469FE700200E4908600620486027
:10632000402088600020C8604FF480600861084603
:1063300000F0B4F80620FCF703FB04460CB120463D
:1063400089E7204687E7FFE72524204683E700000A
:106350002C0E0020A0C200200149086070470000F8
:10636000382C01400149086070470000382C01407A
:106370000149086070470000A0802542014908607B
:10638000704700008C85254200210B4B02681A6083
:106390001B1D42681A601A1D116821F0F701D0E92F
:1063A00002231A4303691A4343691A431143024AF9
:1063B0000832116070470000242C014010B5012103
:1063C000C802FFF757FC00214FF40060FFF752FCB2
:1063D00010BD000001480068C0B27047102C014099
:1063E00001460020034A12680A400AB1012000E079
:1063F00000207047342C014001460020034A1268F7
:106400000A400AB1012000E000207047342C01400E
:106410000248006800F0030070470000002C0140B3
:1064200008B50146002000900248084400900098FA
:10643000006808BD142C014010B500F0D5FE10BD59
:1064400029B1064A12680243044B1A6004E0034A69
:1064500012688243014B1A60704700003C2C0140D7
:1064600000210A4A116847F6FF629143027D836862
:106470001A4343681A43C3681A4303681A430369FB
:106480001A431143014A116070470000042C014077
:106490000148006870470000802C01400021094B32
:1064A00002681A601A1D11686FF30A01D0E901230E
:1064B0001A43C3681A4303691A431143014A121D60
:1064C00011607047082C01400149086070470000C6
:1064D000002C01402DE9F04704460F46AC48006807
:1064E000022850D12078AB4909688847AA494878E2
:1064F000A84909688847A8490878A64909688847CB
:10650000641CA648006801281DD1A5480068401CED
:10651000A3490860A3490968884229D10020A049FD
:106520000860A1480068401E9F4908609D480068B7
:10653000421E0846036801680020DFF870C2DCF8DC
:1065400000C0E04714E096480068401C9449086089
:106550009449096888420BD100209149086092480B
:106560000068401E904A014610600020FDF7D2FBF3
:10657000781E0321B0FBF1F6B0FBF1F201FB120033
:10658000834908605CE08248006801284FD1607848
:1065900080490968884720787E49096888477E498C
:1065A00008787C49096888477C48006801281DD123
:1065B0007B480068401C7A4908607A49096888422B
:1065C00029D100207649086077480068401E764946
:1065D000086074480068421E08460368016800208D
:1065E000DFF8C8C1DCF800C0E04714E06C48006880
:1065F000401C6B4908606B49096888420BD1002038
:106600006749086068480068401E674A0146106094
:106610000020FDF77FFBA41CB81E0321B0FBF1F6A0
:10662000B0FBF1F201FB12005949086008E00320B9
:10663000B7FBF0F6B7FBF0F100FB117054490860AE
:106640005848006856490968A0EB0108464500D241
:10665000B04600250DE0A0784E490968884760786B
:106660004C490968884720784A4909688847E41CEA
:106670006D1C4545EFD3A6EB080649480068404429
:10668000474908604548006801281AD10846006853
:1066900044490968884226D100204149086042489F
:1066A0000068401E404908603E480068421E084697
:1066B000036801680020DFF8F4C0DCF800C0E047A0
:1066C00011E0374800683749096888420BD100203B
:1066D0003349086034480068401E334A0146106060
:1066E0000020FDF717FB2F48006886422DD32D4868
:1066F0000068B6FBF0FA4FF000091EE000250DE03F
:10670000A078244909688847607822490968884741
:106710002078204909688847E41C6D1C21480068DE
:106720008542EDD320480068401E1F4A0146106094
:106730000020FDF7EFFA09F10109D145DED3194830
:106740000068B6FBF0F100FB116600250DE0A078B3
:1067500010490968884760780E4909688847207899
:106760000C4909688847E41C6D1CB542EFD30C48FE
:10677000006830440A490860002503E0605D06496E
:1067800048556D1C024800688542F7D3BDE8F08784
:10679000940D00209C0D0020900D0020A40D0020E1
:1067A000880D0020B80D0020980D0020A00D0020BD
:1067B00070B532480068012820D1314800680128AE
:1067C0000FD1304C30480068044400202E49086046
:1067D0002E4801682046FFF77DFE0020284908600A
:1067E0004AE027480068022846D12948016829481C
:1067F000FFF770FE0020224908603DE02048006855
:10680000012802D0022836D11AE01E4C1F48006829
:1068100040081E49086000250AE014F8010B1E49D3
:106820000968884714F8010B1B49096888476D1CE3
:10683000164800688542F0D30020114908601AE02C
:10684000144C1348006840081149086000250AE00C
:1068500014F8010B10490968884714F8010B0E4918
:10686000096888476D1C0A4800688542F0D30020FB
:106870000349086000BF00BF70BD0000800D00200C
:106880007C0D0020AC3A00208C0D0020740D0020FF
:10689000780D0020AC4A00209C0D002008B5012096
:1068A00000909DF8000008BD70B504460025204802
:1068B0000068032802D12725284670BD1C480068BF
:1068C00038B11B480068012803D019480068022825
:1068D0002CD1B4F5805F02D127252846EDE7B4F529
:1068E000006F13D10120FFF7A9FC0546F5B9002080
:1068F000104908750860486088604FF40060C860FF
:10690000002008610846FFF7ABFD0FE00020FFF70D
:1069100095FC054655B90020064908750860486091
:106920008860C86008610846FFF79AFD2846C4E7FA
:10693000280E002088C20020F0B501460020002269
:10694000C04B1B7881F85630BF4B1B88A1F85430E0
:10695000BE4B1B681A0E93090B70C2F383034B7076
:1069600002F003038B70B94B1B68C3F30742CA7074
:10697000B64B1B88C3F307220A71B44B1A784A71CD
:106980005B681A0E1301CB80B04B5B68C3F3074200
:10699000CB8843EA1213CB8002F00F030B72AB4B90
:1069A0009B88C3F30722D3094B72C2F380138B7207
:1069B000C2F34013CB72C2F300130B7300234B736B
:1069C000A04B1B681BB19F4B1B68012B4FD193073A
:1069D0001B0D0B619D4B1A790B6943EA82030B6116
:1069E0009A4B9B681A0E0B6943EA92130B61C2F330
:1069F000C2030B7502F007034B75944B9B68C3F3FE
:106A0000074253098B75C2F38203CB7593075B0F63
:106A10000B768E4B1B89C3F307220B7E43EAD213FE
:106A20000B760B695B1C0024C1E912340B7ED1E9A3
:106A300012469B1C012505FA03F3DF17A4FB035C38
:106A400006FB03C304FB0733C1E912530C7A01238D
:106A5000A3400B650027D1E912560B6DA5FB034C33
:106A600006FB03C305FB0733C1E9124336E0754B50
:106A70001B68022B32D1754B1A7993069B0A0B6166
:106A8000724B9B681A0E0B6943EA02230B616F4B32
:106A90009B68C3F307420B6913430B616B4B1B8964
:106AA000C3F307220B6900245B1C44EB04074FF47B
:106AB00000760025A3FB064C07FB06C603FB056614
:106AC0004FF480650027A4FB053C06FB05C504FBCD
:106AD0000754C1E912344FF400730B65C2F38013FD
:106AE00001F8193F93065B0E4B70584B1A7A4B789E
:106AF00043EAD2134B7002F07F038B70534BDB6879
:106B00001A0ED309CB70C2F341130B71C2F3820387
:106B10004B7193071B0F8B714C4BDB68C3F3074220
:106B20008B7943EA92138B71C2F34013CB7100232C
:106B30000B7202F001034B72444B9B89C3F3072293
:106B4000D3098B72C2F38013CB72C2F340130B7361
:106B5000C2F300134B73C2F381038B7302F0030380
:106B6000CB733A4B1A7B53080B7401234B74384B8D
:106B70001B681A0ECA741939354B1B68C3F30742D8
:106B80001402CC85324B1B88C3F30722CB8D1343F1
:106B9000CB852F4B1A7814060C635B681A0E0B6BAF
:106BA00043EA02440C632A4B5B68C3F307420B6B56
:106BB00043EA02240C63264B9B88C3F307220B6B2A
:106BC00013430B63224B1A7934235A54204B9B688E
:106BD0001A0E35235A541E4B9B68C3F30742140602
:106BE0008C631B4B1B89C3F307228B6B43EA024464
:106BF0008C63174B1A7A8B6B43EA02248C63144B19
:106C0000DB681A0E8B6B13438B63114BDB68C3F38A
:106C100007423C235B5C43EA12143C235C54130799
:106C20001C0DCC870A4B9B89C3F30722CB8F1343E0
:106C3000CB87074B1A7B540840235C540124412323
:106C40005C54F0BD280E00202C0E002000C2002055
:106C500010C2002008B500200090FFF71FFE012899
:106C600009D1684600F026FC08B1FF2008BD009855
:106C7000C0F34320FAE7FF20F8E710B50424FFF73C
:106C8000E9FF0446042C01D1002010BDFF2C01D1E6
:106C90000220FAE70120F8E708B50020009000F094
:106CA0006DF9FFF78BFB00F0BBF900909DF8000039
:106CB00010B19DF8000008BD00F032F800909DF87A
:106CC000000010B19DF80000F5E70020124908759A
:106CD000086048608860C86008610846FFF7C0FB2C
:106CE0000E48FFF729FE00909DF8000040B90B48C0
:106CF000B0F8540002041046002100F0BFFB0090E1
:106D00009DF8000020B94FF40060FFF7CDFD009022
:106D10009DF80000CFE7000088C2002030C20020AC
:106D200038B5002401200090FFF772FB10B925242C
:106D3000204638BD44480068042828D00020434934
:106D4000086002204860C02088600020C8604FF4BE
:106D5000806008610846FFF7A1FBFBF78BFE044645
:106D60000CB12046E5E70020FFF75AFB38490860E0
:106D70000420FFF755FB364948600820FFF750FB19
:106D8000334988600C20FFF74BFB3149C8602E481F
:106D9000006858B12C480068012807D02A480068CC
:106DA000062803D028480068022816D10020274969
:106DB000086003204860402088600020C8604FF4CD
:106DC000806008610846FFF769FB69460320FBF70E
:106DD00093FE04460CB12046ABE71B48006804282C
:106DE0002ED0BDF800001B490860BDF8000000046B
:106DF0001649086009204860C02088600020C860EB
:106E00004FF4806008610846FFF748FBFBF732FE4D
:106E100004460CB120468CE70020FFF701FB0E4929
:106E200008600420FFF7FCFA0B4948600820FFF7D0
:106E3000F7FA094988600C20FFF7F2FA0649C860A2
:106E40000024204675E70000280E0020A0C2002084
:106E500010C200202C0E002000C2002030B58FB0E0
:106E600004460D464FF0FA511E48FBF7BDFE0021C7
:106E70001C48FBF7D3FE1B48FBF7DCFE4FF000601D
:106E80000090194801900294002003900120049082
:106E9000002005904FF480600690800007908000ED
:106EA0000890002009904FF440300A9004200B9085
:106EB00003200C904FF400000D9080100E90694656
:106EC0000848FBF78BFF012210210648FBF769FFFA
:106ED00020210448FBF75AFF01210248FBF79EFEE0
:106EE0000FB030BD58640240802C014030B58FB0E7
:106EF00004460D464FF0FA511E48FBF775FE00217F
:106F00001C48FBF78BFE1B48FBF794FE4FF000601C
:106F100000901948019002944020039001200490B1
:106F2000002005904FF4806006908000079080005C
:106F30000890002009904FF440300A9004200B90F4
:106F400003200C904FF400000D9080100E906946C5
:106F50000848FBF743FF012210210648FBF721FFF9
:106F600020210448FBF712FF01210248FBF756FEDF
:106F70000FB030BD58640240802C01401CB5012187
:106F80000C20FEF737FE0C2208212348FCF78AFC70
:106F90000C2209212048FCF785FC0C220A211E48FE
:106FA000FCF780FC0C220B211B48FCF77BFC0C221D
:106FB00011461948FCF776FC0C2202211748FCF711
:106FC00071FC4FF47060009002208DF805008DF880
:106FD000040000208DF8060001208DF807006946A6
:106FE0000D48FCF717FC0420009069460B48FCF79D
:106FF00011FC4FF48050009000208DF80700694686
:107000000548FCF707FC0121C802FEF723FE012119
:107010008805FEF7EFFD1CBD00080240000C024091
:10702000F8B50020009000250024002600277620D7
:107030005F4908750020086048608860C860086182
:107040000846FFF70DFA0320FFF73EFA0120FFF78D
:107050008FF900205749086048608860C8604FF485
:10706000806008610846FFF719FAFBF753FC0090AF
:107070009DF8000010B19DF80000F8BD4FF4D570E8
:107080004C49086008204860402088600020C860A3
:107090004FF4806008610846FFF700FAFBF77AFDBD
:1070A00000909DF8000020B901204349086087073F
:1070B00012E000203F490860372048604020886087
:1070C0000020C8604FF4806008610846FFF7E6F9C9
:1070D0003720FBF735FC0090002036490860372048
:1070E0004860402088600020C8604FF480600861DC
:1070F0000846FFF7D3F93720FBF722FC00909DF8F4
:107100000000002851D13BE000202A4908603720C8
:107110004860402088600020C8604FF480600861AB
:107120000846FFF7BBF93720FBF70AFC00909DF8F3
:10713000000010B19DF800009FE7204838431D492A
:10714000086029204860402088600020C8604FF413
:10715000806008610846FFF7A1F9FBF7B1FC0090D9
:107160009DF8000010B19DF8000086E70020FFF7B1
:1071700057F90546012080EAD57080F00106641CAD
:107180001EB94FF6FF708442BED34FF6FF708442A3
:1071900004D31B2000909DF800006EE705F08040AE
:1071A000051E02D00220044908609DF8000064E733
:1071B00088C20020A0C20020280E002000001080FD
:1071C00010B50748006800F0C05040B101200549E3
:1071D00008604FF0C25102485830FBF705FD10BD62
:1071E000006402403C0E002010B54FF48070FFF7A1
:1071F00003F950B10020254908704FF48070FFF763
:10720000B1F801202249086037E00220FFF7F4F8C6
:1072100030B10220FFF7A6F802201C4908702CE0CC
:107220000820FFF7E9F830B10820FFF79BF80420A9
:107230001649087021E02020FFF7DEF830B1202049
:10724000FFF790F806201149087016E01020FFF7AC
:10725000D3F830B11020FFF785F805200B490870EE
:107260000BE04FF40070FFF7C7F830B14FF4007037
:10727000FFF778F807200549087000214CF23A30F2
:10728000FFF7DEF80148007810BD0000340E002042
:10729000380E00202DE9F041804614461D46069E1A
:1072A00000270020304908703049086030490860E4
:1072B00030490860012140F22A30FFF7C1F801206F
:1072C000FFF75CF831464046FFF7C8FD2A480068E2
:1072D000022808D106020202002320462946F8F7B8
:1072E00071FF04460D46254806601020234948607A
:1072F000402088600020C8604FF480600861084624
:10730000FFF7CCF81020FBF71BFB074617B13846F8
:10731000BDE8F0814FF0FF3019490860084646602B
:10732000902088600220C860002008610120486128
:107330000846FFF729F81148046011200F494860FA
:10734000402088600020C8604FF4806008610846D3
:10735000FFF7A4F81120FBF7F3FA07460FB1384600
:10736000D6E73846D4E70000340E0020380E00205F
:10737000300E00202C2C0140280E0020A0C200203E
:10738000B4C200202DE9F047814614461D46DDE9D0
:10739000086800270020324908703249086001203F
:1073A00031490860002031490860012140F22A304B
:1073B000FFF746F808FB06F14846FFF74FFD0120AE
:1073C000FEF7DCFF2A480068022808D10602020204
:1073D000002320462946F8F7F5FE04460D462548C9
:1073E0000660102023494860402088600020C86063
:1073F0004FF4806008610846FFF750F81020FBF753
:107400009FFA074617B13846BDE8F0874FF0FF30C6
:107410001949086008FB06F0486090208860022047
:10742000C86000200861012048610846FEF7ACFFF3
:107430001048046012200F494860402088600020F6
:10744000C8604FF4806008610846FFF727F81220F3
:10745000FBF776FA07460FB13846D5E73846D3E74B
:10746000340E0020380E0020300E00202C2C01405D
:10747000280E0020A0C20020B4C2002070B504462F
:107480000D4600260A48046007200949486040204C
:1074900088600020C8604FF4806008610846FEF7ED
:1074A000FDFF0720FBF74CFA0646304670BD000092
:1074B000A0C2002070B50446002514B92625284630
:1074C00070BD0F48008800040E4908600D20486018
:1074D000402088600020C8604FF480600861084642
:1074E000FEF7DCFF0D20FBF72BFA05460DB1284611
:1074F000E6E70020FEF794FF20602846E0E7000062
:107500002C0E0020A0C2002010B5002400200A4943
:1075100008600C204860402088600020C8604FF45C
:10752000806008610846FEF7B9FF0C20FBF708FAF7
:107530000446204610BD0000A0C2002070B5002502
:107540006C1E00E0641E1848006838B917480068CF
:1075500020B91748007808B9002CF3D1002012494F
:107560000860441E00E0641E1248006800F40050E9
:1075700008B1002CF7D110480068012805D1FFF7A9
:10758000C3FF054600200C4908600CB905B9042565
:1075900040F2FF50FEF7E0FE0548007810B10448C5
:1075A000007870BD2846FCE73C0E0020380E002015
:1075B000340E0020342C0140300E002070B5002520
:1075C0006C1E00E0641E1848006838B9174800684F
:1075D00020B91748007808B9002CF3D100201249CF
:1075E0000860441E00E0641E1248006800F48050E9
:1075F00008B1002CF7D110480068012805D1FFF729
:1076000083FF054600200C4908600CB905B9042524
:1076100040F2FF50FEF7A0FE0548007810B1044884
:10762000007870BD2846FCE73C0E0020380E002094
:10763000340E0020342C0140300E00202DE9F041A2
:10764000804614461D46069E002700202F490870DC
:107650002F4908602F4908602F490860012140F236
:107660002A30FEF7EDFE31464046FFF73FFC012091
:10767000FEF784FE29480068022808D106020202AB
:10768000002320462946F8F79DFD04460D46244870
:107690000660102022494860402088600020C860B1
:1076A0004FF4806008610846FEF7F8FE1020FBF7F3
:1076B00047F9074617B13846BDE8F081184804601D
:1076C000182017494860402088600020C8604FF4A7
:1076D000806008610846FEF7E1FE1820FBF730F9EC
:1076E00007460FB13846E7E74FF0FF300D49086015
:1076F00008464660902088600020C860086101202C
:1077000048610846FEF740FE3846D5E7340E0020B3
:10771000380E0020300E00202C2C0140280E0020B6
:10772000A0C20020B4C200202DE9F04781461546D2
:107730001E46DDE9087800240020494908704949BF
:10774000086001204849086000204849086001217C
:1077500040F21A30FEF774FE08FB07F14846FFF7C7
:10776000C5FB0120FEF70AFE41480068022808D147
:1077700007020202002328463146F8F723FD05469A
:107780000E463C48076010203A4948604020886017
:107790000020C8604FF4806008610846FEF77EFE56
:1077A0001020FBF7CDF8044614B12046BDE8F08761
:1077B0003148008800042F49086037204860402085
:1077C00088600020C8604FF4806008610846FEF7BA
:1077D00065FE3720FBF7B4F804460CB12046E5E718
:1077E0002448C0F800801720224948604020886063
:1077F0000020C8604FF4806008610846FEF74EFE26
:107800001720FBF79DF804460CB12046CEE7194837
:107810000560192017494860402088600020C86032
:107820004FF4806008610846FEF738FE1920FBF728
:1078300087F804460CB12046B8E74FF0FF300F49F7
:10784000086008FB07F04860902088600020C8604E
:107850000861012048610846FEF796FD2046A5E72D
:10786000340E0020380E0020300E00202C2C014059
:10787000280E0020A0C200202C0E0020B4C2002040
:10788000F8B504460D4616461F46F0B2E2B2C6F3FE
:107890000723C4F3072100902A2000F039F9F8B239
:1078A000EAB2C7F30723C5F3072100902B2000F0AD
:1078B0002FF90020074908600749C1F8980200F035
:1078C00075F92C2000F0FEF800F070F90120034952
:1078D0000860F8BD900240420080404298824042D9
:1078E00010B50446C4F3074000F0ECF8C4F30720D9
:1078F00000F0E8F8E0B200F0E5F810BD30B504465D
:107900000020164908601649C1F8900200F04EF9AF
:10791000F12000F0D7F8204600F0D4F800201149FB
:10792000086000F043F901200C49086000200B4971
:107930000C39086000F03AF901200B49C1F88C02BB
:1079400000F034F900F050F8054600F02FF901205E
:107950000449086000F02AF9284630BD9882404268
:10796000000040429002404200804042F0B507468D
:107970000D4616460020184908601849C1F89002C3
:1079800000F014F9F12000F09DF8384600F09AF864
:1079900000201349086001200F49086000200E49AB
:1079A0000C39086000F002F901200E49C1F88C0280
:1079B00000F0FCF8002406E000F016F825F81400AA
:1079C00000F0F4F8641CB442F6D3012004490860C6
:1079D00000F0ECF8F0BD0000988240420000404208
:1079E000900240420080404200B5002316E0002093
:1079F0000C49086000F0DAF85006020E0A48D0F888
:107A0000100210B142F0010201E002F0FE0200F0AB
:107A1000CDF8012003490860581CC3B2082BE6DBEF
:107A2000104600BD8C824042008040420FB4F8B541
:107A30000746002408A800909DF81C202046641CDE
:107A40001D490A5409E0009840C80090701C00B914
:107A500004E02046641C18490E54F4E700BFB4F556
:107A6000807F02D9F8BC5DF814FB00201349086040
:107A70001349C1F8980200F099F8384600F022F84E
:107A800000200E49086001200D49C1F8980200F05D
:107A90008DF8002504E00849485D00F013F86D1CDE
:107AA000A542F8D301200549086000F07FF80020C6
:107AB000009000BFD6E700004C2700209002404213
:107AC0000080404200B5024600231BE000200F4921
:107AD000086000F06BF802F0800020B101200B4933
:107AE0000831086003E0002008490831086000F010
:107AF0005DF85006020E01200449086000F056F8B7
:107B0000581CC3B2082BE1DB00BD00008C82404250
:107B10002DE9F04107460C4615461E46DDF8188053
:107B20000020114908601149C1F8980200F03EF8A0
:107B30003846FFF7C7FF01200D49086000F036F80E
:107B40002046FFF7BFFF2846FFF7BCFF3046FFF790
:107B5000B9FF4046FFF7B6FF01200649C1F8900281
:107B600000F024F8BDE8F0819002404200804042DD
:107B7000988240420000404210B504460020094966
:107B800008600949C1F8980200F010F82046FFF794
:107B900099FF0120034908600349C1F8980200F0E9
:107BA00005F810BD9002404200804042002070471E
:107BB0001CB501213F20FEF71DF804200090012094
:107BC0008DF8040000208DF8060003208DF80500D4
:107BD00001208DF8070069463A48FBF71BFE12208A
:107BE000009001208DF8040000208DF8060003208D
:107BF0008DF8050001208DF8070069463148FBF734
:107C000009FE0120009000208DF804008DF8060088
:107C100003208DF8050001208DF8070069462948EA
:107C2000FBF7F8FD012000908DF8040000208DF88E
:107C3000060003208DF8050001208DF80700694635
:107C40002148FBF7E7FD0820009001208DF8040093
:107C500000208DF8060003208DF8050001208DF826
:107C6000070069461748FBF7D5FD08211548FBF7C3
:107C70007CFE4020009001208DF8040000208DF84B
:107C8000060003208DF8050001208DF807006946E5
:107C90000C48FBF7BFFD4FF48070009001208DF879
:107CA000040000208DF8060001208DF80700032055
:107CB0008DF8050069460548FBF7ACFD00F01EF89D
:107CC0001CBD0000001002400008024000000240FD
:107CD00010B5FFF76DFF04210648FBF744FE1021A5
:107CE0000448FBF740FE00F013F801210248FBF7BF
:107CF0003AFE10BD001002400008024010B54FF4DB
:107D000080710248FBF72FFE10BD0000000002400A
:107D100010B54FF480710348FBF727FE6420FBF792
:107D20008AF810BD00000240704700000CB500202A
:107D3000019000903448006840F480303249086077
:107D400000BF3148006800F4003000900198401CEA
:107D50000190009818B90198B0F5A04FF1D12A48C8
:107D6000006800F4003010B10120009001E0002014
:107D700000900098012846D123484030006840F028
:107D800080502149403108602048006840F440405C
:107D90001E4908601C48083000681B49083108600B
:107DA0000846006840F4004008600846006840F457
:107DB000A05008601648091F0860081F006840F0BE
:107DC0008070091F086000BF0F48006800F0007055
:107DD0000028F9D040F205700E4908600A480830C2
:107DE000006820F003000849083108600846006870
:107DF00040F00200086000BF03480830006800F04F
:107E00000C000828F8D10CBD00380240007000407A
:107E100019544007003C02402DE9F04705468846CA
:107E200000274FF00209002420E00120A040284054
:107E3000D8B128490C70002004EBC401264A02F88E
:107E40002100264898F8001080F848124B4601227D
:107E50004FF4127100F016FA002803DA4FF0FF30E9
:107E6000BDE8F0871420FAF7E6FF641C102CDCDB79
:107E7000002628E000241CE00120A0402840B8B1E2
:107E800004EBC400144911F82000032810D101208C
:107E9000A040384387B204EBC40001EB80000069C6
:107EA000407849F01001884202D06FF00100D7E716
:107EB000641C102CE0DB761CB6F5FA7F00DD04E0D4
:107EC0000520FAF7B8FFAF42D4D100BF87EA05001A
:107ED0004042C5E7100E0020C06900206067002006
:107EE000024A1060024A116070470000B000002092
:107EF000B400002010B502480068804710BD0000A3
:107F0000600E00201CB501210320FDF773FE102038
:107F1000009001208DF8040000208DF8060001205B
:107F20008DF8070003208DF8050069462A48FBF705
:107F300071FC4020009001208DF8040000208DF895
:107F4000060001208DF8070003208DF80500694622
:107F50002248FBF75FFC0820009001208DF8040008
:107F600000208DF8060001208DF8070003208DF811
:107F7000050069461948FBF74DFC202000900120C0
:107F80008DF8040000208DF8060001208DF8070010
:107F900003208DF8050069461048FBF73BFC1020D4
:107FA000009000208DF804008DF8070003208DF864
:107FB000050069460948FBF72DFC002008490860C8
:107FC00001200849C1F8900200200549091D0860F8
:107FD0000549C1F88C021CBD0000024000040240AB
:107FE00094824042000040420080404210B5044666
:107FF000032C33D005DC5CB1012C13D0022C6ED1E4
:108000001AE0042C3CD0052C4CD01E2C67D158E033
:10801000FF2211461046FCF7CBFD32A10120FDF7EF
:1080200035FB5CE0002211461046FCF7C1FD2FA194
:108030000120FDF72BFB52E000221146FF20FCF748
:10804000B7FD2CA10120FDF721FB2BA10220FDF79C
:108050001DFB29A10320FDF719FB40E00022FF21B1
:108060001046FCF7A5FD25A10120FDF70FFB22A17D
:108070000220FDF70BFB20A10320FDF707FB2EE0FC
:10808000FF2200210846FCF793FD1EA10120FDF709
:10809000FDFA19A10220FDF7F9FA17A10320FDF757
:1080A000F5FA1CE0FCF7E0FD18A10120FDF7EEFA5F
:1080B00011A10220FDF7EAFA0FA10320FDF7E6FA6D
:1080C0000DE00022FF211046FCF772FD0AA10220FC
:1080D000FDF7DCFA08A10320FDF7D8FA00BF00BFC6
:1080E00010BD00007768697465000000626C616310
:1080F0006B00000072656400000000006772656537
:108100006E000000626C75650000000047726179C6
:108110003235365F5600000010B51B480068401C21
:108120001949086001201949086000241CE018481A
:1081300050F8240038B1164850F82400401E144965
:1081400041F824000FE0134850F8340058B11148AA
:1081500050F834000E4941F824000E4901EBC401E7
:108160004868804702E0641C002CE0D000BF0A4849
:108170000068401C08490860142804D300200860E7
:1081800001200649086010BD580D0020600D002038
:10819000680D00206C0D00205C0D0020640D002097
:1081A00070B5002104E00020184A42F83100491C53
:1081B0000029F8D0164800684FF47A73B0FBF3F248
:1081C000501EB0F1807F01D301201BE0501E4FF004
:1081D000E023586158170F23002807DA1C07260EE2
:1081E0000C4C00F00F052D1F665503E01C07250EF3
:1081F000094C255400BF00204FF0E0239861072070
:108200001861002008B100BFFEE770BD6C0D0020B2
:10821000340D002018ED00E000E400E010B5154832
:10822000006840F47000134908601348006840F08B
:1082300001001149086000200F49083108600E480C
:1082400000680E4908400C4908600D48091D086087
:10825000081F006820F48020091F086000200649DC
:108260000C310860FFF762FD4FF000600149803972
:10827000086010BD88ED00E000380240FFFFF6FE08
:10828000103000242DE9FE4381460D4614461E465B
:10829000BB208DF800008DF80160012E03D0201D59
:1082A000CDF8020002E00420CDF80200ADF806503F
:1082B000ADF808400A216846F9F702FC002803DA05
:1082C0004FF0FF30BDE8FE8300208DF80A00EE205D
:1082D0008DF80B004FF0010808E09DF80A001DF82A
:1082E000081048408DF80A0008F10108B8F10A0F9B
:1082F000F3DB012E16D0002708E09DF80A0079195B
:1083000019F8011048408DF80A007F1CA742F4DBE1
:1083100009EB05002146F9F7D3FB002802DA4FF0FC
:10832000FF30CFE702210DF10A00F9F7C9FB002861
:1083300002DA4FF0FF30C5E70120C3E708B540F28D
:108340002551254800F081F8002844D0224800F04B
:1083500035F9C0B200902148806828B11F49012238
:108360008868694606F08AF91C48C06820B11B4835
:1083700001226946C36898479DF800000D2803D084
:108380009DF800000A280FD115480078002807DD65
:1083900000201449124A12788854012012490870AA
:1083A00000200F4908700DE00D4800787F2809DA99
:1083B0009DF800100A4802780078401C084B18709D
:1083C000084881540821044800F032F8012802D1FD
:1083D000014800F0F3F808BD0010014050280020CB
:1083E000B800002064280020B900002008B540F241
:1083F0002551074800F029F848B1054800F0DEF89B
:10840000C0B2009001226946024800F0BBFD08BDE1
:10841000004800403827002021B1828942F40052F0
:10842000828104E082894DF6FF731A408281704791
:1084300002460020B1F5007F00D100BF13880B4039
:108440000BB1012000E00020704770B50246002407
:1084500000230025002040F66A16B14200D100BF7B
:10846000C1F3421501F01F03012606FA03F3012DA3
:1084700002D19689334006E0022D02D1168A33409C
:1084800001E0968A33400C12012606FA04F416889D
:10849000344013B10CB1012000E0002070BDF0B5F4
:1084A0000346002400260025002040F66A17B94242
:1084B00000D100BF1846C1F3421401F01F06012786
:1084C00007FA06F5012C01D10C3004E0022C01D191
:1084D000103000E014301AB107682F43076002E043
:1084E0000768AF430760F0BD2DE9FF4705460E461C
:1084F0000024A14600BFA046B08900B100BF2C8A6D
:1085000024F44054F08804432C82AC8941F20C607E
:108510008443B08831890843718908430443AC819E
:10852000AC8A24F44074B0890443AC826846FDF7F9
:10853000B1FB2048854202D01F48854202D1DDF8B8
:108540000C9001E0DDF80890A88900F4004040B1EB
:1085500009EBC90000EB091031684900B0FBF1F7E5
:1085600007E009EBC90000EB091031688900B0FB96
:10857000F1F76420B7FBF0F004012009642101FB4E
:108580001078A88900F4004040B1322000EBC80008
:10859000B0FBF1F000F00700044308E0322000EBEC
:1085A00008106421B0FBF1F000F00F0004432C81AF
:1085B000BDE8FF8700100140001401400146888893
:1085C000C0F308007047C1F308028280704700BF03
:1085D000FEE7000030B589B008F0A6F80546002D8A
:1085E00019DB824806F014FF0028F9DB7F4980A0E0
:1085F000FCF74EFD4FF400617F48F7F73BFE7FA18B
:108600007A4806F041FE002806DB80480068002812
:1086100001D1FDF723F8E5E07DA1744806F034FEB2
:10862000002806DB794800680128F4D1FCF7FEFF3A
:10863000D8E07BA16D4806F027FE002802DBFCF79E
:1086400041FBCFE07AA1694806F01EFE002802DB5C
:10865000FCF776FBC6E07AA1644806F015FE002818
:1086600002DBFCF7ABFBBDE07AA1604806F00CFE34
:10867000002828DB60497BA005F0C8F95E495CA0B2
:10868000FCF706FD06A807AB08AA79A100905A4896
:10869000F7F7A6FE0446032C03D0002177A007F0CD
:1086A00099FC5A480068012808D1069BDAB2079B5A
:1086B000D9B2089BD8B2FCF77BFA93E0002172A0F4
:1086C00007F088FC8EE073A1484806F0DDFD002825
:1086D00007DB494972A005F099F9474806F002F80E
:1086E00080E072A1414806F0CFFD00282BDB424913
:1086F00071A005F08BF905AA72A13F48F7F770FE4B
:1087000001281BD10599C8B2FFF7F8F804462346A3
:10871000394A6EA1104600F059FC37486EA101227B
:108720006FF07F43CDE90032CDE902100E2396228F
:1087300040F22621322007F093FC53E000214FA0A5
:1087400007F048FC4EE066A1284806F09DFD002891
:1087500048DB2E480068002840D0274964A005F077
:1087600033F967A12448F7F7BFFD10B9FCF77CFA8D
:1087700038E067A12048F7F7B7FD10B9FCF746FAD3
:1087800030E067A11C48F7F7AFFD10B9FBF798FE82
:1087900028E065A11848F7F7A7FD10B9FBF75CFEC4
:1087A00020E063A11448F7F79FFD10B9FBF718FF0D
:1087B00018E063A11048F7F797FD10B9FCF76EF9C0
:1087C00010E063A10C48F7F78FFD10B9FCF7C8F96A
:1087D00008E0002161A007F0FDFB03E000212AA0D2
:1087E00007F0F8FB284609B030BD0000342A00200D
:1087F00025730D0A00000000342C0020627574748B
:108800006F6E3A506F7765724F6E00000400002063
:10881000627574746F6E3A506F7765724F4646009A
:10882000627574746F6E3A4B45595F444F574E00F2
:10883000627574746F6E3A4B45595F555000000075
:10884000627574746F6E3A4B45595F456E7465720C
:1088500000000000627574746F6E3A4368616E6761
:10886000650000005377697463684672616D650046
:1088700025642C25642C256400000000B8F1CABDD5
:10888000B2BBB7FBBACF2100B5B1C7B0CEB4B5E328
:10889000C1C12100627574746F6E3A4F4B000000C5
:1088A00053656E645F436D6400000000627574740C
:1088B0006F6E3A5265616400526561645F5265672C
:1088C00000000000307825303278000025733A30FF
:1088D0007825303278000000726573756C74000082
:1088E000627574746F6E3A4368616E67653200003A
:1088F0005377697463684672616D653200000000E9
:10890000496D675F477261793235365F5600000006
:10891000496D675F477261793235365F4800000004
:10892000496D675F43540000496D675F426F78008F
:10893000496D675F4368636B6572353800000000FE
:10894000496D675F436F6C6F724261720000000097
:10895000496D675F466C69636B657200BAAFCAFDAB
:10896000CEB4CCEDBCD3210000B593B03220119031
:10897000109096200F9046200E9082200D9032206D
:108980000C900E200B90022007F0F6FA02F03AFB52
:108990000B990D98CDE90001FEA00C9BDDE910219B
:1089A00003F000FD0B990D98CDE9000111990F9886
:1089B00008440A900146F9A00C9B109A03F0F2FCBF
:1089C0000B990D98CDE9000111990F9801EB40002A
:1089D0000A900146F4A00C9B109A03F0E3FC0B995B
:1089E0000D98CDE900010F9800EB40011198084463
:1089F0000A900146EFA00C9B109A03F0D3FC0B9950
:108A00000D98CDE9000111990F9801EB80000A90B3
:108A10000146EAA00C9B109A03F0C4FC0B990D9838
:108A2000CDE9000110990E9808440A900246E6A08C
:108A30000C9B119903F0B6FC0B990D98CDE9000140
:108A400010990E9808440A9011990F9808440990BB
:108A50000146E0A00C9B0A9A03F0A4FC0B990D9828
:108A6000CDE9000110990E9808440A9011990F98C9
:108A700001EB400009900146D9A00C9B0A9A03F033
:108A800091FC0B990D98CDE9000110990E980844BE
:108A90000A900F9800EB4001119808440990014694
:108AA000D1A00C9B0A9A03F07DFC0B990D98CDE99F
:108AB000000110990E9808440A9011990F9801EB43
:108AC000800009900146CBA00C9B0A9A03F06AFC37
:108AD000CBA0CEA101226FF07F43CDE90032CDE9DA
:108AE000021010990E9801EB40000A909622014660
:108AF0000B9B119807F0B4FA64210B98CDE9001094
:108B00002E210E9801EB40002D2302460A90119968
:108B100001F23B11C0A003F045FCC1A1C4A20B9817
:108B2000CDE90121009037210E9801EB4000503033
:108B30000A900E9801EB40000990119800F2622211
:108B400000F5E170DDE9091301F0DAFFBCA1B8A27C
:108B50000B98CDE90121009037210E9801EB4000E0
:108B600050300A900E9801EB40000990119800F2E5
:108B7000622200F5E170DDE9091301F0C1FFB4A143
:108B8000ABA20B98CDE90121009037210E9801EBA3
:108B9000400050300A900E9801EB40000990119867
:108BA00000F2622200F5E170DDE9091301F0A8FF8F
:108BB000A9A19FA20B98CDE90121009037210E9821
:108BC00001EB400050300A900E9801EB40000990F4
:108BD000119800F2622200F5E170DDE9091301F05D
:108BE0008FFF9FA192A20B98CDE901210090372120
:108BF0000E9801EB400050300A900E9801EB4000B7
:108C00000990119800F2622200F5E170DDE9091384
:108C100001F076FF96A186A20B98CDE90121009084
:108C200037210E9801EB400050300A900E9801EB6E
:108C300040000990119800F2622200F5E170DDE930
:108C4000091301F05DFF8EA179A20B98CDE90121F6
:108C5000009037210E9801EB400050300A900E989A
:108C600001EB40000990119800F2622200F5E170DA
:108C7000DDE9091301F044FF64210B98CDE90010F0
:108C80002E210E9801EB40002D2302460A901198E8
:108C900000F276217DA003F085FB0E98F7F775FEB4
:108CA0009FED7C0B53EC102BCDE902019DED020BE7
:108CB00051EC100BF7F77AFDCDE906011098F7F7A4
:108CC00064FECDE904019DED060B53EC102B9DEDE8
:108CD000040B51EC100BF7F7C2FCCDE908019DED38
:108CE000080B51EC100BF7F76EFE0A902DA039A17E
:108CF00001226FF07F43CDE90132CDE903100B98DB
:108D0000FA234FF4167200900A991198FCF720FA92
:108D10000E98F7F73AFE9FED5F0B53EC102BCDE961
:108D200000019DED000B51EC100BF7F73FFDCDE975
:108D300004011098F7F729FECDE902019DED040B1F
:108D400053EC102B9DED020B51EC100BF7F787FC49
:108D50009FED520B53EC102BCDE906019DED060B58
:108D600051EC100BF7F77BFCCDE908019DED080BEA
:108D700051EC100BF7F727FE0A9064210B982D2376
:108D8000CDE90010119901F53E7146A00A9A03F051
:108D900009FB89E0506F7765724F6E00506F776501
:108DA000724F4646000000004B45595F444F574EF6
:108DB000000000004B45595F555000004B45595F7E
:108DC000456E7465720000004175746F5F56434FC5
:108DD0004D00000053656E645F436D640000000049
:108DE0005265616431313100536C65657020496EA4
:108DF00000000000536C656570204F757400000022
:108E00003235352C3235352C32353500537769748F
:108E100063684672616D65004368616E6765000056
:108E2000496D675F477261793235365F56000000E1
:108E30005377697463684672616D653200000000A3
:108E4000496D675F477261793235365F48000000CF
:108E5000496D675F43540000496D675F426F78005A
:108E6000496D675F4368636B6572353800000000C9
:108E7000496D675F436F6C6F724261720000000062
:108E8000496D675F466C69636B6572004368616E2C
:108E900067653200CDCCCCCCCCCC044000000000C7
:108EA00000E06A404F4B000017A019A101226FF0AB
:108EB0007F43CDE90032CDE902109622109901F5E9
:108EC000E1710B9B119807F0CBF864210B982D23CF
:108ED0004FF4F872CDE90010119901F263110FA05F
:108EE00003F060FA09A00FA101226FF07F43CDE9E2
:108EF0000032CDE90210962240F2262132200B9B4F
:108F000007F0AEF813B000BD30783031000000003B
:108F1000526561645F5265670000000052656164DC
:108F200000000000726573756C7400007CB500254C
:108F30000026FBF747F92B210F48F7F7C4F9044641
:108F400014E0641C10E020782E2802D020782B2812
:108F500006D16846F7F776FB084948556D1C04E0D2
:108F600020780DF80600641CEDE700BF032DE8DB58
:108F70000348FBF7D1F87CBD000F0108AC0D0020C1
:108F8000AF0D002070B504460D461646A06820B10E
:108F900032462946A06805F071FBE06820B13246F0
:108FA00029462046E3689847002070BD0FB4054B62
:108FB00010B503A9044A029801F00EFA10BC5DF83E
:108FC00014FB0000FDD80108780E00200FB4084BF8
:108FD00010B504A902AA039801F0FEF9044602A9FB
:108FE000002001F07CFD204610BC5DF814FB000061
:108FF000DFAA010837B514460846064B6A462146E3
:1090000001F0EAF904466946002001F068FD2046B7
:109010003EBD0000DFAA010803B40198410000989A
:1090200050EAC12018BF04204A0D18BF40F00100CB
:1090300040F2FF72B2EB515F08BF40F0020001281E
:1090400008BF052002B07047004870477C0E002022
:1090500070B5D94B00242DED020B2DED108BDDE901
:109060001010984205DA20F000429A4201D809D146
:1090700041B19DED100BBDEC108B02B0BDE870400E
:1090800001F086B8B0F5801F26DA11430BD0002816
:1090900013DA012001F0D0F8BDEC108B02B0BDE86E
:1090A000704001F089B8022001F0C6F801F058F8CC
:1090B00051EC100B81F000419EE06FF035049FED04
:1090C000C00B53EC102B9DED100B51EC100BF7F770
:1090D0006DFBCDE91001084604EB2051C0F31304E9
:1090E000B948A1F2FF31204400F4801080F07F6283
:1090F00082F04052224301EB20559FEDB50B1192B7
:1091000053EC102B9DED100B51EC100BF7F748FBB7
:1091100041EC180BA01CC0F313009FEDAFDB9FEDDB
:10912000B0EBB14E7E4403286CD296ED000B51ECAF
:10913000180B53EC102BF7F77FFC1DD1002D01BF4E
:1091400096ED000BBDEC108B02B070BD2846F7F712
:109150001CFC41EC180B53EC1D2BF7F727FB41ECE3
:10916000190B53EC1E2B51EC180BF7F71FFB53ECAC
:10917000192BF7F774FA3FE09FED9D0B51EC180B9C
:1091800053EC102BF7F712FB9FED9B1B53EC112BAD
:10919000F7F709FB41EC190B53EC182B51EC180BAA
:1091A000F7F704FB53EC192BF7F700FB41EC190B15
:1091B000002D04BF53EC192B51EC180B1AD0284684
:1091C000F7F7E3FB41EC1A0B53EC1D2BF7F7EEFA24
:1091D00053EC192BF7F7E7FA53EC182BF7F7E0FAF3
:1091E00041EC180B53EC1E2B51EC1A0BF7F7DEFA7F
:1091F00053EC182BF7F7D4FABDEC108B02B041EC0E
:10920000100B70BD9FED7E0B51EC180B53EC102B27
:10921000F7F725FA41EC100B51EC180B53EC102B1F
:10922000F7F736FB41EC190B2846F7F7AEFB41EC9C
:109230001B0B53EC192B51EC190BF7F7B7FA41EC58
:109240001A0B714853EC1A2B261851EC1A0BF7F72E
:10925000ADFA41EC1F0B6D48C4F1510404F5D7245D
:10926000B0EE4F0AF0EE6F0A0321784400F0FCFEE6
:1092700053EC1F2B51EC100BF7F798FA41EC1C0B39
:109280006348B0EE4F0AF0EE6F0A0421784400F014
:10929000EBFE53EC1A2B51EC100BF7F787FA344323
:1092A00053EC1C2BF7F7DBF941EC1C0B002C4CDDCD
:1092B0009FED510B51EC180B53EC102BF7F776FA8E
:1092C00053EC182BF7F772FA41EC1A0B55B353EC29
:1092D0001D2B51EC1B0BF7F769FA41EC1D0B53ECFE
:1092E0001C2B51EC1A0BF7F7BAF953EC192BF7F7C3
:1092F0005DFA53EC1D2BF7F7B2F953EC1A2BF7F785
:1093000052FA53EC182BF7F74BFA41EC180B53ECCD
:109310001E2B51EC1B0BF7F749FA53EC182BF7F700
:109320003FFA69E753EC1C2B51EC1A0BF7F797F94E
:1093300053EC192BF7F73AFA53EC1A2BF7F733FAE9
:1093400053EC182BF7F72FFA56E735B353EC1D2BD8
:1093500051EC1B0BF7F72AFA41EC1A0B53EC1C2BC0
:1093600051EC180BF7F71CFA53EC192BF7F71EFA10
:1093700053EC1A2BF7F714FA53EC182BF7F710FAF3
:1093800041EC180B53EC1E2B51EC1B0BF7F70EFAAC
:1093900053EC182BF7F704FA2EE753EC1C2B51EC87
:1093A000180BF7F7FDF953EC192BF7F7FFF953EC0E
:1093B000182BF7F7F8F91FE70000F07F0000000016
:1093C0000000000000005043645F0900000000003E
:1093D000000000000000F03F763C7935EF39EA3DAF
:1093E0000000E0FE422EE63FA082000000000000E8
:1093F000555555555555D53F000000000000E03F3C
:10940000000000000000004086EBF9FF1280000021
:1094100008800000000000002DE9F04D2DED040B48
:109420002DED0E8B96B0DDE92550279CDDF890A040
:1094300025F0004624F00048BAF1000F14BF0121C6
:10944000002101EB4502FC4953184A1093422AD3EC
:10945000002814BF0123002303EB44030B44F74906
:109460008B4220D358EA00019FEDF59B76D0DFF8C0
:10947000D8B35D4503D1BAF1000F05D188E0BAF148
:10948000000F08BF002100D0012101EB450111F5BB
:10949000001F08D8002814BF0121002101EB44015E
:1094A00011F5001F0BD99DED261B9DED240B16B069
:1094B000BDEC0E8B04B0BDE8F04D00F073BE00278C
:1094C000002DBCBFE149884521DAE1498845A8BFA4
:1094D00002271CDAC3451ADCDE4901EB28511429A6
:1094E00008DDC1F1340220FA02F101FA02F28242EF
:1094F0000DD108E058B9C1F1140228FA02F101FABD
:1095000002F2424503D101F00101C1F1020756EA1E
:109510000A0124D1002C22DA002D18BF022F01D01D
:10952000012F0AD0022000F087FE16B0BDEC0E8B92
:1095300004B0BDE8F04D00F013BE022000F07CFE48
:1095400000F00EFE51EC100B81F0004141EC100BCD
:1095500016B0BDEC0E8B04B0BDE8F08D18E09FEDA9
:10956000BEAB9FEDBF8B002871D1B848804522D19A
:1095700005F1804010F5801008BFBAF1000F07D048
:10958000B3450ADC002CA8BF9DED260BE0DA0DE008
:10959000B0EE490AF0EE690ADAE7002C06DA9DED32
:1095A000260B51EC100B81F000416FE0AE4878447F
:1095B00090ED000BCCE7D8454DD1002C48DA2EB108
:1095C00086423AD1BAF1000F42D126E0BAF1000F3B
:1095D00013D0022000F030FE00F0FEFD8DED020BF6
:1095E0009DED240B8DED000B10EE900A039961F3B5
:1095F0001E0003909DED020BAAE78DED02AB9DEDE1
:10960000240B1AEE901A10EE900A8DED000B61F308
:109610001E0003909DED020B9AE78DED028B9DEDF0
:10962000240B18EE901A10EE900A8DED000B61F3EA
:109630001E0003909DED020B8AE709DA9DED240BD5
:1096400051EC190B53EC102BF7F722F91EE020E038
:109650009DED240B7CE786421BDAB4F1804F0DD0E0
:10966000A4F10050B0F1FF5013D1002D11DB9DED9E
:10967000240B51EC100B06F095FF07E09DED240B39
:1096800053EC102B51EC100B00F0C2BC41EC100B52
:109690005EE79DED240B51EC100B04F050F8BAF18D
:1096A000000FCDE90E0142D19FED710B46B3A6F13B
:1096B000E040B0F17F600CD05E4538D1002D00DA7B
:1096C000A7B3022F0CBF01204FF0FF30F7F75DF971
:1096D000DCE7002D01DD002C0DDA002D01DD002C72
:1096E0001FDB002D16DA002C14DB012F08BF9FEDC5
:1096F000620B3FF42DAFB0EE4A0AF0EE6A0A27E79C
:10970000022F18BF002D0CD0012F0AD1002DFFF61B
:109710001FAF06E0002DB8BF002C08DA012F3FF480
:1097200017AFB0EE480AF0EE680A11E71BE001201F
:1097300000EBE57050EA070115D0791EB0EE498ABA
:10974000F0EE698A084308BF9FED4D8B4E48002517
:10975000804570DD4D494E48884514DDB0420DDB33
:10976000002C19DB2FE0012000F066FD16B0BDECE7
:109770000E8B04B0BDE8F04D00F01EBDB34502DC19
:10978000002C09DC1FE0864202DA002C1BDA03E021
:109790005E452BDD002C16DD022000F04DFD00F0B3
:1097A0001BFD8DED020B53EC1A2B51EC180BF6F749
:1097B000FDFFCDE900010399019861F31E000390BC
:1097C0009DED020BC4E6022000F036FD00F014FD12
:1097D00010EE901A18EE900A8DED020B8DED008BB5
:1097E00061F31E0003909DED020BB1E69DED0E0BA3
:1097F00053EC192B51EC100BF6F7D2FF9FED260B13
:10980000CDE9080153EC102B9DED080B51EC100B2A
:10981000F6F7CCFF9FED221B53EC112BF6F7C3FF9D
:109820009DED081B53EC112BF6F7C0FF9FED1E1B9F
:1098300053EC112B3CE08CE0FFFF1F00FFFF0F00FB
:10984000000000000000F03F0000F03F0000F07F4B
:109850000000404301FCFFFF000000000000F07F1B
:109860000000000000000000167E00000000000064
:109870000000000000000080000000000000F0FF79
:10988000000000000000F0BF0000E0410000F043D5
:10989000FFFFEF3F00000000000000000000D03F8D
:1098A000555555555555D53F000000000000E03F87
:1098B000F6F779FF9DED080B41EC1A0B53EC102BDA
:1098C00051EC100BF6F772FF53EC1A2BF6F76EFF04
:1098D00041EC1A0B9FEDFE0B53EC102B9DED080B8A
:1098E00051EC100BF6F762FF41EC1B0B9FEDFA0BEE
:1098F00051EC1A0B53EC102BF6F758FF41EC1A0BF6
:109900009FEDF70B53EC102B9DED080B51EC100B5A
:10991000F6F74CFF53EC1A2BF6F742FF41EC1A0B0B
:1099200051EC1B0B53EC1A2BF6F799FE0690CDE980
:1099300006519DED060B53EC1B2B51EC100BF6F76B
:109940002FFF53EC1A2BF6F72EFF41EC100B00F013
:10995000A1B90020B6F5801F0EDA9FEDE30B53ECA2
:10996000102B9DED0E0B51EC100BF6F71FFFCDE900
:109970000E016FF034000E4600EB2650A0F2FF37C8
:10998000C6F31300DA4940F07F6646F0405688423D
:10999000D8BF002408DDD7498142C8BF012403DCB9
:1099A0000024A6F580167F1CD348784400EBC40041
:1099B0000F9690ED00CB9DED0E0B53EC1C2B51EC54
:1099C000100BF6F7EDFE9DED0E0B41EC1B0B53EC6F
:1099D0001C2B51EC100BF6F742FE41EC100B51EC36
:1099E000190B53EC102BF6F753FF41EC1D0B51EC08
:1099F0001B0B53EC1D2BF6F7D9FE41EC1A0BBF489D
:109A00008DED10AB7844109590ED000B4FF00050A9
:109A100040EA660000EB84408DED080B00F5002065
:109A200009909DED080B53EC1C2B51EC100BF6F735
:109A3000B7FE9DED0E1B53EC112BF6F7B4FE41EC77
:109A4000100B53EC102B9DED100B51EC100BF6F797
:109A5000ADFE9DED080B41EC1C0B53EC102B9DED66
:109A6000100B51EC100BF6F7A1FE53EC1B2BF6F785
:109A70009AFE53EC1C2BF6F793FE53EC1D2BF6F7D6
:109A800095FE41EC1C0B53EC1A2B51EC1A0BF6F71C
:109A90008DFE41EC1B0B9A480621B0EE4B0AF0EE0E
:109AA0006B0A784400F0E0FAB0EE401AF0EE601A6B
:109AB000B0EE41DAF0EE61DA53EC1B2B51EC1B0BEC
:109AC000F6F774FE53EC1D2BF6F770FE9DED100BB0
:109AD00041EC1B0B53EC1A2B51EC100BF6F7BFFDAE
:109AE00053EC1C2BF6F762FE53EC1B2BF6F7B7FD7D
:109AF0009DED100B41EC1B0B53EC102B51EC100B9C
:109B0000F6F754FE41EC1D0B9FED7FEB53EC1E2B43
:109B1000F6F7A5FD53EC1B2BF6F7A1FD0890CDE958
:109B200008519DED080B53EC1E2B51EC100BF6F772
:109B300037FE53EC1D2BF6F733FE53EC1B2BF6F7D9
:109B400032FE9DED080B41EC1D0B53EC102B9DEDEF
:109B5000100B51EC100BF6F729FE41EC1B0B53ECEC
:109B60001A2B51EC1D0BF6F721FE9DED080B41EC75
:109B70001A0B53EC102B51EC1C0BF6F717FE53ECA1
:109B80001A2BF6F76CFD41EC1A0B51EC1B0B53EC46
:109B90001A2BF6F764FD0C90CDE90C519DED0C0BE2
:109BA00053EC1B2B51EC100BF6F7FAFD53EC1A2B70
:109BB000F6F7F9FD41EC1B0B9FED550B53EC102B09
:109BC0009DED0C0B51EC100BF6F7F0FD41EC1A0B70
:109BD0009FED510B51EC1B0B53EC102BF6F7E6FDF0
:109BE00041EC1B0B9FED4E0B53EC102B9DED0C0B22
:109BF00051EC100BF6F7DAFD53EC1B2BF6F72FFDAB
:109C000041EC100B4848784400EBC40090ED001B79
:109C100051EC100B53EC112BF6F721FD41EC1B0B13
:109C20003846F6F7B2FECDE9080153EC1B2B51EC98
:109C30001A0BF6F714FD41EC100B3C48784400EB8E
:109C4000C40090ED00CB51EC100B53EC1C2BF6F73D
:109C500006FD9DED081B53EC112BF6F700FD069059
:109C6000CDE906519DED080B53EC102B9DED060B35
:109C700051EC100BF6F794FD53EC1C2BF6F790FD0E
:109C800053EC1A2BF6F78CFD53EC1B2BF6F78BFDE0
:109C900041EC100B9DED261B53EC102B8DED001BA2
:109CA00000959DED260B51EC100BF6F77FFD9DED19
:109CB000000B41EC1A0B53EC102B9DED260B51ECD5
:109CC000100BF6F76DFD9DED061B53EC112B2FE0ED
:109CD000000000604715F73FFE822B654715F73FF0
:109CE00044DF5DF80BAE543E00000000000040432E
:109CF0008E9803007AB60B000A790000C079000044
:109D00004278000000000000000000000000084051
:109D1000000000E009C7EE3FFD033ADC09C7EE3F53
:109D2000F5015B14E02F3EBECE7600008876000081
:109D3000F6F73CFD53EC1A2BF6F791FC9DED060B64
:109D400041EC1A0B53EC102B9DED000B51EC100B5A
:109D5000F6F72CFDCDE90C019DED0C0B51EC1A0B27
:109D600053EC102BF6F77BFCCDE902010C46AA4917
:109D70008C422FDB611A084318D19DED0C0B53EC7C
:109D8000102B9DED020B51EC100BF6F709FD41EC89
:109D90001B0B9FEDA30B51EC1A0B53EC102BF6F79A
:109DA0005EFC53EC1B2BF6F75FFE2DD2022000F079
:109DB00043FA00F011FA10EE901A18EE900A8DEDA9
:109DC000020B8DED008B61F31E0003909DED020BE5
:109DD000FFF7BEBB944A24F00041914214D393494B
:109DE000214408437FF4EFAC9DED0C0B53EC102B9A
:109DF0009DED020B51EC100BF6F7D2FC53EC1A2B35
:109E0000F6F732FE7FF6DFAC24F000408849894A3D
:109E1000002601EB205182422BDA481C4FF48011BE
:109E200021FA00F02044844AC0F30A517A44A1F296
:109E3000FF3192ED000B814A8DED080BCA4020EAFC
:109E40000202C0F3130040F48010C1F1140120FAA3
:109E500001F60992002CB8BF76429DED080B53EC39
:109E6000102B9DED0C0B51EC100BF6F799FCCDE986
:109E70000C019DED0C0B51EC1A0B53EC102BF6F76B
:109E8000EEFB9FED6F0B0890CDE9085153EC102BC2
:109E90009DED080B51EC100BF6F788FC41EC1B0B09
:109EA0009FED690B53EC102B9DED080B51EC100B43
:109EB000F6F77CFC9DED0C0B41EC1C0B53EC102BCE
:109EC0009DED080B51EC100BF6F76AFC53EC1A2BC6
:109ED000F6F769FC9FED5E1B53EC112BF6F766FC61
:109EE00053EC1C2BF6F7BBFB41EC1A0B51EC1B0B94
:109EF00053EC1A2BF6F7B3FBCDE902019DED020BF3
:109F000053EC1B2B51EC100BF6F74AFC53EC1A2BBD
:109F1000F6F749FC9DED020B41EC1A0B53EC102BAC
:109F200051EC100BF6F742FCCDE908014A489DEDD3
:109F3000080B0521784400F097F89DED081B51ECC3
:109F4000100B53EC112BF6F731FC9DED021B53EC7B
:109F5000112BF6F728FCCDE906019DED020B53EC21
:109F60001A2B51EC100BF6F721FC53EC1A2BF6F7D9
:109F700076FB9FED3B0B41EC1A0B53EC102B9DED48
:109F8000060B51EC100BF6F70BFC9DED060B41ECAC
:109F90001B0B53EC102B9DED020B51EC100BF6F745
:109FA00005FC53EC1B2BF6F773FC53EC1A2BF6F75E
:109FB000F7FB9DED021B53EC112BF6F7F1FB53EC75
:109FC000192BF6F7F0FBCDE9020101EB0650011564
:109FD0000029C8BF039015DC9DED020B324651EC01
:109FE000100BF6F775FFFFF717F8042808BF00F00D
:109FF00003F932469DED020B51EC100BF6F768FFAA
:10A00000CDE902019DED020B51EC180B53EC102B26
:10A01000F6F7CCFBFFF73ABB0000904000000000D1
:10A02000FE822B654715973C00CC904000346F3F73
:10A0300001FCFFFF0000E03F98750000FFFF0F00EC
:10A0400000000000432EE63F396CA80C615C20BE86
:10A05000EF39FAFE422EE63FE073000000000000F8
:10A06000000000000000004070B504462DED028B9A
:10A070004D1E00EBC500B0EE408AF0EE608A90ED18
:10A08000000B35F0060017D053EC182B51EC100BD9
:10A09000F6F78CFB41EC100B6D1E04EBC50090ED48
:10A0A000001B51EC100B53EC112BF6F7D8FA41ECD6
:10A0B000100B35F00600E7D1022D36D0042D1CD050
:10A0C000062D1CBFBDEC028B70BD53EC182B51EC60
:10A0D000100BF6F76BFB94ED0A1B53EC112BF6F704
:10A0E000BEFA53EC182BF6F761FB94ED081B53EC0A
:10A0F000112BF6F7B4FA41EC100B53EC182B51EC82
:10A10000100BF6F753FB94ED061B53EC112BF6F7EF
:10A11000A6FA53EC182BF6F749FB94ED040B53EC1D
:10A12000102BF6F79CFA41EC100B53EC182B51EC6A
:10A13000100BF6F73BFB94ED021B53EC112BF6F7DB
:10A140008EFA53EC182BF6F731FB94ED001B53EC11
:10A15000112BF6F784FABDEC028B41EC100B70BDAD
:10A160009FED070B10B553EC102B9FED070B51EC37
:10A17000100BF6F78DFB41EC100B10BD000000003A
:10A180000000000000000000000000000000F03FA0
:10A1900010B553EC102B51EC100BF6F760FA41ECB4
:10A1A000100B10BD10B553EC112B51EC100BF6F742
:10A1B00056FA41EC100B10BD9FED050B10B553EC9A
:10A1C000102B51EC100BF6F763FB41EC100B10BD9C
:10A1D00000000000000000009FED050B10B553ECDF
:10A1E000102B51EC100BF6F7E1FA41EC100B10BDFF
:10A1F00000000000000000709FED050B10B553EC4F
:10A20000102B51EC100BF6F7D1FA41EC100B10BDEE
:10A21000000000000000001002E008C8121F08C182
:10A22000002AFAD170477047002001E001C1121FD7
:10A23000002AFBD170470000014908607047000008
:10A240007C0E00202DE9FF5F82B00021DDE90430A3
:10A25000020DDDF840B0034318D044F61050A2F2CE
:10A26000FF3242431514119801281FD0A5EB0B00B3
:10A27000401C5FEA000A4FF000064E4FDFF83891AD
:10A28000B046504615D5CAF1000413E011980124D8
:10A290004AA3012801D16FEA0B010298119AC0E983
:10A2A0000031C0E9024206B0BDE8F09FCBF10000EA
:10A2B000DFE704460021404A491842EB0450CDE94B
:10A2C000001012E0E00707D032463B4640464946C0
:10A2D000F6F76CFA8046894632463B4610461946E8
:10A2E000F6F764FA06460F466410002CEAD1DDE961
:10A2F0000401DDE90023BAF1000F06DAF6F756FA99
:10A3000042464B46F6F752FA05E0F6F7C1FA4246E6
:10A310004B46F6F7BDFA04460E460022284BF6F7E8
:10A32000A3FB03D84FF0FF30014607E00022254B86
:10A3300020463146F6F793F9F6F7A8FF102409E016
:10A34000002C0ADB0A220023F5F73CFF039B303286
:10A350001A55641E50EA0102F2D1641C039AC4F13A
:10A3600011031444119A012A03D0012208430DD18C
:10A370000AE0084304D000204FF0110B119072E75F
:10A38000A3EB0B056D1E0DE05B4504DD4FF00002F5
:10A3900005F1010504E003DA4FF00002A5F1010523
:10A3A000002AECD002981199C0E90231C0E90045B9
:10A3B00079E70000000014400000F03F300000008A
:10A3C0000000F0430000E03F30380A2801D20120AD
:10A3D00070470020704700002DE9FF4F95B09A4666
:10A3E000884606460025EEE1252877D10024274639
:10A3F000F94A0121039400E0044316F8013F203B91
:10A4000001FA03F01042F7D130782A2811D06FF00A
:10A410002F033078A0F13002092A16D8039A44F0AD
:10A42000020402EB820203EB42021044761C03900A
:10A43000EFE758F8042B0392002A03DA504244F461
:10A440000054039044F00204761C30782E2816D174
:10A4500016F8010F44F004042A280DD06FF02F02E3
:10A460003078A0F13003092B09D807EB870302EB02
:10A470004303C718761CF3E758F8047B761C307842
:10A480006C280FD006DC4C2817D068280DD06A281D
:10A4900014D104E0742810D07A280FD10DE044F4D0
:10A4A00000140AE044F4801401E044F4401472788B
:10A4B000824202D104F58014761C761C307866281E
:10A4C0000BD013DC582877D009DC002875D045283C
:10A4D000F6D04628F4D047281AD193E118E0632833
:10A4E00035D0642879D0652812D18BE1702873D0DB
:10A4F00008DC6728F1D069286FD06E280DD06F284E
:10A5000006D1ACE073282CD0752874D0782853D0AD
:10A510005246179990476D1C54E1C4F3025002282B
:10A5200009D003280DD0D8F8001004280DD00D60F4
:10A5300008F1040846E1D8F80010EA17C1E9005212
:10A54000F6E7D8F800100D80F2E70D70F0E718F884
:10A55000041B8DF8001000208DF80100EB4601204F
:10A5600003E058F804BB4FF0FF3061074FF00001E3
:10A5700002D40DE009F101018946B9420FDA8145A3
:10A58000F8DB1BF809100029F4D108E009F10101FA
:10A5900089468142FADB1BF809100029F6D103989D
:10A5A0005346A0EB090721463846179A00F080FA77
:10A5B000284400EB090507E044E008E10DE01BF842
:10A5C000010B524617999047B9F10109F7D253464A
:10A5D00021463846179AF2E039E00A21C4F30252C4
:10A5E0004FF0000B0091022A06D058F8040BC11757
:10A5F000032A09D00AE023E008F1070020F007024F
:10A60000F2E80201904605E000B2C117042A01D128
:10A6100040B2C117002906DA0A460021404261EB28
:10A6200002012D2202E0220504D52B228DF8042000
:10A63000012203E0E20701D02022F7E7914657E02C
:10A640000A2100E010214FF0000B00910BE01021D7
:10A650004FF0000B44F004040827009103E00820A9
:10A660004FF0000B0090C4F30252022A05D058F8B4
:10A67000040B0021032A08D008E008F1070020F0AD
:10A680000702F2E80201904603E080B2042A00D1FA
:10A69000C0B24FF0000922072AD53278702A07D0BD
:10A6A000DDF800C08CF0100C5CEA0B0C05D00EE05D
:10A6B00040228DF80420012208E050EA010306D070
:10A6C00030238DF804308DF8052002229146009B3E
:10A6D00083F0080353EA0B030AD150EA010201D1C7
:10A6E000620705D530228DF804204FF001097F1E46
:10A6F0003278582A04D039A20C920CAA02920BE0AC
:10A700003BA2F9E75B46009AF5F75CFD0C9B9B5C6E
:10A71000029A521E0292137050EA0102F2D102987C
:10A7200004A9081A00F1200B600702D524F4803434
:10A7300000E001275F4502DDA7EB0B0000E00020F1
:10A7400000EB0B01009003984944401A0390E0038A
:10A7500006D453462146179A039800F0A9F90544F8
:10A76000002706E001A85246C05D179990476D1C6E
:10A770007F1C4F45F6DBE0030CD553462146179A64
:10A78000039800F095F9054404E0302052461799EB
:10A7900090476D1C0099481E00900029F5DC08E0E8
:10A7A0000298029952460078491C029117999047E5
:10A7B0006D1CBBF10001ABF1010BF1DC5BE100F0C2
:10A7C00065F90544761C307800287FF40DAE19B089
:10A7D0002846BDE8F08F00000928010030313233EF
:10A7E00034353637383961626364656600000000CD
:10A7F00030313233343536373839414243444546B7
:10A8000000000000600700D4062708F1070020F0D0
:10A810000700F0E80223804603F0004C5FEA0C00DA
:10A8200001D097A009E0200501D596A005E0E0073A
:10A8300001D095A001E0AFF24C001390307823F0E6
:10A84000004365280CD006DC452809D046281DD0D9
:10A8500047287FD13BE0662818D067287AD136E0B8
:10A860000021112F01DB112000E0781CCDE900014F
:10A8700004A90CA8FFF7E6FCDDE90D010C9A4FF0E6
:10A88000000B07F10109109200914EE04FF00040DB
:10A890000097CDE9011004A90CA8FFF7D3FCDDE96E
:10A8A0000D020C9B0F994FF0000B914610930092F4
:10A8B00011B9791C00EB0109B7EB090003D4C0F111
:10A8C000FF3B07F10109A9EB0700019042E0012FCE
:10A8D00000DA01270021112F01DD112000E03846A8
:10A8E000CDE9000104A90CA8FFF7ACFCDDE90D01DE
:10A8F0000C9A00914FF0000BB946109221070FD42B
:10A90000009A4A4503DA914601E0A9F10109B9F13B
:10A91000010F05DD109AA9F10101515C3029F4D035
:10A92000B84202DA10F1040F03DA0121CDE9011077
:10A9300010E0002803DC8344A9EB000102E0411C85
:10A94000494500DD8946A0EB0B00401C01904FF00B
:10A9500000400290200705D40198484502DB4FF0E3
:10A96000FF30019000208DF84B0002980DF14B074D
:10A97000B0F1004F25D002200C902B200D900298B2
:10A9800000280CDA404202902D200D9007E00A21A9
:10A990000298F6F79DF83031029007F8011D0C99E6
:10A9A000481E0C900029F2DC02980028EFD1791E95
:10A9B0000D980870307800F0200040F0450007F84E
:10A9C000020D11A8C01BC01D02901398007800B1A1
:10A9D000012000EB0901019801EBE07102980144AC
:10A9E0000398401A401E0390E00306D453462146C4
:10A9F000179A039800F05CF805441398007818B192
:10AA00005246179990476D1CE00323D553462146C3
:10AA1000179A039800F04CF805441BE0BBF1000FB7
:10AA200007DB0098584504DD1098179910F80B00C3
:10AA300001E0179930205246904701980BF1010B25
:10AA4000401E05F10105019004D12E2052461799B0
:10AA500090476D1CB9F10001A9F10109DEDC05E0A8
:10AA600017F8010B5246179990476D1C0299481E22
:10AA700002900029F4DC53462146179A03989EE67B
:10AA80002D0000002B000000200000002DE9F04107
:10AA9000044600251E461746880404D405E03946BE
:10AAA0002020B0476D1C641EF9D52846BDE8F08112
:10AAB0002DE9F041044600251E469046C80301D505
:10AAC000302700E02027880404D505E041463846B9
:10AAD000B0476D1C641EF9D52846BDE8F0810A68B0
:10AAE000531C0B601070704710B50B46002100BF5F
:10AAF00002E05C5C6040491C9142FADB10BD000042
:10AB00002DE9F04798B004460D4616461F46DDE98C
:10AB100020A8DDF888901648406A18B115480078DA
:10AB2000012804D14FF0FF3018B0BDE8F087402174
:10AB300008A8F5F79FFB2B4622460FA108A88DE831
:10AB4000C004FEF743FA14220F4903A8F5F779FB76
:10AB500008A80490CDF81480CDF81C904FF4FA604A
:10AB60000023052203A90090014804F07BFDDBE7E8
:10AB70004C9E0020487C002025642C2564242564FC
:10AB80002C25642425642400F009020870B50246CF
:10AB9000002317E0002011E032F81060451C32F865
:10ABA0001550AE4209DD32F81040451C32F8155000
:10ABB00022F81050451C22F81540401C4D1E8542BD
:10ABC000EAD85B1C8B42E5D370BD000070B504462B
:10ABD0000D46607801232A4604F1300102F05CF84A
:10ABE00008B1032070BD94F82E1294F82F0241EAA8
:10ABF00000204AF65521884201D00220F2E794F85D
:10AC00006900010694F8680041EA004194F8670081
:10AC100041EA002094F86610084320F07F400E4976
:10AC2000884201D10020DDE794F88500010694F800
:10AC3000840041EA004194F8830041EA002094F83E
:10AC40008210084320F07F400349884201D1002050
:10AC5000C8E70120C6E7000046415400024600E074
:10AC6000521C107810B110788842F9D110787047D2
:10AC70002DE9F74F88B00898006801900198007896
:10AC800030380790079809280AD8019840783A2860
:10AC900006D10198801C019008990198086001E094
:10ACA00000200790079818B10B200BB0BDE8F08F7B
:10ACB000D049079851F82040099804600CB90C203D
:10ACC000F3E7207878B1607802F01EF8804608F04B
:10ACD000010040B90A9820B108F0040008B10A2028
:10ACE000E3E70020E1E700202070079860706078BB
:10ACF00001F0CCFF804608F0010008B10320D4E742
:10AD00000A9820B108F0040008B10A20CDE74FF0FE
:10AD1000000B59462046FFF759FF054600BF012D9D
:10AD200021D14FF0000ABAF1000F03D0AAF10100BF
:10AD300000F0FF0A4FF4DF7000EB0A1104F130005D
:10AD40000F18387978B1F87A0106B87A41EA0041EB
:10AD5000787A41EA0020397A40EA010B59462046C8
:10AD6000FFF734FF0546032D01D101209DE70DB10A
:10AD70000D209AE73B20015D94F83C0041EA002059
:10AD8000B0F5007F01D00D208FE74620015D94F8DB
:10AD9000470041EA0029B9F1000F0ED194F857009D
:10ADA000010694F8560041EA004194F8550041EA42
:10ADB000002094F8541040EA0109C4F81C90402087
:10ADC000065DE670012E03D0022E01D00D206CE747
:10ADD00009FB06F93D20005D0646A07016B1701E05
:10ADE000304008B10D2060E74120015D94F8420039
:10ADF00041EA00202081207A00F00F0008B10D20E8
:10AE000053E74320015D94F8440041EA0020069096
:10AE1000069870B994F85300010694F8520041EA7C
:10AE2000004194F8510041EA002094F85010084382
:10AE300006903E20015D94F83F0041EA0020029018
:10AE4000029808B90D2030E702984844218900EBA8
:10AE500011100590DDE90501814201D20D2024E7A2
:10AE6000DDE90510401AA178B0FBF1F004900498D8
:10AE700008B90D2019E7012540F6F67104988842BB
:10AE800000D302254FF6F6710498884200D30325BB
:10AE90000498801CA06105985844A0620298584408
:10AEA0002062032D16D1208908B10D20FDE694F80B
:10AEB0005F00010694F85E0041EA004194F85D00ED
:10AEC00041EA002094F85C1008436062A0698000A9
:10AED000039014E0208908B90D20E6E6206A484472
:10AEE0006062022D02D1A069400007E0207E00F0E0
:10AEF0000100A16901EB410100EB51000390E16900
:10AF0000039800F2FF10B1EB502F01D20D20CCE6D8
:10AF10004FF0FF3020610020E060032D5CD16071B4
:10AF200094F8601094F8610041EA00205844606190
:10AF30006078012304F13001626901F0ADFEE8BBE5
:10AF400094F82E1294F82F0241EA00204AF6552177
:10AF5000884241D13320005D01063220005D41EA84
:10AF600000413120005D41EA002094F83010084390
:10AF70002149884230D194F81702010694F816024C
:10AF800041EA004194F8150241EA002094F81412B5
:10AF900008431A4988421FD194F81F02010694F809
:10AFA0001E0241EA004194F81D0241EA002094F893
:10AFB0001C120843E06094F81B0200E00CE001065C
:10AFC00094F81A0241EA004194F8190241EA00207B
:10AFD00094F8181208432061257009480088401C25
:10AFE00080B207490880E0800020E062207100BF45
:10AFF0005BE60000200E00205252614172724161F6
:10B00000240E00201CB50B48406A18B10A4800788D
:10B01000012802D14FF0FF301CBD084800680190A4
:10B020004FF4FA600023012201A90090014804F0C6
:10B0300019FBF1E74C9E0020487C0020200A020802
:10B040000246891E9069801E884201D80020704700
:10B050009378906A01FB0300F9E700002DE9F047BF
:10B0600005460C46207820F04000401E00EB800191
:10B0700001EBC00600274FF0010800BF1A48C05D71
:10B08000205C1949C95D2144497840EA0129B8F199
:10B09000000F10D0484602F085FB8046FF2E07D2F5
:10B0A0003146761C35F8110002F07CFB404508D093
:10B0B0000020BDE8F0874FF6FF70814501D00020E9
:10B0C000F7E7781C07460D28D8D3207800F0400019
:10B0D00038B1B8F1000F04D035F8160008B10020DF
:10B0E000E7E70120E5E70000C80C020810B54FF0C3
:10B0F000FF322021FE20FCF799FC4FF0FF325A214D
:10B10000F420FCF793FC4FF0FF325921F520FCF7B7
:10B110008DFC4FF0FF324021FE20FCF787FC4FF002
:10B12000FF323321D820FCF781FC4FF0FF32112190
:10B13000D920FCF77BFC4FF0FF320021DA20FCF72E
:10B1400075FC4FF0FF322021FE20FCF76FFC4FF022
:10B15000FF3205211A20FCF769FC4FF0FF32402135
:10B16000FE20FCF763FC4FF0FF3250210120FCF77A
:10B170005DFC4FF0FF3255210220FCF757FC4FF0E9
:10B18000FF3202215920FCF751FC4FF0FF32092118
:10B190005A20FCF74BFC4FF0FF3204215B20FCF7F8
:10B1A00045FC4FF0FF3208215C20FCF73FFC4FF0DC
:10B1B000FF3202217020FCF739FC4FF0FF320921E9
:10B1C0007120FCF733FC4FF0FF3204217220FCF7B2
:10B1D0002DFC4FF0FF3208217320FCF727FC4FF0C5
:10B1E000FF324021FE20FCF721FC4FF0FF322421EA
:10B1F0005D20FCF71BFC4FF0FF3208216020FCF7BC
:10B2000015FC4FF0FF3201216120FCF70FFC4FF0DD
:10B21000FF325F216220FCF709FC4FF0FF32022170
:10B220006920FCF703FC4FF0FF32D7210C20FCF71C
:10B23000FDFB4FF0FF32F0210D20FCF7F7FB4FF044
:10B24000FF32E021FE20FCF7F1FB4FF0FF3214212A
:10B250000020FCF7EBFB4FF0FF3201210846FCF722
:10B26000E5FB4FF0FF3200210220FCF7DFFB4FF03F
:10B27000FF3202210420FCF7D9FB4FF0FF321121ED
:10B280000620FCF7D3FB4FF0FF3200210820FCF72B
:10B29000CDFB4FF0FF3214210920FCF7C7FB4FF024
:10B2A000FF3201210A20FCF7C1FB4FF0FF320021E1
:10B2B0000B20FCF7BBFB4FF0FF3202210C20FCF708
:10B2C000B5FB4FF0FF3211210E20FCF7AFFB4FF022
:10B2D000FF3200210F20FCF7A9FB4FF0FF321421B1
:10B2E0001020FCF7A3FB4FF0FF3210211120FCF7D8
:10B2F0009DFB4FF0FF328F212120FCF797FB4FF091
:10B30000FF328F212D20FCF791FB4FF0FF328F2170
:10B310003220FCF78BFB4FF0FF3201212420FCF799
:10B3200085FB4FF0FF3241212620FCF77FFB4FF0D9
:10B33000FF321A212220FCF779FB4FF0FF32152152
:10B340002320FCF773FB4FF0FF3201213020FCF784
:10B350006DFB4FF0FF324021FE20FCF767FB4FF002
:10B36000FF3243215720FCF761FB4FF0FF323321BE
:10B370005820FCF75BFB4FF0FF3243216E20FCF7B7
:10B3800055FB4FF0FF3233216F20FCF74FFB4FF09E
:10B39000FF3243217420FCF749FB4FF0FF32332189
:10B3A0007520FCF743FB4FF0FF324021FE20FCF7F5
:10B3B0003DFB4FF0FF32FE211220FCF737FB4FF030
:10B3C000FF3208211320FCF731FB4FF0FF325D21E3
:10B3D000C920FCF72BFB4FF0FF3238219620FCF7F9
:10B3E00025FB4FF0FF3202219720FCF71FFB4FF0A7
:10B3F000FF32FF21A520FCF719FB4FF0FF32382167
:10B40000AA20FCF713FB4FF0FF325D21AB20FCF7C5
:10B410000DFB4FF0FF3200219820FCF707FB4FF0A7
:10B42000FF323821A720FCF701FB4FF0FF325D21EE
:10B43000A920FCF7FBFA4FF0FF328021FE20FCF739
:10B44000F5FA4FF0FF3211216620FCF7EFFA4FF0CA
:10B45000FF3217216720FCF7E9FA4FF0FF32042191
:10B460006820FCF7E3FA4FF0FF327021FE20FCF772
:10B47000DDFA4FF0FF3200219B20FCF7D7FA4FF0A6
:10B48000FF3201219C20FCF7D1FA4FF0FF32082156
:10B490009D20FCF7CBFA4FF0FF3219219E20FCF7DC
:10B4A000C5FA4FF0FF3219219F20FCF7BFFA4FF089
:10B4B000FF321921A020FCF7B9FA4FF0FF32192111
:10B4C000A220FCF7B3FA4FF0FF321921A320FCF7BA
:10B4D000ADFA4FF0FF321921A420FCF7A7FA4FF084
:10B4E000FF321921A520FCF7A1FA4FF0FF320E21FF
:10B4F000A620FCF79BFA4FF0FF320D21A720FCF7A6
:10B5000095FA4FF0FF320C21A920FCF78FFA4FF08B
:10B51000FF321921AA20FCF789FA4FF0FF321921D6
:10B52000AB20FCF783FA4FF0FF321921AC20FCF777
:10B530007DFA4FF0FF321921AD20FCF777FA4FF07A
:10B54000FF321921AE20FCF771FA4FF0FF321921BA
:10B55000AF20FCF76BFA4FF0FF321921B020FCF757
:10B5600065FA4FF0FF321921B120FCF75FFA4FF076
:10B57000FF321921B220FCF759FA4FF0FF3219219E
:10B58000B320FCF753FA4FF0FF321921B420FCF737
:10B590004DFA4FF0FF321921B520FCF747FA4FF072
:10B5A000FF320221B620FCF741FA4FF0FF320321AF
:10B5B000B720FCF73BFA4FF0FF320921B820FCF727
:10B5C00035FA4FF0FF321921B920FCF72FFA4FF06E
:10B5D000FF321921BA20FCF729FA4FF0FF32192166
:10B5E000BB20FCF723FA4FF0FF321921BC20FCF7F7
:10B5F0001DFA4FF0FF32F921BD20FCF717FA4FF08A
:10B60000FF321921BE20FCF711FA4FF0FF32192149
:10B61000BF20FCF70BFA4FF0FF320F21C020FCF7E0
:10B6200005FA4FF0FF323021C120FCF7FFF94FF04F
:10B63000FF321121C220FCF7F9F94FF0FF32192136
:10B64000C320FCF7F3F94FF0FF321921C420FCF7B7
:10B65000EDF94FF0FF321921C520FCF7E7F94FF063
:10B66000FF321921C620FCF7E1F94FF0FF32192112
:10B67000C720FCF7DBF94FF0FF321921C820FCF797
:10B68000D5F94FF0FF324021FE20FCF7CFF94FF003
:10B69000FF3221214C20FCF7C9F94FF0FF32F02195
:10B6A0005320FCF7C3F94FF0FF32F021FE20FCF7E6
:10B6B000BDF94FF0FF3236217220FCF7B7F94FF099
:10B6C000FF3263217320FCF7B1F94FF0FF321421F0
:10B6D0007420FCF7ABF94FF0FF3241217520FCF7E5
:10B6E000A5F94FF0FF3225217620FCF79FF94FF0A6
:10B6F000FF3252217720FCF799F94FF0FF323621C3
:10B700007820FCF793F94FF0FF3263217920FCF7A2
:10B710008DF94FF0FF3214217A20FCF787F94FF0B2
:10B72000FF3241217B20FCF781F94FF0FF322521C8
:10B730007C20FCF77BF94FF0FF3252217D20FCF793
:10B7400075F94FF0FF3214217E20FCF76FF94FF0AE
:10B75000FF3241217F20FCF769F94FF0FF3236219B
:10B760008020FCF763F94FF0FF3263218120FCF762
:10B770005DF94FF0FF3225218220FCF757F94FF099
:10B78000FF3252218320FCF751F94FF0FF32142190
:10B790008420FCF74BF94FF0FF3241218520FCF764
:10B7A00045F94FF0FF3236218620FCF73FF94FF084
:10B7B000FF3263218720FCF739F94FF0FF32252152
:10B7C0008820FCF733F94FF0FF3252218920FCF733
:10B7D0002DF94FF0FF327021FE20FCF727F94FF0D2
:10B7E000FF32C0210020FCF721F94FF0FF32002189
:10B7F0000120FCF71BF94FF0FF3202210846FCF74D
:10B8000015F94FF0FF3201210320FCF70FF94FF03B
:10B81000FF3208210420FCF709F94FF0FF32012123
:10B820000520FCF703F94FF0FF320C210620FCF74E
:10B83000FDF84FF0FF3201210720FCF7F7F84FF039
:10B84000FF3208210846FCF7F1F84FF0FF32C02123
:10B850000920FCF7EBF84FF0FF3200210A20FCF73B
:10B86000E5F84FF0FF3202210B20FCF7DFF84FF034
:10B87000FF3201210C20FCF7D9F84FF0FF320821EC
:10B880000D20FCF7D3F84FF0FF3202210E20FCF719
:10B89000CDF84FF0FF320C210F20FCF7C7F84FF026
:10B8A000FF3201211020FCF7C1F84FF0FF320821D0
:10B8B0001120FCF7BBF84FF0FF32C0211220FCF73B
:10B8C000B5F84FF0FF3208211320FCF7AFF84FF026
:10B8D000FF3202211420FCF7A9F84FF0FF320021BB
:10B8E0001520FCF7A3F84FF0FF3200211620FCF7DB
:10B8F0009DF84FF0FF3201211720FCF797F84FF029
:10B90000FF3217211820FCF791F84FF0FF32172172
:10B910001920FCF78BF84FF0FF3208211A20FCF7B2
:10B9200085F84FF0FF32C0211B20FCF77FF84FF065
:10B93000FF3208211C20FCF779F84FF0FF3202217A
:10B940001D20FCF773F84FF0FF3200211E20FCF79A
:10B950006DF84FF0FF3200211F20FCF767F84FF021
:10B96000FF3200212020FCF761F84FF0FF32172151
:10B970002120FCF75BF84FF0FF3217212220FCF763
:10B9800055F84FF0FF3208212320FCF74FF84FF015
:10B99000FF3280214C20FCF749F84FF0FF320021A4
:10B9A0004D20FCF743F84FF0FF3201214E20FCF709
:10B9B0003DF84FF0FF3200214F20FCF737F84FF0F1
:10B9C000FF3201215020FCF731F84FF0FF32932174
:10B9D0005120FCF72BF84FF0FF3216215220FCF7D4
:10B9E00025F84FF0FF32C6215320FCF71FF84FF027
:10B9F000FF3200215420FCF719F84FF0FF320321E9
:10BA00005520FCF713F84FF0FF3201215620FCF7C8
:10BA10000DF84FF0FF3201215820FCF707F84FF0E6
:10BA2000FF3208215920FCF701F84FF0FF3258216E
:10BA30006520FBF7FBFF4FF0FF3212216620FBF77A
:10BA4000F5FF4FF0FF3200216720FBF7EFFF4FF0CB
:10BA5000FF32F021FE20FBF7E9FF4FF0FF3200211B
:10BA6000A320FBF7E3FF4FF0FF32F021FE20FBF7AE
:10BA7000DDFF4FF0FF322221A920FBF7D7FF4FF067
:10BA8000FF322221AA20FBF7D1FF4FF0FF32222103
:10BA9000AB20FBF7CBFF4FF0FF322221AC20FBF7AE
:10BAA000C5FF4FF0FF322221AD20FBF7BFFF4FF063
:10BAB000FF322221AE20FBF7B9FF4FF0FF32702199
:10BAC000FE20FBF7B3FF4FF0FF3205217620FBF796
:10BAD000ADFF4FF0FF3200217720FBF7A7FF4FF0BB
:10BAE000FF3205217820FBF7A1FF4FF0FF327021D4
:10BAF000FE20FBF79BFF4FF0FF3205216820FBF78C
:10BB000095FF4FF0FF3205216920FBF78FFF4FF0C3
:10BB1000FF3205216A20FBF789FF4FF0FF32052134
:10BB20006B20FBF783FF4FF0FF3205216C20FBF702
:10BB30007DFF4FF0FF3205216D20FBF777FF4FF0BF
:10BB4000FF327021FE20FBF771FF4FF0FF3205211D
:10BB50009320FBF76BFF4FF0FF3200219420FBF79F
:10BB600065FF4FF0FF3205219620FBF75FFF4FF096
:10BB7000FF327021FE20FBF759FF4FF0FF32052105
:10BB8000DB20FBF753FF4FF0FF320521DC20FBF7F2
:10BB90004DFF4FF0FF320521DD20FBF747FF4FF04F
:10BBA000FF320521DE20FBF741FF4FF0FF32052178
:10BBB000DF20FBF73BFF4FF0FF320521E020FBF7D2
:10BBC00035FF4FF0FF322221E720FBF72FFF4FF028
:10BBD000FF322221E820FBF729FF4FF0FF3222211C
:10BBE000E920FBF723FF4FF0FF322221EA20FBF789
:10BBF0001DFF4FF0FF322221EB20FBF717FF4FF024
:10BC0000FF322221EC20FBF711FF4FF0FF327021B1
:10BC1000FE20FBF70BFF4FF0FF32F021D120FBF7A6
:10BC200005FF4FF0FF32FF21D220FBF7FFFE4FF060
:10BC3000FF32F021D320FBF7F9FE4FF0FF32FF2156
:10BC4000D420FBF7F3FE4FF0FF32A021D520FBF705
:10BC5000EDFE4FF0FF32AA21D620FBF7E7FE4FF0B2
:10BC6000FF32F021D720FBF7E1FE4FF0FF32FF213A
:10BC7000D820FBF7DBFE4FF0FF324021FE20FBF720
:10BC8000D5FE4FF0FF322A214D20FBF7CFFE4FF0BB
:10BC9000FF3200214E20FBF7C9FE4FF0FF3200219A
:10BCA0004F20FBF7C3FE4FF0FF3200215020FBF77F
:10BCB000BDFE4FF0FF32F3215120FBF7B7FE4FF0EE
:10BCC000FF3223215220FBF7B1FE4FF0FF32F32168
:10BCD0006B20FBF7ABFE4FF0FF3213216C20FBF71C
:10BCE000A5FE4FF0FF32FF218F20FBF79FFE4FF0A4
:10BCF000FF32FF219020FBF799FE4FF0FF323F21EA
:10BD00009120FBF793FE4FF0FF3221210720FBF734
:10BD10008DFE4FF0FF3281213520FBF787FE4FF07B
:10BD2000FF324021FE20FBF781FE4FF0FF32102151
:10BD3000A220FBF77BFE4FF0FF324021FE20FBF7F5
:10BD400075FE4FF0FF3210213320FBF76FFE4FF0EE
:10BD5000FF32C1213420FBF769FE4FF0FF32502142
:10BD6000FE20FBF763FE4FF0FF324021A920FBF7D6
:10BD70005DFE4FF0FF329021AA20FBF757FE4FF0F7
:10BD8000FF320121AB20FBF751FE4FF0FF32602163
:10BD9000FE20FBF74BFE4FF0FF324021A920FBF7BE
:10BDA00045FE4FF0FF326821AA20FBF73FFE4FF01F
:10BDB000FF320121AB20FBF739FE4FF0FF3230217B
:10BDC000FE20FBF733FE4FF0FF324021A920FBF7A6
:10BDD0002DFE4FF0FF329021AA20FBF727FE4FF0F7
:10BDE000FF320121AB20FBF721FE4FF0FF32702123
:10BDF000FE20FBF71BFE4FF0FF3274219820FBF76B
:10BE000015FE4FF0FF320221C920FBF70FFE4FF065
:10BE1000FF320221CA20FBF709FE4FF0FF32022158
:10BE2000CB20FBF703FE4FF0FF320221CC20FBF7C3
:10BE3000FDFD4FF0FF320221CD20FBF7F7FD4FF063
:10BE4000FF328221CE20FBF7F1FD4FF0FF320221BD
:10BE5000CF20FBF7EBFD4FF0FF324221D020FBF764
:10BE6000E5FD4FF0FF32E021FE20FBF7DFFD4FF054
:10BE7000FF3243211920FBF7D9FD4FF0FF32432158
:10BE80001E20FBF7D3FD4FF0FF3241211C20FBF7B2
:10BE9000CDFD4FF0FF3200211820FBF7C7FD4FF01A
:10BEA000FF320C211B20FBF7C1FD4FF0FF329A211E
:10BEB0001A20FBF7BBFD4FF0FF32DA211D20FBF704
:10BEC000B5FD4FF0FF3258212820FBF7AFFD4FF0B2
:10BED000FF3204210520FBF7A9FD4FF0FF320421BA
:10BEE0000D20FBF7A3FD4FF0FF324021FE20FBF7B2
:10BEF0009DFD4FF0FF32AC215420FBF797FD4FF032
:10BF0000FF32A0215520FBF791FD4FF0FF32AA210F
:10BF10004820FBF78BFD4FF0FF329021FE20FBF70E
:10BF200085FD4FF0FF3208213120FBF77FFD4FF0F8
:10BF3000FF329021FE20FBF779FD4FF0FF32002108
:10BF40001520FBF773FD4FF0FF32AA21A420FBF769
:10BF50006DFD4FF0FF32AA21A520FBF767FD4FF0E2
:10BF6000FF320021A620FBF761FD4FF0FF32AA212E
:10BF7000A720FBF75BFD4FF0FF32AA21A920FBF7BA
:10BF800055FD4FF0FF328021AA20FBF74FFD4FF007
:10BF9000FF326121AB20FBF749FD4FF0FF32FF215B
:10BFA000AC20FBF743FD4FF0FF320021AD20FBF743
:10BFB0003DFD4FF0FF320C21AE20FBF737FD4FF077
:10BFC000FF329021FE20FBF731FD4FF0FF320321BD
:10BFD0004E20FBF72BFD4FF0FF3200215120FBF7E5
:10BFE00025FD4FF0FF3207215220FBF71FFD4FF0D8
:10BFF000FF3200215320FBF719FD4FF0FF321021D3
:10C000005420FBF713FD4FF0FF3208215520FBF7BA
:10C010000DFD4FF0FF3200215620FBF707FD4FF0DA
:10C02000FF3200215720FBF701FD4FF0FF320021C6
:10C030005820FBF7FBFC4FF0FF3200215920FBF7A3
:10C04000F5FC4FF0FF3200215A20FBF7EFFC4FF0D8
:10C05000FF3210215B20FBF7E9FC4FF0FF32082193
:10C060005C20FBF7E3FC4FF0FF32C7215D20FBF7BC
:10C07000DDFC4FF0FF3240215E20FBF7D7FC4FF094
:10C08000FF3200215F20FBF7D1FC4FF0FF3200218F
:10C090006020FBF7CBFC4FF0FF3280216120FBF7E3
:10C0A000C5FC4FF0FF3210216220FBF7BFFC4FF0C0
:10C0B000FF3200216320FBF7B9FC4FF0FF32002173
:10C0C0006420FBF7B3FC4FF0FF3200216520FBF743
:10C0D000ADFC4FF0FF3200216620FBF7A7FC4FF0CC
:10C0E000FF3200216720FBF7A1FC4FF0FF32402117
:10C0F0006820FBF79BFC4FF0FF3208216920FBF71B
:10C1000095FC4FF0FF3200216A20FBF78FFC4FF0C7
:10C11000FF3207216B20FBF789FC4FF0FF32002133
:10C120006C20FBF783FC4FF0FF3240216D20FBF7C2
:10C130007DFC4FF0FF3200216E20FBF777FC4FF0C3
:10C14000FF32D0216F20FBF771FC4FF0FF3244210A
:10C150007020FBF76BFC4FF0FF3200217120FBF7E2
:10C1600065FC4FF0FF3200217220FBF75FFC4FF0BF
:10C17000FF3200217320FBF759FC4FF0FF320821FA
:10C180007420FBF753FC4FF0FF3204217520FBF7BE
:10C190004DFC4FF0FF3210217620FBF747FC4FF0AB
:10C1A000FF3204217720FBF741FC4FF0FF320021E2
:10C1B0007820FBF73BFC4FF0FF3200217920FBF7A2
:10C1C00035FC4FF0FF3200217A20FBF72FFC4FF0B7
:10C1D000FF3200217B20FBF729FC4FF0FF32442186
:10C1E0007C20FBF723FC4FF0FF3210217D20FBF772
:10C1F0001DFC4FF0FF3200217E20FBF717FC4FF0B3
:10C20000FF3207217F20FBF711FC4FF0FF320021A6
:10C210008020FBF70BFC4FF0FF3208218120FBF759
:10C2200005FC4FF0FF3200218220FBF7FFFB4FF0AF
:10C23000FF3244218320FBF7F9FB4FF0FF3204214A
:10C240008420FBF7F3FB4FF0FF3200218520FBF742
:10C25000EDFB4FF0FF3200218620FBF7E7FB4FF0AC
:10C26000FF3200218720FBF7E1FB4FF0FF328721EF
:10C270008820FBF7DBFB4FF0FF3200218920FBF722
:10C28000D5FB4FF0FF3210218A20FBF7CFFB4FF098
:10C29000FF3200218B20FBF7C9FB4FF0FF3200215A
:10C2A0008C20FBF7C3FB4FF0FF3200218D20FBF702
:10C2B000BDFB4FF0FF3200218E20FBF7B7FB4FF0A4
:10C2C000FF3200218F20FBF7B1FB4FF0FF32082136
:10C2D0009020FBF7ABFB4FF0FF3210219120FBF7D2
:10C2E000A5FB4FF0FF3200219220FBF79FFB4FF0A0
:10C2F000FF32C7219320FBF799FB4FF0FF3240211B
:10C300009420FBF793FB4FF0FF3200219520FBF7C1
:10C310008DFB4FF0FF3200219620FBF787FB4FF09B
:10C32000FF3208219720FBF781FB4FF0FF321021ED
:10C330009820FBF77BFB4FF0FF3200219920FBF7A1
:10C3400075FB4FF0FF3200219A20FBF76FFB4FF097
:10C35000FF3200219B20FBF769FB4FF0FF320021E9
:10C360009C20FBF763FB4FF0FF3200219D20FBF781
:10C370005DFB4FF0FF3248219E20FBF757FB4FF04B
:10C38000FF3200219F20FBF751FB4FF0FF320021CD
:10C39000A020FBF74BFB4FF0FF320721A220FBF759
:10C3A00045FB10BD2DE9F04397B004460D461646F7
:10C3B0001F46DDE91E891648406A18B11548007805
:10C3C000012804D14FF0FF3017B0BDE8F08314B955
:10C3D0004FF0FF30F8E7402107A8F3F74BFF334653
:10C3E0002A460DA107A88DE88003FCF7EFFD0E4A51
:10C3F00007CA04AB07C3059407A806904FF4FA6078
:10C400000023032204A90090014803F02BF9DBE785
:10C410004C9E0020487C00202425642C2564242583
:10C42000642C256424256400540802082DE9F04793
:10C4300004468946B9F1000F06D1E76817B1A06933
:10C44000B84211D801270FE04946204601F00CFB05
:10C450000646022E02D20120BDE8F087A069B04254
:10C4600001D93046F8E74F463D4600BF6D1CA06934
:10C47000A84204D80225BD4201D90020ECE7294694
:10C48000204601F0F1FA064606B909E0701C08B131
:10C49000012E01D13046DFE7BD42E7D10020DBE7C6
:10C4A00000BF6FF070422946204603F05BFB8046D8
:10C4B000B8F1000F08D1B9F1000F05D02A4649465E
:10C4C000204603F04FFB8046B8F1000F09D1E5602C
:10C4D0002069401C68B12069401E20610120607104
:10C4E00007E0B8F1010F02D14FF0FF3000E001206A
:10C4F00005462846B0E700002DE9F34F83B0824699
:10C500000498D0F800B001E00BF1010B9BF800009B
:10C510002F28F9D09BF800005C28F5D0DAF81C90A1
:10C5200000252E4600BF3046761C1BF80040202C0C
:10C5300003DB2F2C01D05C2C00D11CE0FF2D03D39A
:10C54000062005B0BDE8F08FE4B20121204601F0DD
:10C5500003F904460CB90620F3E7802C06DA2146DD
:10C560006BA0FEF77BFB08B10620EAE728466D1CAE
:10C5700029F81040D7E700BF0BEB060104980160D3
:10C58000202C01DA042000E00020074608E0681EA5
:10C5900039F81040202C02D02E2C00D002E06D1E65
:10C5A000002DF4D100BF0DB90620CAE7002029F8FC
:10C5B00015000B222021DAF8180001F07BFE00267E
:10C5C00000E0761C39F816002028FAD039F8160059
:10C5D0002E28F6D00EB147F0030700E06D1E25B1FE
:10C5E000681E39F810002E28F8D14FF00008CDF859
:10C5F00008800820019000BF3046761C39F81040B2
:10C6000004B955E0202C03D02E2C04D1AE4202D028
:10C6100047F00307F0E7DDE90110884201D2AE429E
:10C6200016D101980B2802D147F0030740E0AE4233
:10C6300001D047F00307AE4200D939E02E4608206A
:10C6400002900B2001904FEA88604FEA1068D3E710
:10C65000802C0BDB0021204601F07EF804461CB143
:10C66000A4F180002D490C5C47F0020700BF24B103
:10C6700021462BA0FEF7F2FA18B15F2447F003071A
:10C680000FE0412C04DB5A2C02DC48F0020808E0E1
:10C69000612C06DB7A2C04DC48F00108A4F12000B0
:10C6A00084B2DAF818300298411C02911C54A3E7B6
:10C6B00000BFDAF818000078E52803D10520DAF881
:10C6C000181008700198082803D14FEA88604FEAD3
:10C6D000106808F00C000C2803D008F003000328B1
:10C6E00001D147F0020707F0020058B908F0030033
:10C6F000012801D147F0100708F00C00042801D1EF
:10C7000047F00807DAF81800C772002019E70000A0
:10C71000222A3A3C3E3F7C7F00000000D50C0208F4
:10C720002B2C3B3D5B5D000010B50220F6F78FFB24
:10C7300010BD70B504460D4616460CB1206908B907
:10C74000002070BD32462946204623699847F8E705
:10C750002DE9F04704460021204600F049FA07463B
:10C7600017B13846BDE8F0874FF0FF09CA4600BF51
:10C770002169206801F064FE074607B154E065694D
:10C780002E780EB904274FE0E87A00F03F08E52E36
:10C7900005D008F0080028B1B8F10F0F02D04FF013
:10C7A000FF093AE0B8F10F0F1CD1E069A0B306F021
:10C7B000400030B195F80DA026F04006B146E08863
:10C7C00020844E450AD1687B504507D12946E0694F
:10C7D000FEF744FC10B1A9F1010000E0FF2000F0D9
:10C7E000FF091AE0B9F1000F05D1284603F011FF47
:10C7F000504500D118E04FF0FF094FF6FF7020843C
:10C80000A069C07A00F0010030B90B222846A16966
:10C8100001F06CFB00B907E0FFE70021204600F0C3
:10C8200006F80746002FA3D000BF38469AE72DE947
:10C83000F0410446884600BFE088401C86B20EB135
:10C84000206910B90420BDE8F08106F00F0000282F
:10C850006FD12069401C2061E06828B920680089F8
:10C86000B04266DC0420EEE720688078401E00EAD3
:10C87000161000285DD1E168206801F0F5F8054642
:10C88000012D01D80220DEE7681C08B90120DAE793
:10C8900020688069A84246D8B8F1000F01D1042071
:10C8A000D1E7E1682068FFF7C1FD05460DB9072013
:10C8B000C9E7012D01D10220C5E7681C08B9012094
:10C8C000C1E70021206801F0BBFD08B10120BAE7F3
:10C8D000216801F130004FF40072002101F0EAFC00
:10C8E00029462068FEF7ACFB2168C862002710E0EB
:10C8F0000120216808710021206801F0A1FD08B124
:10C900000120A0E72068C06A401C2168C862781C2A
:10C91000C7B220688078B842EADC2068C06AC01BD1
:10C920002168C86200BFE56029462068FEF788FBE1
:10C930002061E6802068303006F00F0100EB4110E6
:10C94000606100207FE72DE9F04704464FF0FF09C2
:10C95000CA4604274CE02169206801F071FD0746B2
:10C9600007B148E0666935780DB9042743E0F07AED
:10C9700000F03F08E52D07D02E2D05D008F0080067
:10C9800028B1B8F10F0F02D04FF0FF0929E0B8F13C
:10C990000F0F1AD105F0400030B196F80DA025F028
:10C9A0004005A946E08820844D450AD1707B50455A
:10C9B00007D13146E06902F0CBFF10B1A9F10100C7
:10C9C00000E0FF2000F0FF090BE0B9F1000F04D1F7
:10C9D000304603F01EFE504502D04FF6FF70208413
:10C9E00009E000212046FFF722FF074607B102E0D9
:10C9F00020690028AFD100BF0FB100202061384668
:10CA0000BDE8F0872DE9F04F85B00446D4F81880D2
:10CA1000D4F81CB00C22414601A801F07AFA00BFFC
:10CA20009DF80F0000F0010030B3002088F80B00E3
:10CA3000E06101270DE03B465A4601A9404600F05F
:10CA40006FFF2046FFF784FE054605B103E0781C22
:10CA500087B2642FEFDB00BF642F03D1072005B03E
:10CA6000BDE8F08F042D01D02846F8E79DF80F00AF
:10CA700088F80B00C4F81CB09DF80F0000F002000D
:10CA800070B1002601E0701C86B23BF81600002849
:10CA9000F9D106F119000D2190FBF1F086B200E00A
:10CAA00001260021204600F0A3F805460DB12846D6
:10CAB000D5E700200746049000BF2169206801F0F7
:10CAC000BFFC054605B119E0606990F80090B9F126
:10CAD000E50F02D0B9F1000F08D10FB9E08804903A
:10CAE000781C80B20746B04201D107E0002701213F
:10CAF0002046FFF79CFE0546002DDED000BF4DBB53
:10CB0000012E27DD2046049900F072F805460DBB82
:10CB1000A06903F07EFD0090701E86B200BF2169FF
:10CB2000206801F08DFC054605B112E0F2B26169A2
:10CB3000E069009B00F052FE01202168087100218D
:10CB40002046FFF774FE05461DB9701E80B2061E12
:10CB5000E5D100BFD5B92169206801F071FC054617
:10CB6000A5B9D4F814A020220021504601F0A2FB60
:10CB70000B225046A16901F0CCF9A069C07A00F0FF
:10CB800018008AF80C00012021680871284666E721
:10CB900070B50446E688208C4FF6FF72904201D1B2
:10CBA000304600E0208C0146204600F021F8054682
:10CBB000E5B900BF2169206801F042FC054605B1D6
:10CBC00010E0E52061690870012021680871E088A3
:10CBD000B04200DB06E000212046FFF728FE0546B4
:10CBE000002DE7D000BF042D00D10225284670BDDE
:10CBF0002DE9F04104460E46E680A568012D03D0DC
:10CC000020688069A84202D80220BDE8F0812DB9D1
:10CC100020680078032801D12068456A65B9E5607D
:10CC200020680089B04201DC0220EEE72068406AFB
:10CC300000EB1610206120E020688078070112E0E8
:10CC40002946206800F010FF0546681C08B901203D
:10CC5000DBE7022D03D320688069A84201D80220B7
:10CC6000D3E7F01B86B2BE42EADAE56029462068C7
:10CC7000FEF7E6F900EB161020612068303006F070
:10CC80000F0100EB411060610020BEE7014600206B
:10CC900070470346002070472DE9FC4180460E4650
:10CCA00014461D460027012D0ED1580261020A4686
:10CCB000002300903046FAF7EDFA12480068012888
:10CCC00012D1F9F775FD0FE04FF4007061020A46CA
:10CCD0000023CDE900053046FAF754FB0948006807
:10CCE000012801D1F9F764FDFAF728FC074617B1CE
:10CCF0000120BDE8FC8100BFF9F7BFFF0128FBD090
:10CD00000020F6E7840D00200146002070472DE941
:10CD1000FC4180460E4614461D460027012D09D1D0
:10CD2000580261020A46002300903046FAF786FC5A
:10CD300007460AE04FF4007061020A460023CDE97D
:10CD400000053046FAF7F0FC0746FAF737FC0746CD
:10CD500000BF00BFF9F791FF0028FBD1BDE8FC81BF
:10CD600000B587B014212C48F3F784FA2B482A49E0
:10CD7000086101210846F8F73DFF01211020F8F76E
:10CD800069FF072209212648F6F78CFD07220A21B0
:10CD90002348F6F787FD4FF4C060059002208DF818
:10CDA00018008DF8190000208DF81A0001208DF868
:10CDB0001B0005A91A48F6F72DFD4FF4E13001904C
:10CDC0000020ADF80800ADF80A00ADF80C00ADF891
:10CDD00010000C20ADF80E0001A91248FBF784FBEF
:10CDE00025208DF8000001208DF8010005208DF828
:10CDF000020001208DF803006846F8F7FDF90122D2
:10CE000040F225510748FBF74AFB01210548FBF793
:10CE100003FB014807B000BD50280020FD060208B2
:10CE2000000002400010014070B50446204600F0AA
:10CE30008FFE064616B94FF0FF3070BD21463046D2
:10CE40002269904705461DB1304602F045F900269B
:10CE50002846F2E770B50446204600F0AFFA0546D2
:10CE60000DB900202060284670BD2DE9F04704462A
:10CE70000E46A188206803F0A1FC8246BAF1000F9B
:10CE800002D05046BDE8F087A07900F0800008B1DC
:10CE90000220F7E7E068B04204D2A07900F0020077
:10CEA00000B9E668D4F808904FF00008C4F808808C
:10CEB000002E77D0206880784702B9F1000F11D09A
:10CEC000701EB0FBF7F1A9F10100B0FBF7F0814251
:10CED00008D3A9F10100791E8843A060A068361A22
:10CEE000656918E02569ADB900212068FFF79EFA51
:10CEF0000546012D05D1A07940F08000A0710220E7
:10CF0000C0E7681C28B9A07940F08000A07101201A
:10CF1000B8E725616561002D44D029E0A07900F0D3
:10CF2000020038B129462068FFF780FA054635B976
:10CF30003E461FE02946206800F096FD0546681C25
:10CF400028B9A07940F08000A07101209AE7012D56
:10CF500003D920688069A84205D8A07940F08000F4
:10CF6000A07102208EE76561A0683844A060F61BBE
:10CF7000BE42D3D800BFA0683044A060C6F308000A
:10CF800068B129462068FEF75BF88046B8F1000FCB
:10CF900006D1A07940F08000A071022072E701E084
:10CFA00008EB56282089C0F3080050B3A06940451B
:10CFB00027D0A07900F0400090B121684878012383
:10CFC00004F12401A269FFF7A2FE28B1A07940F084
:10CFD0008000A071012055E7A07920F04000A071E9
:10CFE000216848780123424604F12401FFF754FEEA
:10CFF00028B1A07940F08000A071012042E7C4F878
:10D000001880D4E90201884205D9A068E060A079BF
:10D0100040F02000A071504634E700002DE9F147B0
:10D020008DB000F093FD0746012204A90DA8FDF77D
:10D030001FFE0646002E6ED101A80A9058480B909C
:10D0400004A80D9900F00AFC064606B9082600BFA0
:10D05000042EF0D100210498FFF7E8F905460026D8
:10D0600005B90726012D00D10226681C00B901264A
:10D0700026B90021049801F0E3F90646002E68D194
:10D0800029460498FDF7DCFF8246049800F130043D
:10D090004FF400720021204601F00CF90B222021F0
:10D0A000204601F007F92E2020701020E072A775AD
:10D0B000390AE175390C2176390E6176A576290A8F
:10D0C000E176280C2075290E61752022214604F195
:10D0D000200000F01EFF2E2084F82100DDF81880CB
:10D0E00004980078032804D10498406A404500D190
:10D0F000B04684F83A804FEA182184F83B10C8F310
:10D100000741342001554FEA186184F8351004981E
:10D1100090F8029019E03FE00498C0F82CA00AF1C2
:10D12000010A0120049908710021049801F088F98E
:10D13000064606B10CE04FF400720021204601F0D3
:10D14000B9F8A9F1010000F0FF09B9F1000FE3D12E
:10D1500000BF1EB904A8FFF755FC064626B12946B4
:10D16000049802F0D5FE17E0099C1020E072A77524
:10D17000390AE175390C2176390E6176A576290ACE
:10D18000E176280C2075290E61750120049908713B
:10D19000049803F04EFA064630460EB0BDE8F0871C
:10D1A00000C000200246012A01DB0B20704707481F
:10D1B00050F822300BB10020187009B1002008701F
:10D1C000024840F822100020F0E70000200E002066
:10D1D0002DE9F7438CB0054616460020286006F07E
:10D1E0001F0626F0010203A90DA8FDF741FD074621
:10D1F000CDF824D052480A9027B903A80D9900F021
:10D200002DFB0746089C0FB904B9062706F01C0041
:10D21000002858D04FB1042F03D103A8FFF7F2FB29
:10D22000074646F00806089C09E0E07A00F0110085
:10D2300008B1072703E006F0040000B10827002F1B
:10D2400040D106F0080000283CD000F07FFC80466A
:10D2500084F80E804FEA1821E1734FEA18412174D7
:10D260004FEA186161740020E07220770021617735
:10D27000A177E177A17EE07E41EA0021227D607DF9
:10D2800042EA002041EA00490020A0760021E17630
:10D2900020756175012003990871B9F1000F11D053
:10D2A0000398D0F82C804946039802F031FE0746D7
:10D2B00047B9A9F101000399C8604146039801F0FC
:10D2C000BFF807460EE06FB9E07A00F0100008B131
:10D2D000042707E006F0020020B1E07A00F0010028
:10D2E00000B1072747B906F0080008B146F020064C
:10D2F0000398C06AE8612C62F7B9AE71A17EE07E46
:10D3000041EA0021227D607D42EA002041EA00409E
:10D310002861E07F0106A07F41EA0041607F41EA89
:10D320000020217F0843E8600020A860A8610398DE
:10D3300028600398C088A88038460FB0BDE8F08305
:10D3400000C0002033B583B004460022214604A863
:10D35000FDF78EFC05465DBBC4F818D01648E061A9
:10D360002046049900F07AFA0546F5B9606998B14B
:10D370006069C07A00F0100068B16069817EC07E8B
:10D3800041EA00216069027D407D42EA002041EAD5
:10D390000040A06000E005253DB92068C088A0805D
:10D3A00000212046FFF724FC0546042D00D1052569
:10D3B000284605B030BD000000C000202DE9F04136
:10D3C0000446A188206803F0F9F90746002F4FD1E1
:10D3D000A07900F0200000284AD0A07900F0400099
:10D3E00078B121684878012304F12401A269FFF78C
:10D3F0008EFC10B10120BDE8F081A07920F0400042
:10D40000A071E169206801F01BF80746002F2FD1B9
:10D41000256AE87A40F02000E872207B2877A0890E
:10D42000010A6977E068010CA977E068010EE977E5
:10D43000207CA876208A010AE9762069000C2875EC
:10D440002069010E697500F081FB0646AE75310A50
:10D45000E975310C2976310E6976A07920F020002B
:10D46000A071012021680871206803F0E2F80746E6
:10D470003846C0E771B595B001220CA915A8FDF793
:10D48000F7FB0446002C4DD1CDF848D02748139027
:10D490000CA8159900F0E2F9044600BF002C41D118
:10D4A000119D0DB9062404E0E87A00F0010000B1F6
:10D4B0000724A97EE87E41EA00212A7D687D42EAB0
:10D4C000002041EA0046E4B9E87A00F01000C0B15B
:10D4D000022E01D2022414E024220CA903A800F099
:10D4E00018FD0596022103A8FFF782FB044644B904
:10D4F00003A8FFF728FA044604B90724042C00D136
:10D5000000247CB90CA8FFF743FB044654B926B1AC
:10D5100031460C9802F0FCFC04461CB90C9803F050
:10D5200088F80446204616B070BD000000C00020F8
:10D530002DE9FF4F83B0044615469B4604980190A1
:10D540000020CBF80000A188206803F037F9029092
:10D55000029818B1029807B0BDE8F08FA07900F0EA
:10D56000800008B10220F6E7A07900F0020008B9B7
:10D570000720F0E7E0682844E168884200D20025EF
:10D58000CDE02089C0F30800002877D1206880789A
:10D59000401EA16800EA512000F0FF0ABAF1000F16
:10D5A0002AD1A06858B9D4F81080B8F1000F0BD177
:10D5B00000212068FEF73AFF8046206104E061699F
:10D5C0002068FEF733FF8046B8F1000F00D1A9E0D4
:10D5D000B8F1010F05D1A07940F08000A0710220C0
:10D5E000B9E708F1010028B9A07940F08000A071E6
:10D5F0000120B0E7C4F81480A07900F0400090B199
:10D6000021684878012304F12401A269FFF77FFB18
:10D6100028B1A07940F08000A07101209BE7A0799B
:10D6200020F04000A07161692068FDF709FD064601
:10D630002EB9A07940F08000A07102208BE75644FB
:10D640004FEA5529B9F1000F2FD00AEB09002168E4
:10D650008978884203D920688078A0EB0A0909F00C
:10D66000FF032168487832460199FFF750FB30B13B
:10D67000A07940F08000A07101206CE72CE0A06947
:10D68000801B48450ED2A069801B019A02EB402105
:10D690004FF4007204F1240000F03BFCA07920F06C
:10D6A0004000A0714FEA49272DE0A069B04212D096
:10D6B000D4E9020188420ED221684878012332461B
:10D6C00004F12401FFF7E8FA28B1A07940F08000C6
:10D6D000A07101203FE7A6612089C0F30800C0F5D2
:10D6E0000077AF4200D92F462189C1F3080204F127
:10D6F000240150183A46019900F00BFCA07940F043
:10D700004000A07100BF019838440190A0683844DF
:10D71000A060DBF800003844CBF80000ED1B002DC2
:10D720007FF42FAF00BFD4E90201884201D9A0687D
:10D73000E060A07940F02000A07100200BE782B0EB
:10D74000CDE9000121F0004001909DED000B02B0F9
:10D7500051EC100B7047000010B50246802A01DA28
:10D7600010461BE051B1FF2A01DD002304E0A2F1C5
:10D7700080030B4C34F8133018460FE0002007E00C
:10D78000074B33F81030934200D103E0431C98B2AA
:10D790008028F5DB00BF00F18003D8B210BD000087
:10D7A000BC0D02080246002100E0491C094830F87F
:10D7B000110020B1074830F811009042F5D105481A
:10D7C00030F8110018B1044830F8110070471046C5
:10D7D000FCE70000BC0E02089C100208F0B50446ED
:10D7E0001D464D730F27CF7200270F738F76BC46EF
:10D7F00081F81BC0571E07EB870C0CEBC7060027F0
:10D8000038463B4600BF4FF6FF77B84203D0374655
:10D81000761C34F81700DFF840C01CF803C001F88C
:10D820000C000712DFF830C01CF803C08C448CF8E1
:10D83000017008B94FF6FF705F1C3B460D2FE2D315
:10D840004FF6FF77B84202D034F816700FB942F0A5
:10D8500040020A70F0BD0000C80C02082DE9F34137
:10D860000446019800782F2803D0019800785C289E
:10D8700002D10198401C01900020A060019800781E
:10D88000202807D200212046FFF7B2F906460020E3
:10D8900060612FE000BF01A92046FEF72DFE06467D
:10D8A00006B126E02046FEF753FF0646A069C77A78
:10D8B00046B1042E00D01CE000BF07F0040000B900
:10D8C000052616E007F0040000B112E06569E87A69
:10D8D00000F0100008B905260BE0A97EE87E41EAB9
:10D8E00000212A7D687D42EA002041EA0040A060D4
:10D8F000D1E700BF3046BDE8FC81000070B50446AA
:10D900000D46E1B20548FAF75EFE00BF0348008805
:10D9100000F080000028F9D0204670BD00100140C2
:10D920002DE9FC4780468A4617461C460B22514685
:10D93000404600F0EEFA052C0ADD00BF601000EB57
:10D94000C43137F8022B881884B238880028F5D102
:10D95000072500BF2046E11704EB11710911A4EB64
:10D960000111303101F0FF09B9F1390F03DD09F17F
:10D97000070000F0FF0928466D1E0DF800902046B4
:10D98000E11704EB1171C1F30F14002CE2D17E20DA
:10D990000DF80500002600E0761CAE4203D218F810
:10D9A00006002028F8D100BF082D04D228466D1C9F
:10D9B0001DF8000000E020203146761C08F8010028
:10D9C000082EF1D3BDE8FC87FEB504460D460C4891
:10D9D000406A18B10B480078012802D14FF0FF309F
:10D9E000FEBD094903C9CDE9010102944FF4FA6073
:10D9F0002B46022201A90090014801F033FEEFE717
:10DA00004C9E0020487C0020040A0208FEB5054612
:10DA10000C464FF0FF361148406A18B110480078A4
:10DA2000012802D14FF0FF30FEBD0E4903C9CDE9F8
:10DA30000101029540F6B8302346022201A9009068
:10DA4000064801F00FFE0646002E02DA4FF0FF30C6
:10DA5000EAE70020A05500BFE6E700004C9E00204A
:10DA6000487C0020A80802082DE9F04105460C4634
:10DA7000022C02D3A869A04202D80120BDE8F0819F
:10DA80002878012804D002282CD003285AD13DE060
:10DA9000274607EB5707286A00EB5721284600F076
:10DAA000CFFC00B14EE0C7F3080105F1300010F8DB
:10DAB00001807F1C286A00EB5721284600F0C0FC3B
:10DAC00000B13FE0C7F3080105F13000405C48EACF
:10DAD000002804F0010010B14FEA1810CEE7C8F397
:10DAE0000B00CBE7286A00EB1421284600F0A8FCC5
:10DAF00000B127E040F2FF1000EA440105F13000D8
:10DB00000E183078717840EA0120B7E7286A00EBF8
:10DB1000D411284600F094FC00B113E040F2FF104D
:10DB200000EA840105F130000E18F0780006B178A3
:10DB300040EA0140717840EA01203178084320F042
:10DB400070409BE700BF4FF0FF3097E70020704721
:10DB50002DE9F04387B081460026002501A8F5F79E
:10DB60009BFB01A807C804AB07C3049887B2DDF884
:10DB7000148003223946104601F0B0F8054665B11D
:10DB80002C4608E0628908EB06016068F2F759FB51
:10DB9000608906442468002CF4D14FF000400699B7
:10DBA00008600748406900F0800020B180200449E7
:10DBB000486100208860284607B0BDE8F083000077
:10DBC0000090024010B50248FFF72EF910BD00008A
:10DBD000187C0020A0B0402110A8F2F74BFB402198
:10DBE0006846F2F747FBF8F77BF9FAF78BF9F6F797
:10DBF000E5FB9FED7E0AF6F7CBFB4FF400617C4816
:10DC0000F5F7B3FEFFF7ACF802E07AA0F7F740FAB9
:10DC1000FFF7A6F8054601F059FC0028F5D17BA0D6
:10DC2000F7F736FAFAF7A0FE7E487F4908617FA130
:10DC30000020F7F774FA7EA10120F7F770FA7DA1B2
:10DC40000220F7F76CFA7DA10320F7F768FA7DA1AF
:10DC50000420F7F764FA7CA10520F7F760FA7AA1AF
:10DC60000620F7F75CFA79490120F4F74BFE78A11A
:10DC70000120F7F70BFD15207B4908704FF4AA70BF
:10DC80007A4908607A490860B3EE0E0A794880ED57
:10DC9000000A122078490860784908600420784911
:10DCA0000860202077490860774908600A20774992
:10DCB0000860002076490870764908707649087037
:10DCC0000120764908704FF4487075490880F5F7CF
:10DCD0004FFE00207349087073A0F7F7D9F90E20A2
:10DCE000754908604FF47A7074490860486088602C
:10DCF000C860086148618861C861086248628862DA
:10DD0000C862086348636EA0F7F7C2F90120F7F70D
:10DD1000FBF9C820F5F78FF80020F7F7F5F96C4903
:10DD20006C48FAF7DDF86A4A6B490120F8F71AFAED
:10DD30005BE0FAF74FFCF7F78BF80446092C21D289
:10DD4000DFE804F020050E201A2011201D00634892
:10DD5000006810B9F7F782FC01E0F7F767FC11E003
:10DD6000F6F7B0FF0EE04F480078012802D05B487C
:10DD7000006800B906E005E0F6F7E2FF02E0F7F719
:10DD80001DF800BF00BF4748007801282DD1544836
:10DD90000068012829D151480068012825D10020B8
:10DDA0004F4908604F480068401C4E49086043498D
:10DDB0004D4A127851F82210884216D30020494962
:10DDC00008603D480068401E47490978884205D9E7
:10DDD00045480078401C4449087002E00020424950
:10DDE000087041480078FAF701F9A2E76666E63F55
:10DDF00000100240706375695F696E697420555345
:10DE000041525431204E470D0A000000706375697D
:10DE10005F696E697420555341525431204F4B0D48
:10DE20000A000000FD0602083414002050574D007F
:10DE300054450000564444490000000056424154F5
:10DE4000000000004D545000202000002000002061
:10DE5000545747442D443135333541302D47414DDA
:10DE60004D412D5630310000DC0D0020B80D002052
:10DE7000BC0D0020B40D0020C00D0020C40D0020FA
:10DE8000C80D0020CC0D0020D00D0020D40D0020A6
:10DE9000D80D0020D90D0020DA0D0020DB0D002068
:10DEA000A80000201C0000204C6F616420696D6197
:10DEB00067652E2E0A0D00000C000020800E002049
:10DEC0004C6F616420696D616765204F4B0A0D00DE
:10DED00081780108E1780108C57A01080400002072
:10DEE000600D00201000002008000020F0B503465F
:10DEF0001C460D46002000BF161EA2F1010207D0ED
:10DF000014F8017B15F801CBA7EB0C06301EF3D0FB
:10DF1000F0BD70B503460C4603E014F8015B03F84E
:10DF2000015B151EA2F10102F7D170BD70B5044668
:10DF300004B970BD00BF04F0030040B100BF20A3CE
:10DF400040F2411222A12BA0FBF730F800BF00BF26
:10DF500000BF33480068844203D3324800688442DB
:10DF600008D300BF16A340F243122FA121A0FBF754
:10DF70001DF800BF00BF2A480068844203D3294827
:10DF80000068844200D3D4E7A4F1080500BF2879D3
:10DF900040B900BF0AA34FF4AA7229A115A0FBF74C
:10DFA00005F800BF00BF002028712A48006885429C
:10DFB00001D228480560284601F004FD00BFB8E7FB
:10DFC0004C5749505C7372635C6D656D2E63000045
:10DFD0006D656D5F667265653A2073616E6974790F
:10DFE00020636865636B20616C69676E6D656E7434
:10DFF00000000000417373657274696F6E20222502
:10E000007322206661696C6564206174206C696E9E
:10E010006520256420696E2025730D0A000000002C
:10E020004C0E0020500E00206D656D5F66726565B8
:10E030003A206C6567616C206D656D6F72790000C8
:10E040006D656D5F667265653A206D656D2D3E7517
:10E0500073656400540E00202DE9F047054615B99C
:10E060000020BDE8F087E81C20F0030085B20C2DED
:10E0700000DA0C2542F21070854201DD0020F0E745
:10E080005248008852490988401A86B296E05048A2
:10E09000006884192079002875D1218806F10800CC
:10E0A000081AA8426FD3218806F10800091A05F161
:10E0B000140081421DD306F1080028441FFA80F89D
:10E0C0004348006800EB080700203871208838803A
:10E0D0007E80A4F8008001202071388842F21071FF
:10E0E000884208D038883A4909680844A0F8028074
:10E0F00001E00120207135480068844228D133486E
:10E10000D0F8009005E0B9F800003149096800EB4B
:10E11000010999F8040018B12E4800688145F2D130
:10E120002A48C0F8009000BF00682A490968884260
:10E130000CD026480068007940B100BF26A340F209
:10E14000632229A12FA0FAF731FF00BF00BF00BF53
:10E1500000BF04F1080028441E490968884208D914
:10E1600000BF1DA340F2672231A126A0FAF71EFFCF
:10E1700000BF00BF00BF04F0030050B100BF16A3F2
:10E1800040F2692200E016E035A11EA0FAF70EFF6A
:10E1900000BF00BF00BF04F0030040B100BF0EA3EA
:10E1A00040F26B223AA117A0FAF700FF00BF00BFB0
:10E1B00004F1080055E706480068865B42F21070DB
:10E1C000401BB0423FF763AF00204AE7540E0020E7
:10E1D0004C0E0020500E00204C5749505C73726367
:10E1E0005C6D656D2E6300006D656D5F6D616C6CBF
:10E1F0006F633A20216C667265652D3E75736564A8
:10E2000000000000417373657274696F6E202225EF
:10E210007322206661696C6564206174206C696E8C
:10E220006520256420696E2025730D0A000000001A
:10E230006D656D5F6D616C6C6F633A20616C6C6FC6
:10E240006361746564206D656D6F7279206E6F74A3
:10E250002061626F76652072616D5F656E642E006D
:10E260006D656D5F6D616C6C6F633A20616C6C6F96
:10E270006361746564206D656D6F72792070726F73
:10E280007065726C7920616C69676E65642E000040
:10E290006D656D5F6D616C6C6F633A2073616E6963
:10E2A000747920636865636B20616C69676E6D6566
:10E2B0006E74000030B5034601E003F8011B141E24
:10E2C000A2F10102F9D130BD70B505460C4604B982
:10E2D00070BD00BF04F0030040B100BF09A34FF4BC
:10E2E000E5720CA113A0FAF761FE00BF00BF26463D
:10E2F0001B4850F825003060194840F8256000BFE1
:10E30000E6E700004C5749505C7372635C6D656DC5
:10E31000702E63006D656D705F667265653A206D85
:10E32000656D2070726F7065726C7920616C6967C1
:10E330006E656400417373657274696F6E20222587
:10E340007322206661696C6564206174206C696E5B
:10E350006520256420696E2025730D0A00000000E9
:10E36000CCC2002070B5054600BF0A2D0ADB00BFF5
:10E3700012A340F29D1215A11CA0FAF717FE00BFD0
:10E38000002070BD00BF244850F82540002C12D05A
:10E390002149206841F8250000BF04F0030040B186
:10E3A00000BF06A34FF4D7721CA110A0FAF7FEFD20
:10E3B00000BF00BF00BF2046E3E700004C574950B4
:10E3C0005C7372635C6D656D702E63006D656D705E
:10E3D0005F6D616C6C6F633A2074797065203C20CE
:10E3E0004D454D505F4D415800000000417373652D
:10E3F0007274696F6E2022257322206661696C65D4
:10E4000064206174206C696E6520256420696E202B
:10E4100025730D0A00000000CCC200206D656D70F0
:10E420005F6D616C6C6F633A206D656D702070720A
:10E430006F7065726C7920616C69676E656400004D
:10E440002DE9F04104460D46E66AAE422FD0207910
:10E4500008B360780123324604F13001FEF757FC1F
:10E4600010B10120BDE8F08100202071D4E907102F
:10E470000844B0420FD9E7780AE0E06906446078C2
:10E480000123324604F13001FEF741FC781EC7B289
:10E49000012FF2DC00BF55B1607801232A4604F158
:10E4A0003001FEF7F9FB08B10120DBE7E56200204F
:10E4B000D8E700002DE9FF4F8DB006461746984675
:10E4C000DDF868B00C96B1460B96202103A8F1F751
:10E4D000D1FE00200290019000258246002438469B
:10E4E000F1F7FBFE022803D9601E11B0BDE8F08FE2
:10E4F000B8F1000F02DC4FF0FF30F6E7BBF1000F80
:10E5000002DC4FF0FF30F0E730783978884202D1F2
:10E510004FF0FF30E9E739785A464846F1F7F2FE06
:10E5200010B96FF00100E0E71BE00C980078397833
:10E53000884212D12A46314603A8F1F782FEB8F18B
:10E54000010F09D12A4603A90E98F1F77AFE00219E
:10E550000E9841552846C8E704E00C98401C0C90E2
:10E560006D1CE2E700BF002541A103A800F08CFE6E
:10E57000002842DBB8F1060F01DB4FF0060800204F
:10E5800002901AE0544644B9ABEB0402397809EB27
:10E590000400F1F7B7FE0B9009E0ABEB04035A1E41
:10E5A000397809EB0403581CF1F7ACFE0B900B987B
:10E5B000A0EB060A0298401C029002984045E1DB5D
:10E5C000B8F1030F0CDCAAEB0400421E09EB0400B7
:10E5D000411C0E98F1F735FEAAEB0400401E84E7BB
:10E5E000ABEB0400421E09EB0400411C0E98F1F74E
:10E5F00028FEABEB0400401E77E737E099F80000F7
:10E60000397888420ED10198401C0190B8F1010F71
:10E6100006D12A4631460E98F1F713FE284664E7E4
:10E620005446AA460198404509D1281B421E30197C
:10E63000411C0E98F1F705FE281B401E55E75D456D
:10E6400011DB019810B96FF001004EE7A5EB0A004D
:10E65000421E06EB0A00411C0E98F1F7F2FDA5EBF5
:10E660000A00401E41E709F101096D1CC6E70000E0
:10E67000777269746546696C650000002DE9F047A2
:10E6800004460F461546D4E90101401AE16800EB43
:10E6900001094D4501D2284600E048460546D4E927
:10E6A0000110491E08406168A1EB0008454501D2F0
:10E6B000284600E040460646D4E90121521E11409A
:10E6C0002268881832463946F1F7BBFDAA1BB919F2
:10E6D0002068F1F7B6FDA0682844A0602846BDE890
:10E6E000F08700002DE9F14FD2B0529C4FF48071B9
:10E6F00012A8F1F7BFFDDBE04FF0000909E0B9F126
:10E70000FF0F05D22278484609F1010912A90A54DF
:10E71000641C207810B120780A28F0D1002012A9BA
:10E7200001F8090012A801F0D8FB12A8F1F7D5FDF5
:10E7300030B163A112A8F1F7A8FD12A9884204D153
:10E7400020780A2800D1641CB2E0282112A8F1F731
:10E75000BAFD0646292112A8F1F7B5FD0546002E9F
:10E7600057D0002D55D0AE4253D2761C00202870D1
:10E77000402102A8F1F77EFD002752A13046F1F7B3
:10E78000E9FD01900AE039467F1C02AA019842F88F
:10E7900021004CA10020F1F7DDFD0190019808B1A6
:10E7A000102FF0DB29202870002F31DD029800F0B7
:10E7B000B5F800F0FF0ABAF1FF0F04D142A00299A8
:10E7C000F6F766FC74E04FF001081EE002A951F86C
:10E7D000280000F0A3F800F0FF0BBBF1FF0F06D1FB
:10E7E00002A850F8281042A0F6F752FC0BE04FF0B8
:10E7F000FF3259465046F9F719F95A46514643A097
:10E80000F6F746FC00BF08F10108B845DEDB00BFA3
:10E8100049E0402102A8F1F72DFD002729A112A807
:10E82000F1F798FD824609E038467F1C02A941F8BD
:10E8300020A024A10020F1F78DFD8246BAF1000F3F
:10E8400001D0102FF0DB002F2CDD029800F066F8CD
:10E8500000F0FF0BBBF1FF0F04D11BA00299F6F7EC
:10E8600017FC25E04FF0010819E002A951F8280033
:10E8700000F054F8C0B201900198FF2806D102A818
:10E8800050F828101AA0F6F703FC06E04FF0FF320C
:10E8900058460199F9F7CAF800BF08F10108B845D0
:10E8A000E3DB00BF00BF20780A2800D1641C00BF52
:10E8B000207800287FF420AF53B0BDE8F08F00002F
:10E8C0002F2F00002C0000004572726F723A204911
:10E8D0006E76616C69642072656769737465722015
:10E8E00061646472657373202D3E2025730A0000F5
:10E8F0004572726F723A20496E76616C6964206469
:10E90000617461202D3E2025730A00003078253087
:10E9100032782C3078253032780D0A0010B586B068
:10E920000446002002900390049005900F22214697
:10E9300002A8F1F7BCFC02A801F0CFFA01AA0AA1D3
:10E9400002A8F1F74DFD012806D001AA09A102A8ED
:10E95000F1F746FD012803D19DF8040006B010BD73
:10E960004FF0FF30FAE70000307825303268685801
:10E97000000000002530326868580000F0B5C1B0D2
:10E980004FF0FF34002500264FF48851B448F1F7CA
:10E9900071FCB4480069B34900908969881D01235E
:10E9A000B1A2AF49FFF786FD00287CDB802121A8BA
:10E9B000F1F760FC802101A8F1F75CFCABA1A8484D
:10E9C00000F062FC00286FDB4FF48851A448F1F797
:10E9D00051FCA4480069A34900908969881D02235D
:10E9E000A1A29F49FFF766FD044622469C4921A843
:10E9F000F1F792FC4FF488519948F1F73BFC9948A4
:10EA00000069984900908969881D032396A294495A
:10EA1000FFF750FD9248F1F715FE05464FF4885177
:10EA20008F48F1F727FC8F4800698E49009089696B
:10EA3000881D04238CA28A49FFF73CFD8848F1F722
:10EA400001FE06464FF480518B48F1F713FC8548D0
:10EA50000069844900908969881D052382A286493E
:10EA6000FFF728FD2B463246834921A800F0BCFE63
:10EA70000446012C2DD10020804908708048006890
:10EA8000401C7F490860084600687E490968884242
:10EA90004ADD00F027FC802101A8F1F7EBFB21AA59
:10EAA00079A101A801E0D4E03EE0FAF78FFA01A8CD
:10EAB000009001236A4622216A4800F019FE0020D6
:10EAC00076490870401E6F49086001206C49086053
:10EAD0002AE06A480078401C6849087008460078B7
:10EAE000032821DB00F0FEFB21A800F009FC8021B7
:10EAF00001A8F1F7BFFB21AA69A101A8FAF766FAFC
:10EB000001A8009001236A462221564800F0F0FD3A
:10EB100000205A49087061490870401E5949086030
:10EB200001205749086000BF63A14D4800F0ACFBCD
:10EB300000283CDB4FF488514948F1F79BFB8021CA
:10EB40006148F1F797FB4748006946490090896999
:10EB5000881D022344A24249FFF7ACFC044622462A
:10EB60003F495948F1F7D8FB4FF488513C48F1F739
:10EB700081FB3C4800693B4900908969881D03235B
:10EB800039A23749FFF796FC3548F1F75BFD3D495F
:10EB900008604D4800F0B4FB4B4800F0C1FC18B1D0
:10EBA00001203E49087002E000203C49087047A15E
:10EBB0002B4800F069FB00284ADB4FF488512848B5
:10EBC000F1F758FB27480069264900908969881D9C
:10EBD000032325A22249FFF76DFC04462246204963
:10EBE00021A8F1F799FB4FF488511D48F1F742FB3A
:10EBF0001C4800691B4900908969881D02231AA2DC
:10EC00001749FFF757FC044600232246144921A860
:10EC100000F0EAFD0446012C0FD12F480068009057
:10EC200001236A4622210F4800F062FD4FF4FA707A
:10EC3000F4F701F9F6F77AFB0AE02748001D0068AF
:10EC4000009001236A462221064800F051FD00BFD2
:10EC500000BF4FF488510248F1F70CFB41B0F0BD02
:10EC6000498D00204C9E00202400000077726974BA
:10EC70006546696C6500000000B00020140E00209D
:10EC80001C0E0020180E0020777269746546696CAE
:10EC9000655374617465242573243100160E0020B9
:10ECA000777269746546696C65537461746524256F
:10ECB00073242D31300000007374617274577269CF
:10ECC000746546696C650000809E00205570646123
:10ECD000746546696C650000B80C02082DE9F05FA8
:10ECE00083460F469146BBF1000F09D0BBF1010FDF
:10ECF00008D0BBF1020F07D0BBF1030F08D105E02C
:10ED0000362612E0222610E00E260EE000260CE049
:10ED100000BF00BF91A3E82294A19BA0FAF746F997
:10ED200000BF00BF0020BDE8F09F00BFB9F1000F99
:10ED30007ED0B9F1010F7CD0B9F1020F7AD0B9F1D0
:10ED4000030F78D10920FFF70DFB04460CB9002012
:10ED5000E9E784F80C900020206006F110002044C0
:10ED6000C01C20F00300606000BF207900F00300A9
:10ED700038B100BF79A3FA228EA183A0FAF716F961
:10ED800000BF00BF2781F01C20F00300C0F5007019
:10ED9000B84201DD384604E0F01C20F00300C0F565
:10EDA0000070608100BF61896068014404F50470EF
:10EDB000814208D900BF69A34FF4807289A172A073
:10EDC000FAF7F4F800BF00BF00BFF01C20F003000A
:10EDD000C0F50070002808DC00BF60A340F20312F9
:10EDE0008DA169A0FAF7E2F800BF00BF0120E08121
:10EDF000A2466089A7EB00085BE00920FFF7B2FAA2
:10EE0000054625B9204600F067F900208BE785F814
:10EE10000C90002068732860CAF8005000BF4FF6BD
:10EE2000FF7080450DDB00BF4CA34FF48F7203E0F1
:10EE300043E06EE06EE07CE084A153A0FAF7B6F800
:10EE400000BF00BFA5F808801FFA88F0B0F5007F6A
:10EE500002DA1FFA88F001E04FF40070688105F1D2
:10EE60001000686000BF287900F0030040B100BFC7
:10EE70003AA340F223127AA143A0FAF797F800BF11
:10EE800000BF00BF61896068014404F504708142DD
:10EE900008D900BF31A340F2251252A13AA0FAF7D7
:10EEA00085F800BF00BF0120E8816889A8EB000851
:10EEB000AA46B8F1000FA0DC48E006F1130121F0EA
:10EEC0000302F91C21F00301114488B2FFF7C4F8D2
:10EED00004460CB9002026E704F110003044C01CA1
:10EEE00020F003006060278167810020206084F8A3
:10EEF0000C9000BF207900F0030040B100BF17A3C1
:10EF00004FF49F7262A120A0FAF750F800BF00BF33
:10EF10001CE000BF0820FFF725FA04460CB90020CA
:10EF200001E70020606027816781206084F80C90F1
:10EF30000CE000BF00BF09A34FF4AA725FA112A0AA
:10EF4000FAF734F800BF00BF0020ECE600BF012054
:10EF5000E081002060732046E5E600004C574950F0
:10EF60005C7372635C706275662E630070627566B6
:10EF70005F616C6C6F633A206261642070627566D9
:10EF8000206C617965720000417373657274696FFA
:10EF90006E2022257322206661696C65642061748D
:10EFA000206C696E6520256420696E2025730D0A2A
:10EFB00000000000706275665F616C6C6F633A20E0
:10EFC0007062756620702D3E7061796C6F6164208F
:10EFD00070726F7065726C7920616C69676E6564C0
:10EFE00000000000636865636B20702D3E706179DE
:10EFF0006C6F6164202B20702D3E6C656E20646FF9
:10F000006573206E6F74206F766572666C6F772003
:10F010007062756600000000504255465F504F4FC9
:10F020004C5F42554653495A45206D7573742062B2
:10F030006520626967676572207468616E204D455E
:10F040004D5F414C49474E4D454E540072656D5FD2
:10F050006C656E203C206D61785F7531365F7400A1
:10F06000706275665F616C6C6F633A207062756682
:10F0700020712D3E7061796C6F61642070726F70C9
:10F0800065726C7920616C69676E656400000000D0
:10F09000706275665F616C6C6F633A207062756652
:10F0A0002D3E7061796C6F61642070726F70657253
:10F0B0006C7920616C69676E6564000070627566CA
:10F0C0005F616C6C6F633A206572726F6E656F750D
:10F0D00073207479706500002DE9F047044674B917
:10F0E00000BF44B900BF39A340F271223BA13EA04A
:10F0F000F9F75CFF00BF00BF0020BDE8F08700BF4C
:10F10000207B88B1207B01280ED0207B02280BD0E9
:10F11000207B032808D000BF2CA340F27B223DA116
:10F1200031A0F9F743FF00BF00BF002649E000BF50
:10F13000E089002808DC00BF24A340F28A223BA11A
:10F1400029A0F9F733FF00BF00BFE089401E1FFA76
:10F1500080F8A4F80E80B8F1000F30D12768257B25
:10F16000607B00F0020098B1A14600BFD9F8100002
:10F1700040B900BF15A34FF4267232A11AA0F9F7C7
:10F1800015FF00BF00BF2046D9F81010884712E0D5
:10F19000032D04D121460920FFF796F80BE0012D3D
:10F1A00001D0022D04D121460820FFF78DF802E09E
:10F1B0002046FEF7BBFE701CC6B23C4600E00024B1
:10F1C00000BF002CB3D1304697E700004C574950A0
:10F1D0005C7372635C706275662E63007020213D03
:10F1E000204E554C4C000000417373657274696F7A
:10F1F0006E2022257322206661696C65642061742B
:10F20000206C696E6520256420696E2025730D0AC7
:10F2100000000000706275665F667265653A207373
:10F22000616E65207479706500000000706275661B
:10F230005F667265653A20702D3E726566203E20DD
:10F240003000000070632D3E637573746F6D5F66F0
:10F250007265655F66756E6374696F6E20213D200F
:10F260004E554C4C0000000010B500F0A1F818B944
:10F2700000200449087010BD012002490870801E5A
:10F28000F9E70000487C00200FB4F8B507460025D8
:10F29000079E08E03078252801D16D1C02E0307807
:10F2A00000B901E0761CF5E700BF8DB108A8009019
:10F2B0003846009A0799F1F77BF804460020009041
:10F2C000A54202D1F8BC5DF814FB4FF0FF30F9E71E
:10F2D00038460799F1F708F808B90120F2E74FF02E
:10F2E000FF30EFE710B50548FDF7B4FD044614B153
:10F2F0004FF0FF3010BD2046FCE70000F4C20020B4
:10F3000010B5ADF5007D04464FF4807140A8F0F7CC
:10F31000B1FF4FF480716846F0F7ACFF40AA14A12A
:10F320002046F1F75DF800281DDC6A4613A120464F
:10F33000F1F756F8002811DC6A4616A12046F1F7CD
:10F340004FF8002804DC4FF0FF300DF5007D10BDB4
:10F350006A4613A140A8F9F739FE04E06A4611A1F4
:10F3600040A8F9F733FE40A8FEF784F8EDE7000067
:10F370002F73646361726425730000002F656D6DE7
:10F38000632F7570646174655F656D6D632F2573A0
:10F39000000000002F656D6D632F257300000000D5
:10F3A0002F2573002F7570646174652F257300001D
:10F3B00038B50024144800680090002013490872F2
:10F3C00001236A462221114800F092F91AE00F4801
:10F3D000007A03280DD10D4880694078322803D186
:10F3E00000200A49087238BD002008490872401EF2
:10F3F000F9E7641C642C02DD4FF0FF30F3E70A20CC
:10F40000F3F719FDE3E70000800C02084C9E002092
:10F4100070B504462B48406A18B12B480078012883
:10F4200002D14FF0FF3070BD002500202549087241
:10F4300000231A462321234800F05AF9214AD168B3
:10F440009069F0F717FF3BE01E48007A032826D1A9
:10F450001C488069407833280ED134B119480269BC
:10F460008069811D2046F0F7ECFE002015490969EE
:10F470006054FFF783FA09E0124AD1689069F0F707
:10F48000F9FE00200F490872801ECCE70D4AD168B2
:10F490009069F0F7EFFE00200A490872C3E76D1C7F
:10F4A000B5F5FA6F09DD074AD1689069F0F7E2FE19
:10F4B000002004490872401EB5E70120F3F7BBFCA9
:10F4C000C2E700004C9E0020487C0020FEB50446A8
:10F4D00000250CB9681EFEBD0E480121EE22BB239B
:10F4E000CDE9002102904FF488520B490B4800F0FF
:10F4F00091FF2146094800F083FF002505E0FFF752
:10F50000B3FE08B90020E6E76D1C032DF7DB4FF0D2
:10F51000FF30E0E741510108497C00204C9E00206B
:10F520002DE9F041ADF5007D04462F212046F0F78E
:10F5300033FF07463FB3A7EB04084246214640A8E5
:10F54000F0F7B5FE002040A901F80800791C6846D4
:10F55000F0F7F6FE4FF4807140A8F0F78BFE2CA177
:10F5600040A8F0F7EDFE40A92B48FDF7EBFE05465D
:10F5700045B140A8FDF752FD06461EB140A8FDF773
:10F580004DFD064600BF4FF4807140A8F0F772FEB3
:10F5900040AA22A12046F0F723FF00281EDC6A467D
:10F5A00021A12046F0F71CFF002812DC6A4624A1A6
:10F5B0002046F0F715FF002805DC4FF0FF300DF571
:10F5C000007DBDE8F0816A4620A140A8F9F7FEFC65
:10F5D00004E06A461EA140A8F9F7F8FC0A2240A9F7
:10F5E0001E48FDF7F5FD1E4908700846007860B119
:10F5F0000A2240A91948FDF7EBFD19490870084691
:10F60000007810B14FF0FF30D9E70120D7E70000B4
:10F610002F7570646174650018C500202F736463D2
:10F6200061726425730000002F656D6D632F757026
:10F63000646174655F656D6D632F25730000000064
:10F640002F656D6D632F2573000000002F2573005B
:10F650002F7570646174652F25730000F4C200205B
:10F660005C0E00202DE9F04704460E4617461D4665
:10F67000DDF820904FF00008002020723B46324613
:10F680002221204600F034F830E0207A03281ED1F1
:10F69000A069407832280BD195B1A069811D284618
:10F6A0002269F0F7CEFD002020722069BDE8F087C6
:10F6B000E168A069F0F7DEFD00202072801EF5E70A
:10F6C000E168A069F0F7D6FD00202072EEE708F1AE
:10F6D0000108C84507DDE168A069F0F7CBFD00200F
:10F6E0002072401EE2E70120F3F7A5FBCDE7000002
:10F6F0002DE9FE4F80468B46174699460020009024
:10F700000190029000248246002600254FF4885183
:10F710003448F0F7AFFD98F809008DF800008DF837
:10F7200001B09DF800002F4908709DF80100487055
:10F73000AD1C00BF05E057F82400F0F7CEFD0644ED
:10F74000641C4C45F7DBCDF802602648C0F8026027
:10F750002D1D00208DF8060098F80A008DF807008E
:10F76000012407E09DF806001DF8041048408DF8BC
:10F770000600641C062CF5DB00241DE057F824006D
:10F78000F0F7ABFD06464FF0000A0AE09DF80600D0
:10F7900057F8241011F80A1048408DF806000AF1B5
:10F7A000010AB245F2DB57F824100E4A50193246CE
:10F7B000F0F747FD3544641C4C45DFDB094828441D
:10F7C000BDF806100180AD1C2A460649D8F8240071
:10F7D000FCF7AFFF002803DA4FF0FF30BDE8FE8FE3
:10F7E0000020FBE7009F00202DE9FF4FC1B0064637
:10F7F00017462F213046F0F7CFFD8246BAF1000FB1
:10F8000027D0AAEB060B5A46314601A8F0F74FFD68
:10F81000002001A901F80B004FF4807101A8F0F756
:10F8200029FD39A00088ADF8040001A93748FDF78B
:10F8300089FD8046B8F1000F0AD001A8FDF7EEFB64
:10F840008146B9F1000F03D001A8FDF7E7FB81461F
:10F8500000BF4FF4807101A8F0F70CFD01AA2CA1A4
:10F860003046F0F7BDFD002815DC2CA13046F0F73E
:10F870003BFD20B92FA101A8F0F762FD0BE001AA22
:10F880002FA13046F0F7ACFD002804DC4FF0FF302C
:10F8900045B0BDE8F08F0A2201A92B48FDF798FC7E
:10F8A00004464CB10A2201A92748FDF791FC044601
:10F8B00014B14FF0FF30EBE723484499FDF7D5FA38
:10F8C000224B3A4620484299FDF732FE05461DB9C3
:10F8D0001E480068B84211D01C4B3A461A4842995B
:10F8E000FDF726FE05461DB918480068B84205D048
:10F8F0001548FDF7AFFA6FF00100C9E71248FDF7B0
:10F90000A9FA0120C4E700002F00000018C500205C
:10F910002F73646361726425730000002F656D6D41
:10F92000632F636F6E6669675F656D6D632E7478B4
:10F93000740000002F436F6E6669672E7478740040
:10F940002F656D6D63257300F4C20020580E0020F2
:10F95000F0B50346087800F03F00401E00EB80073A
:10F9600007EBC0020025012600BF1548405D085C7A
:10F97000134F7F5D0F447F7840EA07244EB1FF2A82
:10F9800001D30020F0BD26461046521C23F810403B
:10F9900005E04FF6FF70844201D00020F2E7681CBA
:10F9A00005460D28E1D3087800F0400030B1FF2A69
:10F9B00001D30020E6E7002023F812000120E1E750
:10F9C000C80C020870B5044600BF35480068844280
:10F9D00007D200BF33A3F22236A13CA0F9F7E6FA22
:10F9E00000BF00BF00BF44480068844207D300BF87
:10F9F0002CA3F32241A135A0F9F7D8FA00BF00BF2C
:10FA000000BF207938B100BF26A3F42242A12FA065
:10FA1000F9F7CCFA00BF00BF00BF208842F2107196
:10FA2000884207DD00BF1FA3F72242A127A0F9F7F4
:10FA3000BDFA00BF00BF2088194909684518AC42CB
:10FA400015D0287998B92C48006885420FD04448D1
:10FA50000068A84201D142480460288820801048EC
:10FA60000088201A29880E4A12681144488060884C
:10FA70000B4909684618A64211D0307978B9384840
:10FA80000068A04201D136480660208830800448D2
:10FA90000088301A2188024A12681144488070BDDB
:10FAA0004C0E00204C5749505C7372635C6D656D61
:10FAB0002E630000706C75675F686F6C65733A2029
:10FAC0006D656D203E3D2072616D00004173736570
:10FAD0007274696F6E2022257322206661696C65DD
:10FAE00064206174206C696E6520256420696E2035
:10FAF00025730D0A00000000500E0020706C756721
:10FB00005F686F6C65733A206D656D203C20726193
:10FB10006D5F656E64000000706C75675F686F6C88
:10FB200065733A206D656D2D3E75736564203D3DAE
:10FB300020300000706C75675F686F6C65733A20E9
:10FB40006D656D2D3E6E657874203C3D204D454DB4
:10FB50005F53495A455F414C49474E4544000000B8
:10FB6000540E00202DE9F04705460E461746022E9A
:10FB700002D3A869B04202D84FF002088AE0287880
:10FB8000012804D0022841D003287DD154E0B14699
:10FB900009EB5909286A00EB59212846FEF750FC69
:10FBA0008046B8F1000F00D071E0C9F3080105F1FB
:10FBB00030000C1806F0010020B1F9B2207861F392
:10FBC0001F1000E03846207009F10109012028715A
:10FBD000286A00EB59212846FEF732FC8046B8F12E
:10FBE000000F00D053E0C9F3080105F130000C18F4
:10FBF00006F0010010B1C7F3071005E0207800F00F
:10FC0000F000C7F303210843207040E0286A00EBAE
:10FC100016212846FEF714FC8046B8F1000F00D0EC
:10FC200035E040F2FF1000EA460105F130000C1803
:10FC30002770380A60702AE0286A00EBD61128463F
:10FC4000FEF7FEFB8046B8F1000F00D01FE040F247
:10FC5000FF1000EA860105F130000C18E07800067C
:10FC6000A17840EA0140617840EA01202178084308
:10FC700000F0704007432770380A6070380CA0709D
:10FC8000380EE07003E0FFE74FF0020800BF00BF4E
:10FC9000012028714046BDE8F0872DE9FE4F8246DD
:10FCA0000F4615469846DDF83090BB208DF80000D1
:10FCB0008DF801A005EB0900CDF802000621684689
:10FCC000F1F77EFF002803DA4FF0FF30BDE8FE8F2A
:10FCD00000208DF80600EE208DF80700012607E0D1
:10FCE0009DF806001DF8061048408DF80600761CA9
:10FCF000062EF5DB002406E09DF80600395D48403D
:10FD00008DF80600641CAC42F6D3002407E09DF891
:10FD1000060018F8041048408DF80600641C4C4595
:10FD2000F5D329463846F1F74BFF002802DA4FF0A9
:10FD3000FF30CBE749464046F1F742FF002802DAA0
:10FD40004FF0FF30C2E702210DF10600F1F738FF56
:10FD5000002802DA4FF0FF30B8E70020B6E72DE9BF
:10FD6000FE4381460D4614461E46BB208DF800001A
:10FD70008DF80160012E03D0201DCDF8020002E0B5
:10FD80000420CDF80200ADF80650ADF808400A2175
:10FD90006846F1F715FF002803DA4FF0FF30BDE8A1
:10FDA000FE8300208DF80A00EE208DF80B004FF046
:10FDB000010808E09DF80A001DF8081048408DF879
:10FDC0000A0008F10108B8F10A0FF3DB012E16D082
:10FDD000002708E09DF80A00791919F80110484039
:10FDE0008DF80A007F1CA742F4DB09EB05002146D1
:10FDF000F1F7E6FE002802DA4FF0FF30CFE70221EC
:10FE00000DF10A00F1F7DCFE002802DA4FF0FF30B6
:10FE1000C5E70020C3E72DE9F04104460D46002662
:10FE200000276069F4F76AF98046F5F789F960619F
:10FE3000B8F1320F04D92078032801D000202070B7
:10FE4000207840B96078A84244D101202070A08178
:10FE5000206905703EE02078012817D1A18920692A
:10FE60004554A089401CA081A089062832DB206966
:10FE7000D0F80200A060D4E901010A38814202D919
:10FE80000020207026E00220207023E02078022845
:10FE900020D1A18920694554A089401CA081A18955
:10FEA000A068C01D814215D30027012603E0206908
:10FEB000805D4740761CA068801DB042F7D8A068DE
:10FEC000801D2169085CB84202D10320207001E046
:10FED000002020702078BDE8F08170B504460CB198
:10FEE000207800B970BD254626460BE0F0F79CF956
:10FEF00000683178405C00F0010010B9307805F8F6
:10FF0000010B761C30780028F0D1287000BFE9E79B
:10FF10002DE9F04104460E46022E02D3A069B042FC
:10FF200001D8022725E000271FE031462046FDF7D3
:10FF30009BFD054605B91BE0012D01D1022717E005
:10FF4000681C08B9012713E0002231462046FFF75C
:10FF500009FE074607B10BE02069401C20B120696B
:10FF6000401C2061012060712E46A069B042DCD89F
:10FF700000BF3846BDE8F08130B585B00446114871
:10FF8000406A18B110480078012803D14FF0FF30C3
:10FF900005B030BD00200390049022460BA103A8B9
:10FFA000F9F714F80A4903C9CDE9010103A8029041
:10FFB0004FF4FA600023022201A900900148FFF7E4
:10FFC00051FBE5E74C9E0020487C002025640000A2
:10FFD000180A020870B58AB004460D461648406AF1
:10FFE00018B116480078012803D14FF0FF300AB04D
:10FFF00070BD0020069007900890099025B910A1C7
:020000040802F0
:1000000006A8F0F79DF905E0012D03D110A106A87F
:10001000F0F796F9114B0FCB02AE0FC606A803906E
:1000200005944FF4FA602346042202A90090024886
:10003000FFF718FBDBE700004C9E0020487C002007
:100040006D6573736167654469616C6F670000007B
:10005000696E7075744469616C6F6700B00802085E
:100060002DE9F04FA9B004460D4616461F46DDE9BE
:1000700034ABDDE932891648406A18B1154800787A
:10008000012804D14FF0FF3029B0BDE8F08F802166
:1000900009A8F0F7EFF82B4622460FA109A88DE832
:1000A000C003F8F793FF1422114904A8F0F7C9F828
:1000B00009A80590CDF818A0CDF820B04FF4FA604B
:1000C0000023052204A900900148FFF7CBFADBE7E3
:1000D0004C9E0020487C002025642C256424256447
:1000E0002425642423253036582425642400000068
:1000F0008C0802082DE9F04704460E469146F001AF
:10010000A0F500774FF000080125E1B22A0AC020CF
:10011000F4F714F92A46601CC1B2C020F4F70EF9B6
:10012000C7F3014040EA0900042E01D10C2300E08E
:10013000002340EA0302A01CC1B2C020F4F7FEF87D
:10014000E01CC1B2C7F30722C020F4F7F7F8FAB2F7
:10015000201DC1B2C020F4F7F1F805F47020C8F3F7
:10016000034343EA1032601DC1B2C020F4F7E6F841
:10017000A01DC1B2C8F30722C020F4F7DFF808F0D1
:10018000FF02E01DC1B2C020F4F7D8F8BDE8F08747
:100190002DE9F04704468A4616461D4600EE106AD1
:1001A000F8EE400A00EE105AB8EE401A80EE810ACE
:1001B000DFED2F0A20EE200ABCEEC00A10EE107A06
:1001C000802000FB0A70A0F5007700EE106AF8EEC0
:1001D000400A00EE105AB8EE400A80EE801A9FEDF9
:1001E000240A21EE000ABCEEC00A10EE108AF001CB
:1001F00005FB1808A946E1B2C9F30722C020F4F7AD
:100200009DF809F0FF02601CC1B2C020F4F796F817
:10021000A01CC1B2C7F30142C020F4F78FF8E01C64
:10022000C1B2C7F30722C020F4F788F8FAB2201D44
:10023000C1B2C020F4F782F809F47020C8F3034378
:1002400043EA1032601DC1B2C020F4F777F8A01D58
:10025000C1B2C8F30722C020F4F770F808F0FF021B
:10026000E01DC1B2C020F4F769F8BDE8F0870000D6
:100270000000004338B56A46B721C020F4F72CF8D7
:100280000446002C02DA4FF0FF3038BD9DF8000024
:1002900000F0C000C02802D04FF0FF30F5E7012089
:1002A000F3E700002DE9F05F2DED028B0446274DAA
:1002B0002748B0FBF4F707F0010000B17F1E07FBF1
:1002C00004F82448844202D904274FEA8408224EC5
:1002D000B8FBF5F000F0FF0BB8FBF5F005FB10895B
:1002E00000EE109AB8EE400AB0EE408A3046002187
:1002F000F0F73DFB00EE100A20EE080AB0EE408A4F
:1003000000EE105AB8EE400AC8EE000AB0EE608A5D
:10031000BCEEC80A10EE10AA3346524659461A20BF
:10032000FFF736FF002239462A20FFF7E3FEA0221E
:10033000B121C020F4F702F84F221021C020F3F7BA
:10034000FDFFBDEC028BBDE8F09F000040787D0111
:1003500000E9A43580D1F008FFFF0F002DE9F05F20
:100360002DED028B0646224C2248B0FBF6F505F037
:10037000010000B16D1E05FB06F7B7FBF4F000F0BD
:10038000FF0AB7FBF4F004FB107800EE108AB8EE19
:10039000400AB0EE408A9FED180A28EE000AB0EE3F
:1003A000408A00EE104AB8EE400AC8EE000AB0EEED
:1003B000608ABCEEC80A10EE109ADFF840B05B46C7
:1003C0004A4651462220FFF7E3FE0022294632200A
:1003D000FFF790FEA022B121C020F3F7AFFF6F22FC
:1003E0001121C020F3F7AAFFBDEC028BBDE8F09FFE
:1003F00040787D0100E9A435F0FF7F49FFFF0F0041
:1004000002465162506A42600148C860012070474C
:10041000890402082DE9F05F04460D461746984608
:10042000DDE90BABDDF8289034212046EFF722FF01
:1004300005F00306C6F10600C11700EB91718910A3
:10044000A0EB8106A819A06184F8098084F80A90BD
:10045000B81BE060002020726061E0612061C4F898
:1004600020A0C4F82CB0BDE8F09F70B506460C463D
:10047000F06A80470546A54203D2C4F1FF30054427
:1004800000E02D1B284670BD2DE9F04104460D46C5
:100490001646676832462946384600F071F8BDE8CE
:1004A000F0812DE9F04104460D4600260027204644
:1004B000E169FFF7DAFF8046E06A8047E061B8F162
:1004C000320F04D9207A032801D000202072207A2C
:1004D00040B9607AA84250D1012020726061A069C1
:1004E00005704AE0207A012817D1D4E90510455457
:1004F0006069401C6061606906283ED3A069D0F83D
:1005000002002061D4E903010A38814202D90020A7
:10051000207232E0022020722FE0207A02282CD1B3
:10052000D4E9051045546069401C6061D4E90401B8
:100530000830814221D30027012603E0A069805DB5
:100540004740761C2069801DB042F7D82069801D85
:10055000A169085CB8420ED12069C01DA169085C80
:10056000A17A884207D103202072A06A28B12046D0
:10057000A16A884701E000202072207ABDE8F0815E
:100580002DE9F04180460D461646002405E0295D20
:100590004046FFF786FF0746641CB442F7DB384647
:1005A000BDE8F08100B52DED048B83B041EC190B53
:1005B000F1F77DF841EC180B18EE100A18EE901ABE
:1005C0008DED008B002818BF0120084320F000406B
:1005D000C0F17F6000F1E040C00F14D019EE101A96
:1005E00019EE900A8DED009B002918BF01210843E8
:1005F00020F00040C0F17F6000F1E040C00F04BF78
:100600000120F9F719FE51EC180B03B0BDEC048B77
:1006100000BD30B5014600200B2200BF431003EBA4
:10062000C01411F8015B6319D8B2531E1A1EF5D11C
:1006300030BD70B5044600212046FDF701FF054698
:10064000002D59D1207803284FD1607900284CD053
:100650000020E0624FF40072002104F13000FDF749
:1006600029FE552184F82E12AA2184F82F12522037
:1006700084F830005221312001556121322001558A
:10068000412133200155722184F8141284F8151287
:10069000412184F81612612184F81712217C84F814
:1006A0001812208A010A84F819122069010C84F8B2
:1006B0001A122069010E84F81B12217B84F81C1287
:1006C000A089010A84F81D12E068010C84F81E124A
:1006D000E068010E84F81F126078012304F13001F4
:1006E0006269FCF714FB00206071607800221146FB
:1006F000FCF7CFFA00B10125284670BD10B50346BE
:100700000BE000BF0748008800F040000028F9D047
:100710000878044CA080521E491C002AF1DC0020FD
:1007200010BD00000010014010B517480068F3F735
:10073000E5FCB0F52F7F23D914480068002804DBBE
:10074000FEF792FD1149086016E0FEF78DFD0F4996
:1007500008600846006800280BDB00210C4A117075
:100760000846F4F7D1FC0BA0F4F792FCF8F7FCF87C
:1007700002E00DA0F4F78CFCF4F7E2FC02490860FB
:100780000248006810BD0000300D0020280D002038
:100790002C0D0020706375695F696E6974202D2DC2
:1007A0002D3E204F4B0D0A00706375695F696E69BD
:1007B00074202D2D2D3E204E470D0A0070B50446A5
:1007C0000D4624B1207810B1E088A84201D009205C
:1007D00070BD6078FCF798FA00F0010008B10320C2
:1007E000F6E70020F4E70000D01302080000000044
:1007F00000000000F417020800000000498D0020EE
:1008000000010000020300000405000006070000CC
:10081000080900000A0B0000AAAA0000AAAA00000A
:10082000AAAA0000AAAA0000AAAA0000AAAA000078
:100830005555000055550000555500005555000010
:100840005555000055550000E8160208000000004C
:10085000498D002040140208000000000000000044
:100860002017020800000000498D00200C17020824
:10087000000000008016020800000000781702083F
:1008800000000000F417020800000000D013020866
:100890000000000000000000F41702080000000043
:1008A000881702080000000054140208000000002D
:1008B0006416020800000000F4170208000000009F
:1008C00054170208498D002054170208498D002052
:1008D00054170208498D0020A8140208498D0020F1
:1008E000BC150208498D0020000000000000000037
:1008F000D4150208498D002000000000000000000F
:100900006817020800000000F41702080000000049
:10091000498D002000000000000000006817020858
:1009200000000000F417020800000000498D0020BC
:10093000000000000000000000000000BC140208DD
:1009400000000000F417020800000000498D00209C
:100950000000000000000000BC14020800000000BD
:10096000F417020800000000498D0020000000007C
:1009700000000000000000009C160208498D0020C5
:100980009C160208498D002098140208498D002009
:1009900098140208498D00206C160208000000001F
:1009A00000000000A4170208000000000000000082
:1009B00000000000F417020800000000681402089C
:1009C000000000000000000000000000F417020812
:1009D0000000000090160208000000003014020819
:1009E0000000000000000000E817020800000000FE
:1009F000B81702080000000000000000F417020809
:100A000000000000D817020800000000C817020804
:100A100000000000541802083C1502080000000005
:100A2000F018020834170208000000000C15020834
:100A300000000000F4170208000000000015020882
:100A400000000000F417020800000000E014020893
:100A500000000000F417020800000000D014020893
:100A600000000000F417020800000000F81402085B
:100A700000000000EC140208000000001415020839
:100A80000000000000000000F01502080000000057
:100A900000000000341802083C1802084C18020834
:100AA0003C180208F816020800000000F4170208BB
:100AB000498D00201C14020800000000F4170208F1
:100AC000498D0020941802088015020800000000DB
:100AD000F4170208498D0020E81302080000000006
:100AE000F4170208498D00209418020854160208D1
:100AF00000000000F4170208498D0020F4130208DA
:100B000000000000F4170208498D00209418020824
:100B10004817020800000000F41702080000000057
:100B20004C15020800000000F41702080000000045
:100B3000F4170208498D0020C416020800000000C6
:100B4000F4170208498D0020041402080000000078
:100B5000F4170208498D002094180208D8160208DC
:100B6000498D002068150208000000005C1502088D
:100B700000000000000000008C15020800000000CA
:100B8000F417020800000000AC1502080000000085
:100B9000F4170208000000007415020800000000AD
:100BA0009C15020800000000F41702080000000075
:100BB0002015020800000000F417020800000000E1
:100BC000F4170208000000001816020800000000D8
:100BD000F417020800000000F417020800000000EB
:100BE0008014020800000000F41702080000000052
:100BF000AC16020800000000FC150208000000000E
:100C000040160208498D00209C1802082816020888
:100C100000000000F817020800000000F4170208A6
:100C2000000000000C16020800000000E418020892
:100C3000FC18020880180208A8180208BC1802084C
:100C40002C18020834160208000000000000000002
:100C50009817020800000000981702080000000022
:100C6000BC16020800000000F41702080000000093
:100C70003015020800000000F41702080000000010
:100C8000D818020870180208481602080000000070
:100C9000901402080000000064180208498D00202A
:100CA00078180208498D002024180208498D002078
:100CB000C8180208498D0020FC1702081018020805
:100CC000FC1702081018020801030507090E10128C
:100CD0001416181C1E809A90418E418F8045454500
:100CE0004949498E8F9092924F994F555559999AEB
:100CF0009B9C9D9E9F41494F55A5A5A6A7A8A9AA23
:100D0000ABAC21AEAFB0B1B2B3B4B5B6B7B8B9BA47
:100D1000BBBCBDBEBFC0C1C2C3C4C5C6C7C8C9CAAB
:100D2000CBCCCDCECFD0D1D2D3D4D5D6D7D8D9DA9B
:100D3000DBDCDDDEDFE0E1E2E3E4E5E6E7E8E9EA8B
:100D4000EBECEDEEEFF0F1F2F3F4F5F6F7F8F9FA7B
:100D5000FBFCFDFEFF000000000000003200000070
:100D60006400000096000000C8000000FA000000C7
:100D70002C0100005D01000090010000C201000094
:100D8000F401000026020000580200008B0200005F
:100D9000BC020000EE02000020030000520300002D
:100DA00084030000B6030000E8030000E80300002D
:100DB000E8030000E8030000E8030000C700FC00AF
:100DC000E900E200E400E000E500E700EA00EB00F3
:100DD000E800EF00EE00EC00C400C500C900E6002A
:100DE000C600F400F600F200FB00F900FF00D60098
:100DF000DC00A200A300A500A7209201E100ED0005
:100E0000F300FA00F100D100AA00BA00BF001023DD
:100E1000AC00BD00BC00A100AB00BB009125922539
:100E20009325022524256125622556255525632510
:100E3000512557255D255C255B2510251425342576
:100E40002C251C2500253C255E255F255A2554258B
:100E500069256625602550256C256725682564254C
:100E6000652559255825522553256B256A251825B2
:100E70000C25882584258C2590258025B103DF004D
:100E80009303C003A303C303B500C403A6039803DD
:100E9000A903B4031E22C603B50329226122B100AF
:100EA0006522642220232123F7004822B000192262
:100EB000B7001A227F20B200A025A00061006200C6
:100EC00063006400650066006700680069006A00EE
:100ED0006B006C006D006E006F007000710072009E
:100EE00073007400750076007700780079007A004E
:100EF000A100A200A300A500AC00AF00E000E1004B
:100F0000E200E300E400E500E600E700E800E900B5
:100F1000EA00EB00EC00ED00EE00EF00F000F10065
:100F2000F200F300F400F500F600F800F900FA0012
:100F3000FB00FC00FD00FE00FF00010103010501B4
:100F4000070109010B010D010F0111011301150129
:100F5000170119011B011D011F0121012301250199
:100F6000270129012B012D012F0131013301350109
:100F700037013A013C013E01400142014401460172
:100F800048014B014D014F015101530155015701DA
:100F900059015B015D015F01610163016501670149
:100FA00069016B016D016F017101730175017701B9
:100FB0007A017C017E019201B103B203B303B40351
:100FC000B503B603B703B803B903BA03BB03BC0345
:100FD000BD03BE03BF03C003C103C303C403C503F2
:100FE000C603C703C803C903CA033004310432046B
:100FF00033043404350436043704380439043A041D
:101000003B043C043D043E043F04400441044204CC
:1010100043044404450446044704480449044A047C
:101020004B044C044D044E044F0451045204530429
:101030005404550456045704580459045A045B04D4
:101040005C045E045F04702171217221732174219C
:10105000752176217721782179217A217B217C21C4
:101060007D217E217F2141FF42FF43FF44FF45FF59
:1010700046FF47FF48FF49FF4AFF4BFF4CFF4DFF2C
:101080004EFF4FFF50FF51FF52FF53FF54FF55FFDC
:1010900056FF57FF58FF59FF5AFF0000410042001A
:1010A00043004400450046004700480049004A000C
:1010B0004B004C004D004E004F00500051005200BC
:1010C00053005400550056005700580059005A006C
:1010D0002100E0FFE1FFE5FFE2FFE3FFC000C10008
:1010E000C200C300C400C500C600C700C800C900D4
:1010F000CA00CB00CC00CD00CE00CF00D000D10084
:10110000D200D300D400D500D600D800D900DA0030
:10111000DB00DC00DD00DE007801000102010401DB
:10112000060108010A010C010E011001120114014F
:10113000160118011A011C011E01200122012401BF
:10114000260128012A012C012E013001320134012F
:10115000360139013B013D013F0141014301450198
:1011600047014A014C014E01500152015401560100
:1011700058015A015C015E0160016201640166016F
:1011800068016A016C016E017001720174017601DF
:1011900079017B017D0191019103920393039403F3
:1011A000950396039703980399039A039B039C0363
:1011B0009D039E039F03A003A103A303A403A50310
:1011C000A603A703A803A903AA0310041104120489
:1011D00013041404150416041704180419041A043B
:1011E0001B041C041D041E041F04200421042204EB
:1011F00023042404250426042704280429042A049B
:101200002B042C042D042E042F04010402040304D7
:101210000404050406040704080409040A040B0472
:101220000C040E040F0460216121622163216421FA
:10123000652166216721682169216A216B216C2162
:101240006D216E216F2121FF22FF23FF24FF25FF47
:1012500026FF27FF28FF29FF2AFF2BFF2CFF2DFF4A
:101260002EFF2FFF30FF31FF32FF33FF34FF35FFFA
:1012700036FF37FF38FF39FF3AFF0000000000005B
:1012800004FA97999999D93FAF788E1DC571CC3FD3
:101290009FC678D0099AC33F935555555555E53F9C
:1012A000599322942449D23FDE03CB966446C73F2C
:1012B00044523EDF12F1C23F000000000000F03F48
:1012C000000000000000F83F0000000000000000E7
:1012D0000000004003B8E23F0000000000000000F2
:1012E00006D0CF43EBFD4C3E033333333333E33F80
:1012F000FFAB6FDBB66DDB3F4D268F515555D53FAC
:1013000001411DA96074D13F65DBC9934A86CD3F79
:10131000EF4E454A287ECA3F3E5555555555C53F67
:1013200093BDBE166CC166BF2CDE25AF6A56113F59
:10133000F16BD2C541BDBBBED0A4BE726937663E5B
:1013400000404040404040404040414141414140D8
:10135000404040404040404040404040404040408D
:10136000400502020202020202020202020202021C
:101370000220202020202020202020020202020221
:101380000202909090909090101010101010101079
:101390001010101010101010101010100202020285
:1013A00002028888888888880808080808080808C9
:1013B00008080808080808080808080802020202C5
:1013C000400000004113020800000000000000007F
:1013D0006372656174654C696E65456469745061DA
:1013E0006765342400000000777269746546696C93
:1013F00065322400777269746546696C654C6F6765
:101400003224000077726974654D756C7469667575
:101410006E6374696F6E3224000000007772697425
:101420006546696C65486561646572322400000038
:1014300063726561746545776D506167653424003A
:10144000637265617465427574746F6E506167652F
:10145000342400006765744C696E65456469745096
:101460006167653424000000736574426C6F636BC0
:10147000436F6E74656E74506167653424000000BC
:10148000557365457863656C564241240000000041
:101490004E564D24000000007365745461626C6503
:1014A0005370616E4E24000063726561746554610F
:1014B000626C655769646765744E24007365745483
:1014C00061626C655769646765744E2400000000B2
:1014D0006D61696E5F617070656E644B56240000CB
:1014E000617070656E644B56240000006D61696E1A
:1014F0005F6765744B5624006765744B5624000083
:101500006D61696E5F7365744B5624007365744B2F
:1015100056240000726561644B5644617461240076
:10152000557365457863656C5265616424000000FD
:1015300066747055706C6F616424000073656C652F
:10154000637453686F7750616765240077726974BC
:1015500065506174685F46696C65240072656164FA
:1015600046696C65240000006C6F616446696C65B7
:101570002400000044656C65746546696C65240050
:10158000777269746546696C65240000436F7079F1
:101590004D6F766546696C652400000047657446AA
:1015A000696C654E616D6524000000004D6F6469D3
:1015B000667946696C654E616D6524007365745685
:1015C0006572746963616C4865616465724E616DD2
:1015D00065240000736574486F72697A6F6E746178
:1015E0006C4865616465724E616D652400000000A1
:1015F000726561644B564C696E6524005573654590
:101600007863656C436C6F73652400006765744490
:101610006174652400000000557365457863656C4E
:10162000577269746524000057696E646F774D6F57
:101630007665240073686F774375727665240000C1
:101640007072696E74662400456E636F64696E67BC
:1016500024000000777269746546696C654C6F6799
:10166000240000006469616C6F6724006372656127
:1016700074436F6C6F72426C6F636B2400000000E8
:101680006372656174654C6162656C2400000000E2
:1016900063726561746545776D24000073657454E9
:1016A00061626C655370616E24000000557365457E
:1016B0007863656C4F70656E240000007079746803
:1016C0006F6E240077726974654D756C7469667508
:1016D0006E6374696F6E24004D756C746966756E07
:1016E0006374696F6E24000063726561746542758E
:1016F00074746F6E24000000777269746546696CBB
:101700006548656164657224000000006765744285
:101710007574746F6E4267636F6C6F7224000000A3
:10172000736574427574746F6E4267636F6C6F7229
:10173000240000006C6F636174696F6E45776D43C0
:101740007572736F7224000052756E5F626174244B
:10175000000000006372656174655461626C6557D6
:1017600069646765742400007365745461626C6514
:1017700057696467657424006372656174654C69B8
:101780006E654564697424006765744C696E6545CF
:101790006469742400000000676574526573756C99
:1017A00074240000736574426C6F636B436F6E74D6
:1017B000656E742400000000616464436F6D626FA5
:1017C000426F782400000000636C656172436F6DA6
:1017D000626F426F78240000676574436F6D626FBB
:1017E000426F782400000000637265617465457380
:1017F00070426F78240000002C0000005570646176
:10180000746546696C655374617465243100000029
:1018100055706461746546696C65537461746524C0
:101820002D3100007067434D44000000676574501F
:1018300043495000736176654B5600006D61696ED7
:101840005F636C6561724B5600000000636C6561FC
:10185000724B5600636C656172466F7572506167BA
:10186000650000005377697463685F7061676500A5
:101870004C6F676E616D65007067537461746500CD
:10188000426172436F6465436865636B526F757440
:10189000650000002474727565000000636C65616A
:1018A000725072696E746600426172436F64655073
:1018B00061737353746174696F6E0000476574538C
:1018C000746174696F6E000050475F696E73747263
:1018D000756374696F6E000068656172746265613A
:1018E000740000004175746F436F6E6E6563740021
:1018F000636C6561725769646765740072656164E1
:101900004D6561737572656D656E74002C19020802
:1019100000000020800E000068170108601E020809
:10192000800E002040C7000028A201080156301494
:1019300061046A04F40459045A04E40449044A049E
:10194000D404013904F502030405691C01314C0279
:10195000FE40084BD833084BD911086ADA204A20D8
:10196000084A1A7379304B0150084B0255084B59FD
:1019700002084B5A09084B5B04084B5C08085A7074
:10198000205A71205A72205A732069584B5D2408DE
:101990005A60184A61D74C02625F085A69484B0C7A
:1019A000D7085B0DF0404AE008115A14A059384995
:1019B0002F115B0204385A06E0495F115B020930BF
:1019C0005A0A305A0B185A0C305A0E305A0F185AFD
:1019D00010304B1110084B218F085A2D085A32082D
:1019E0005A24504B2641084B221A084B2315085AFB
:1019F000302069F84B5743084B5833085A6E105A39
:101A00006F105A74105A751069384B12FE084A1339
:101A1000D14C02C95D084B9638085A97C84BA5FFB0
:101A2000085AAA185AAB285A98D85AA7185AA91867
:101A30004BFE80084B6611084B6717085B68042053
:101A40004A70085A9B405A9CD05A9D884B9E190850
:101A50005A9F085AA0085AA2085AA3085AA4085A1A
:101A6000A5085BA60E905A0D905A0CB859205AAB97
:101A7000085AAC085AAD085AAE085AAF085AB0080E
:101A80005AB1085AB2085AB3085AB4085AB5084BA2
:101A9000B602084BB703084BB809085AB9205ABA1E
:101AA000085ABB085ABC084BBDF9085ABE105ABFA9
:101AB000084BC00F084BC130084BC211085AC32055
:101AC0005AC4085AC5085AC6085AC7085AC8084B03
:101AD000FE40084B4C21085B53F01859084B7236F6
:101AE000084B7363084B7414084B7541084B7625FB
:101AF000084B7752085A78305A79305A7A305A7BE4
:101B0000305A7C305A7D305A7E205A7F205A80408D
:101B10005A81405A82305A83305A84305A85305A1A
:101B200086305A87305A88305A89304BFE700811F7
:101B30004AC00862014C020202084A03114C020426
:101B400008085A05104B060C085A07105A08205A64
:101B500009485A0A485A0B485A0C285A0D285A0E56
:101B6000185A0F485A10205A11205A12485A131066
:101B70005A14305A15585A16085A17384B1817085D
:101B80005A19085A1A385A1B485A1C105A1D485AD2
:101B90001E405A1F085A20085A21405A22085A2328
:101BA000384B4C80085A4D285A4E785A4F105A508C
:101BB000104B5193084A52A14C0253C6085A54285C
:101BC0004B5503085A56305A58085A59684B6558AD
:101BD000084B6612085A67384BFEF008DAA3104B20
:101BE000A922085AAA085AAB085AAC085AAD085A92
:101BF000AE084BFE70084B7605085A77505A78109D
:101C000069205A68105A69085A6A085A6B085A6C4F
:101C100008DA6D385A93105A9458DA96205ADB1025
:101C20005ADC085ADD085ADE085ADF085AE0085A1A
:101C3000E7B85AE8085AE9085AEA085AEB08DAEC11
:101C4000E04BD1F0084BD2FF085AD3105AD4104BB6
:101C5000D5A0084BD6AA085AD7205AD8204BFE4008
:101C6000084B4D2A085A4ED05A4F085A50084B512B
:101C7000F3084B5223085A6B104B6C13085A8F50C1
:101C80005A90084B913F084B072108CB358170CB08
:101C9000A210105A33105B34C11849795B02A92095
:101CA0004BAA90085BAB0120DA6020DA68200A1D9D
:101CB00030404A70084B9874084BC902085ACA0849
:101CC0005ACB085ACC085ACD084BCE82085ACF10AE
:101CD0005BD042504AE0084B1943085A1E084B1C7F
:101CE000410862184C021B0C084B1A9A084B1DDA6B
:101CF000084B2858084B0504085A0D085AFEC04BDB
:101D000054AC084B55A0085B48AA2059D8CB3108E1
:101D1000105A15705AA4285AA5085AA6185AA7107E
:101D20005AA9084BAA80084BAB61084BACFF085A74
:101D3000AD305AAEB869604B4E03085A51204B5231
:101D400007085A53105B5410B059985A56185A57EE
:101D50000849EF115B0259085A5A085A5B385A5C15
:101D6000384B5DC7084B5E40085A5F285A60085AD6
:101D700061B85A62385A63185A64085A65085A6634
:101D8000085A67085A68505A69685A6A185A6BC8DC
:101D90005A6C105A6D285A6E104B6FD0084B704415
:101DA000085A71185A72085A73085A74584B7504B5
:101DB000085A76A05A77105A78285A79085A7A0819
:101DC0005A7B085A7C605A7D385A7E185A7FA0493F
:101DD000F7115B0281685A82105A83385A84685A14
:101DE00085185A86085A87084A88095B0289105A5A
:101DF0008A685A8B105A8C085A8D085A8E085A8F46
:101E0000085A90785A91385A92184B93C7084B94B5
:101E100040085A95185A96085A97385A98385A9935
:101E2000185A9A085A9B085A9C085A9D084B9E4873
:101E3000085A9F105AA00843A20722BC82201AFF0A
:101E40000191847A030A680901020304060708095C
:101E50000CA91001BC29F0022301023F020000007E
:040000050801018964
:00000001FF
